,rank,name,birth,team,year,gp,cg,sho,gs,win,loss,save,hold,inning,runs,earned_run,batter_faced,hits,base2,base3,home_run,walk,intentional_walk,hb,so,balk,wild,ERA,FIP,WHIP,ERAplus,FIPplus,WAR,WPA
0,1.0,알칸타라,1992-12-04,Doosan Bears,2020,31.0,1.0,0.0,31.0,20.0,2.0,0.0,0.0,198.2,58.0,56.0,795.0,174.0,38.0,3.0,12.0,30.0,0.0,9.0,182.0,1.0,3.0,2.54,3.1,1.03,182.6,149.7,8.31,4.35
1,2.0,양현종,1988-03-01,Kia Tigers,2015,32.0,1.0,1.0,31.0,15.0,6.0,0.0,1.0,184.1,52.0,50.0,756.0,150.0,27.0,2.0,18.0,78.0,0.0,7.0,157.0,0.0,6.0,2.44,4.57,1.24,202.1,108.5,8.14,3.94
2,3.0,스트레일리,1988-12-01,Lotte Giants,2020,31.0,0.0,0.0,31.0,15.0,4.0,0.0,0.0,194.2,61.0,54.0,777.0,148.0,27.0,2.0,10.0,51.0,0.0,7.0,205.0,0.0,4.0,2.5,3.01,1.02,195.1,159.0,7.53,3.84
3,4.0,양현종,1988-03-01,Kia Tigers,2019,29.0,2.0,2.0,29.0,16.0,8.0,0.0,0.0,184.2,56.0,47.0,731.0,165.0,32.0,1.0,6.0,33.0,0.0,2.0,163.0,0.0,1.0,2.29,2.63,1.07,183.1,160.3,7.35,3.81
4,5.0,브룩스,1990-04-27,Kia Tigers,2020,23.0,1.0,1.0,23.0,11.0,4.0,0.0,0.0,151.1,43.0,42.0,586.0,131.0,18.0,0.0,4.0,24.0,0.0,3.0,130.0,1.0,3.0,2.5,2.72,1.02,192.2,177.8,7.16,3.39
5,6.0,린드블럼,1987-06-15,Doosan Bears,2019,30.0,0.0,0.0,30.0,20.0,3.0,0.0,0.0,194.2,57.0,54.0,773.0,165.0,22.0,3.0,13.0,29.0,0.0,6.0,189.0,0.0,7.0,2.5,2.87,1.0,164.4,141.5,6.86,4.44
6,7.0,린드블럼,1987-06-15,Doosan Bears,2018,26.0,0.0,0.0,26.0,15.0,4.0,0.0,0.0,168.2,56.0,54.0,681.0,142.0,33.0,2.0,16.0,38.0,0.0,8.0,157.0,0.0,10.0,2.88,4.02,1.07,175.4,125.2,6.81,2.06
7,8.0,헥터,1987-01-26,Kia Tigers,2016,31.0,3.0,1.0,31.0,15.0,5.0,0.0,0.0,206.2,88.0,78.0,868.0,211.0,34.0,3.0,7.0,51.0,0.0,6.0,139.0,0.0,7.0,3.4,3.72,1.27,152.5,140.6,6.64,1.87
8,9.0,린드블럼,1987-06-15,Lotte Giants,2015,32.0,2.0,1.0,32.0,13.0,11.0,0.0,0.0,210.0,86.0,83.0,861.0,196.0,32.0,3.0,28.0,52.0,0.0,12.0,180.0,0.0,12.0,3.56,4.55,1.18,141.7,108.6,6.48,1.95
9,10.0,김광현,1988-07-22,SSG Landers,2019,31.0,0.0,0.0,30.0,17.0,6.0,0.0,0.0,190.1,64.0,53.0,786.0,198.0,17.0,0.0,13.0,38.0,1.0,2.0,180.0,0.0,8.0,2.51,3.01,1.24,169.8,142.2,6.39,3.28
10,11.0,윌슨,1989-09-25,LG Twins,2018,26.0,1.0,1.0,26.0,9.0,4.0,0.0,0.0,170.0,63.0,58.0,689.0,158.0,23.0,3.0,11.0,35.0,1.0,6.0,149.0,1.0,10.0,3.07,3.63,1.14,164.3,139.4,6.31,2.72
11,12.0,니퍼트,1981-05-06,Doosan Bears,2016,28.0,1.0,1.0,27.0,22.0,3.0,0.0,0.0,167.2,61.0,55.0,701.0,151.0,19.0,3.0,15.0,57.0,0.0,9.0,142.0,0.0,8.0,2.95,4.44,1.24,173.1,113.2,5.97,2.69
12,13.0,켈리,1988-10-14,SSG Landers,2016,31.0,0.0,0.0,31.0,9.0,8.0,0.0,0.0,200.1,91.0,82.0,846.0,205.0,35.0,3.0,15.0,60.0,0.0,7.0,152.0,2.0,8.0,3.68,4.25,1.32,141.7,122.9,5.95,1.32
13,14.0,산체스,1989-11-28,SSG Landers,2019,28.0,0.0,0.0,28.0,17.0,5.0,0.0,0.0,165.0,51.0,48.0,671.0,151.0,18.0,2.0,2.0,42.0,0.0,2.0,148.0,2.0,11.0,2.62,2.57,1.17,162.5,163.8,5.93,3.64
14,15.0,헥터,1987-01-26,Kia Tigers,2017,30.0,1.0,0.0,30.0,20.0,5.0,0.0,0.0,201.2,83.0,78.0,854.0,221.0,36.0,4.0,21.0,45.0,1.0,5.0,149.0,0.0,7.0,3.48,4.34,1.32,142.7,115.0,5.8,1.34
15,16.0,브리검,1988-02-10,Nexen Heroes,2018,31.0,2.0,1.0,30.0,11.0,7.0,0.0,1.0,199.0,89.0,85.0,829.0,188.0,28.0,3.0,19.0,50.0,0.0,19.0,175.0,0.0,4.0,3.84,4.36,1.2,134.1,117.4,5.78,0.2
16,17.0,양현종,1988-03-01,Kia Tigers,2016,31.0,3.0,0.0,31.0,10.0,12.0,0.0,0.0,200.1,96.0,82.0,850.0,191.0,31.0,2.0,19.0,77.0,0.0,2.0,146.0,2.0,6.0,3.68,4.75,1.34,140.6,109.9,5.69,0.23
17,18.0,장원준,1985-07-31,Doosan Bears,2016,27.0,0.0,0.0,27.0,15.0,6.0,0.0,0.0,168.0,66.0,62.0,727.0,161.0,23.0,6.0,14.0,76.0,0.0,9.0,137.0,0.0,8.0,3.32,4.76,1.41,153.9,105.9,5.67,1.29
18,19.0,해커,1983-03-26,NC Dinos,2015,31.0,1.0,0.0,31.0,19.0,5.0,0.0,0.0,204.0,81.0,71.0,833.0,174.0,34.0,0.0,14.0,36.0,1.0,25.0,164.0,0.0,6.0,3.13,3.78,1.03,152.9,129.0,5.64,3.14
19,20.0,루친스키,1988-12-30,NC Dinos,2020,30.0,0.0,0.0,30.0,19.0,5.0,0.0,0.0,183.0,67.0,62.0,770.0,173.0,12.0,3.0,14.0,57.0,0.0,11.0,167.0,0.0,11.0,3.05,3.84,1.26,160.2,125.8,5.59,3.04
20,21.0,요키시,1989-07-29,Kiwoom Heroes,2020,27.0,0.0,0.0,27.0,12.0,7.0,0.0,0.0,159.2,53.0,38.0,640.0,144.0,26.0,3.0,6.0,25.0,0.0,6.0,115.0,1.0,3.0,2.14,3.19,1.06,220.3,147.3,5.53,3.2
21,22.0,장원준,1985-07-31,Doosan Bears,2017,29.0,1.0,1.0,29.0,14.0,9.0,0.0,0.0,180.1,70.0,63.0,760.0,172.0,26.0,2.0,12.0,51.0,2.0,14.0,125.0,0.0,3.0,3.14,4.26,1.24,153.1,114.0,5.41,1.41
22,23.0,김광현,1988-07-22,SSG Landers,2018,25.0,0.0,0.0,25.0,11.0,8.0,0.0,0.0,136.0,48.0,45.0,554.0,125.0,16.0,2.0,16.0,30.0,0.0,2.0,130.0,0.0,3.0,2.98,4.16,1.14,176.5,127.4,5.26,1.91
23,24.0,피어밴드,1985-08-22,KT Wiz,2017,26.0,1.0,1.0,26.0,8.0,10.0,0.0,0.0,160.0,67.0,54.0,657.0,153.0,19.0,4.0,20.0,31.0,0.0,7.0,132.0,0.0,4.0,3.04,4.42,1.15,166.9,112.8,5.26,1.0
24,25.0,양현종,1988-03-01,Kia Tigers,2018,29.0,3.0,0.0,29.0,13.0,11.0,0.0,0.0,184.1,88.0,85.0,772.0,199.0,33.0,0.0,21.0,43.0,1.0,2.0,152.0,0.0,5.0,4.15,4.38,1.31,123.7,117.9,5.21,-1.06
25,26.0,밴헤켄,1979-07-31,Nexen Heroes,2015,32.0,0.0,0.0,32.0,15.0,8.0,0.0,0.0,196.2,92.0,79.0,825.0,190.0,36.0,3.0,14.0,67.0,1.0,1.0,193.0,0.0,16.0,3.62,3.6,1.31,137.7,137.6,5.12,0.54
26,27.0,신재영,1989-11-18,Nexen Heroes,2016,30.0,0.0,0.0,30.0,15.0,7.0,0.0,0.0,168.2,76.0,73.0,718.0,192.0,35.0,6.0,19.0,21.0,0.0,11.0,99.0,1.0,2.0,3.9,4.65,1.26,134.8,111.3,5.08,1.09
27,28.0,켈리,1988-10-14,SSG Landers,2017,30.0,0.0,0.0,30.0,16.0,7.0,0.0,0.0,190.0,85.0,76.0,815.0,204.0,38.0,3.0,16.0,45.0,2.0,11.0,189.0,1.0,9.0,3.6,3.69,1.31,139.8,136.9,5.06,1.6
28,29.0,레일리,1988-06-29,Lotte Giants,2017,30.0,1.0,0.0,30.0,13.0,7.0,0.0,0.0,187.1,87.0,79.0,798.0,199.0,39.0,2.0,19.0,44.0,0.0,17.0,156.0,1.0,3.0,3.8,4.37,1.3,132.7,115.2,5.03,1.25
29,30.0,허프,1984-08-22,LG Twins,2017,19.0,2.0,0.0,17.0,6.0,4.0,0.0,0.0,124.2,37.0,33.0,490.0,100.0,20.0,2.0,7.0,14.0,0.0,2.0,98.0,0.0,2.0,2.38,3.28,0.91,203.3,148.5,4.96,2.93
30,31.0,소사,1985-07-28,LG Twins,2018,27.0,1.0,1.0,27.0,9.0,9.0,0.0,0.0,181.1,83.0,71.0,760.0,192.0,44.0,1.0,16.0,28.0,1.0,4.0,181.0,0.0,6.0,3.52,3.5,1.21,143.2,143.3,4.95,0.16
31,32.0,우규민,1985-01-21,LG Twins,2015,25.0,1.0,0.0,25.0,11.0,9.0,0.0,0.0,152.2,64.0,58.0,621.0,163.0,26.0,5.0,13.0,17.0,0.0,12.0,119.0,0.0,2.0,3.42,3.73,1.18,137.3,125.5,4.95,0.99
32,33.0,해커,1983-03-26,NC Dinos,2016,23.0,0.0,0.0,23.0,13.0,3.0,0.0,0.0,140.2,57.0,54.0,587.0,132.0,18.0,1.0,14.0,31.0,0.0,10.0,119.0,0.0,5.0,3.45,4.27,1.16,147.3,120.5,4.88,0.54
33,34.0,보우덴,1986-09-09,Doosan Bears,2016,30.0,1.0,1.0,30.0,18.0,7.0,0.0,0.0,180.0,83.0,76.0,742.0,159.0,24.0,2.0,17.0,54.0,0.0,6.0,160.0,2.0,8.0,3.8,4.24,1.18,134.5,118.3,4.78,1.03
34,35.0,니퍼트,1981-05-06,Kia Tigers,2018,29.0,0.0,0.0,28.0,8.0,8.0,0.0,0.0,175.2,88.0,83.0,765.0,209.0,33.0,4.0,26.0,39.0,2.0,9.0,165.0,0.0,9.0,4.25,4.66,1.41,124.6,111.4,4.74,-0.06
35,36.0,뷰캐넌,1989-05-11,Samsung Lions,2020,27.0,1.0,0.0,27.0,15.0,7.0,0.0,0.0,174.2,71.0,67.0,728.0,172.0,19.0,2.0,16.0,50.0,0.0,7.0,121.0,0.0,2.0,3.45,4.34,1.27,142.1,112.2,4.68,1.62
36,37.0,루친스키,1988-12-30,NC Dinos,2019,30.0,2.0,0.0,30.0,9.0,9.0,0.0,0.0,177.1,68.0,60.0,731.0,164.0,20.0,1.0,13.0,45.0,0.0,11.0,119.0,0.0,7.0,3.05,3.96,1.18,138.4,106.6,4.64,2.51
37,38.0,박세웅,1995-11-30,Lotte Giants,2017,28.0,0.0,0.0,28.0,12.0,6.0,0.0,0.0,171.1,74.0,70.0,725.0,170.0,25.0,1.0,21.0,56.0,2.0,9.0,117.0,0.0,7.0,3.68,5.07,1.32,137.0,99.3,4.63,1.23
38,39.0,구창모,1997-02-17,NC Dinos,2020,15.0,0.0,0.0,14.0,9.0,0.0,0.0,1.0,93.1,20.0,18.0,348.0,58.0,12.0,0.0,7.0,18.0,0.0,0.0,102.0,0.0,2.0,1.74,2.92,0.81,281.5,165.6,4.62,2.8
39,40.0,양현종,1988-03-01,Kia Tigers,2017,31.0,1.0,0.0,31.0,20.0,6.0,0.0,0.0,193.1,88.0,74.0,808.0,209.0,32.0,2.0,17.0,45.0,0.0,0.0,158.0,0.0,14.0,3.44,3.94,1.31,144.2,126.8,4.56,1.31
40,41.0,해커,1983-03-26,NC Dinos,2017,26.0,1.0,0.0,26.0,12.0,7.0,0.0,0.0,160.1,64.0,61.0,672.0,159.0,19.0,2.0,14.0,29.0,1.0,14.0,97.0,2.0,6.0,3.42,4.45,1.17,144.8,112.4,4.5,1.4
41,42.0,채드벨,1989-02-28,Hanwha Eagles,2019,29.0,0.0,0.0,29.0,11.0,10.0,0.0,0.0,177.1,73.0,69.0,749.0,169.0,33.0,2.0,14.0,63.0,0.0,10.0,134.0,1.0,8.0,3.5,4.15,1.31,118.3,100.2,4.49,1.53
42,43.0,켈리,1988-10-14,SSG Landers,2015,30.0,1.0,0.0,29.0,11.0,10.0,0.0,0.0,181.0,87.0,83.0,775.0,188.0,28.0,1.0,16.0,54.0,1.0,5.0,139.0,2.0,9.0,4.13,4.19,1.34,117.0,115.8,4.4,-0.13
43,44.0,유희관,1986-06-01,Doosan Bears,2015,30.0,1.0,1.0,30.0,18.0,5.0,0.0,0.0,189.2,84.0,83.0,786.0,193.0,33.0,5.0,23.0,44.0,0.0,4.0,126.0,1.0,4.0,3.94,4.62,1.25,119.0,100.2,4.4,0.64
44,45.0,스튜어트,1986-09-28,NC Dinos,2015,19.0,0.0,0.0,19.0,8.0,2.0,0.0,0.0,117.2,37.0,35.0,488.0,116.0,16.0,1.0,7.0,26.0,0.0,6.0,109.0,1.0,4.0,2.68,3.35,1.21,179.0,145.5,4.32,1.46
45,46.0,켈리,1989-10-04,LG Twins,2020,28.0,1.0,1.0,28.0,15.0,7.0,0.0,0.0,173.1,67.0,64.0,705.0,160.0,29.0,1.0,16.0,40.0,0.0,11.0,134.0,0.0,4.0,3.32,4.09,1.15,139.3,112.7,4.26,1.64
46,47.0,피가로,1984-07-07,Samsung Lions,2015,25.0,1.0,0.0,25.0,13.0,7.0,0.0,0.0,165.0,66.0,62.0,688.0,154.0,26.0,3.0,16.0,51.0,0.0,7.0,117.0,0.0,6.0,3.38,4.51,1.24,146.0,108.9,4.24,1.55
47,48.0,소사,1985-07-28,LG Twins,2015,32.0,2.0,1.0,30.0,10.0,12.0,0.0,1.0,194.1,102.0,87.0,809.0,199.0,39.0,7.0,16.0,36.0,0.0,5.0,177.0,1.0,6.0,4.03,3.5,1.21,116.5,134.0,4.23,-1.1
48,49.0,요키시,1989-07-29,Kiwoom Heroes,2019,30.0,1.0,1.0,30.0,13.0,9.0,0.0,0.0,181.1,72.0,63.0,746.0,166.0,33.0,5.0,9.0,39.0,0.0,11.0,141.0,0.0,6.0,3.13,3.32,1.13,132.4,124.5,4.23,1.09
49,50.0,차우찬,1987-05-31,LG Twins,2017,28.0,0.0,0.0,28.0,10.0,7.0,0.0,0.0,175.2,75.0,67.0,732.0,171.0,33.0,4.0,20.0,38.0,0.0,7.0,157.0,0.0,10.0,3.43,4.2,1.19,141.1,114.3,4.23,1.27
50,51.0,서폴드,1990-01-16,Hanwha Eagles,2019,31.0,0.0,0.0,31.0,12.0,11.0,0.0,0.0,192.1,84.0,75.0,810.0,191.0,28.0,4.0,8.0,54.0,1.0,8.0,135.0,0.0,8.0,3.51,3.49,1.27,118.0,119.3,4.22,1.73
51,52.0,소사,1985-07-28,LG Twins,2017,30.0,2.0,1.0,29.0,11.0,11.0,1.0,0.0,185.1,86.0,80.0,769.0,189.0,36.0,9.0,11.0,38.0,0.0,3.0,153.0,0.0,3.0,3.88,3.52,1.23,124.7,138.2,4.17,0.5
52,53.0,피어밴드,1985-08-22,KT Wiz,2016,31.0,0.0,0.0,30.0,7.0,13.0,0.0,0.0,182.0,97.0,90.0,803.0,231.0,39.0,1.0,23.0,48.0,0.0,10.0,144.0,3.0,6.0,4.45,4.81,1.53,117.8,108.1,4.16,-1.34
53,54.0,유희관,1986-06-01,Doosan Bears,2016,30.0,0.0,0.0,29.0,15.0,6.0,0.0,0.0,185.2,95.0,91.0,809.0,212.0,39.0,3.0,22.0,58.0,0.0,6.0,102.0,0.0,5.0,4.41,5.27,1.45,115.9,94.9,4.13,-0.36
54,55.0,윤성환,1981-10-08,Samsung Lions,2016,28.0,1.0,0.0,28.0,11.0,10.0,0.0,0.0,180.0,95.0,87.0,767.0,202.0,35.0,3.0,25.0,41.0,0.0,13.0,85.0,1.0,6.0,4.35,5.55,1.35,121.2,93.9,4.13,-1.03
55,56.0,손승락,1982-03-04,Lotte Giants,2017,61.0,0.0,0.0,0.0,1.0,3.0,37.0,0.0,62.0,16.0,15.0,250.0,59.0,3.0,1.0,7.0,11.0,2.0,1.0,62.0,1.0,0.0,2.18,3.69,1.13,231.4,136.8,4.12,2.62
56,57.0,후랭코프,1988-08-27,Doosan Bears,2018,28.0,0.0,0.0,28.0,18.0,3.0,0.0,0.0,149.1,64.0,62.0,621.0,118.0,17.0,1.0,12.0,55.0,1.0,22.0,134.0,0.0,15.0,3.74,4.61,1.16,135.3,110.0,4.12,1.18
57,58.0,레일리,1988-06-29,Lotte Giants,2019,30.0,0.0,0.0,30.0,5.0,14.0,0.0,0.0,181.0,88.0,78.0,791.0,191.0,32.0,4.0,10.0,65.0,1.0,8.0,140.0,1.0,10.0,3.88,3.77,1.41,108.1,111.1,4.08,0.2
58,59.0,켈리,1989-10-04,LG Twins,2019,29.0,0.0,0.0,29.0,14.0,12.0,0.0,0.0,180.1,70.0,51.0,747.0,164.0,33.0,3.0,7.0,41.0,0.0,16.0,126.0,0.0,12.0,2.55,3.46,1.14,161.3,118.7,3.98,2.39
59,60.0,김광현,1988-07-22,SSG Landers,2015,30.0,1.0,1.0,29.0,14.0,6.0,0.0,1.0,176.2,86.0,73.0,754.0,173.0,33.0,0.0,19.0,66.0,2.0,3.0,160.0,0.0,10.0,3.72,4.34,1.35,129.9,111.8,3.96,1.89
60,61.0,이용찬,1989-01-02,Doosan Bears,2018,25.0,1.0,0.0,24.0,15.0,3.0,0.0,0.0,144.0,62.0,58.0,608.0,151.0,24.0,1.0,14.0,36.0,2.0,8.0,102.0,0.0,6.0,3.63,4.56,1.3,139.4,110.8,3.91,0.45
61,62.0,윤성환,1981-10-08,Samsung Lions,2015,30.0,3.0,1.0,30.0,17.0,8.0,0.0,0.0,194.0,86.0,81.0,809.0,199.0,34.0,4.0,27.0,30.0,0.0,10.0,164.0,0.0,1.0,3.76,4.35,1.18,131.4,112.8,3.91,0.67
62,63.0,켈리,1988-10-14,SSG Landers,2018,28.0,0.0,0.0,28.0,12.0,7.0,0.0,0.0,158.1,78.0,72.0,674.0,152.0,28.0,3.0,18.0,47.0,1.0,13.0,161.0,2.0,5.0,4.09,4.4,1.26,128.5,120.4,3.89,-0.45
63,64.0,고우석,1998-08-06,LG Twins,2019,64.0,0.0,0.0,0.0,8.0,2.0,34.0,1.0,70.0,13.0,12.0,284.0,47.0,7.0,1.0,4.0,29.0,4.0,4.0,76.0,0.0,2.0,1.54,3.22,1.09,266.1,126.7,3.89,3.58
64,65.0,윤석민,1986-07-24,Kia Tigers,2015,51.0,0.0,0.0,0.0,2.0,6.0,30.0,0.0,70.0,23.0,23.0,297.0,69.0,11.0,4.0,4.0,24.0,7.0,2.0,68.0,0.0,1.0,2.96,3.23,1.33,166.8,155.3,3.87,1.59
65,66.0,레일리,1988-06-29,Lotte Giants,2015,31.0,1.0,0.0,30.0,11.0,9.0,0.0,0.0,179.1,93.0,78.0,768.0,182.0,27.0,2.0,20.0,57.0,2.0,15.0,134.0,2.0,13.0,3.91,4.74,1.33,128.8,103.9,3.87,0.72
66,67.0,문승원,1989-11-28,SSG Landers,2020,25.0,1.0,0.0,25.0,6.0,8.0,0.0,0.0,145.2,64.0,59.0,610.0,136.0,29.0,0.0,13.0,45.0,0.0,6.0,117.0,0.0,2.0,3.65,4.16,1.24,132.3,117.1,3.82,0.65
67,68.0,정우람,1985-06-01,Hanwha Eagles,2019,57.0,0.0,0.0,0.0,4.0,3.0,26.0,0.0,58.1,11.0,10.0,237.0,57.0,8.0,0.0,4.0,16.0,4.0,1.0,48.0,1.0,2.0,1.54,3.32,1.25,268.5,125.1,3.82,2.59
68,69.0,박진우,1990-02-12,NC Dinos,2019,41.0,0.0,0.0,18.0,9.0,7.0,0.0,5.0,140.2,53.0,49.0,590.0,137.0,18.0,0.0,9.0,29.0,0.0,19.0,92.0,0.0,2.0,3.14,3.95,1.18,134.4,106.8,3.82,2.46
69,70.0,피어밴드,1985-08-22,Kia Tigers,2018,27.0,1.0,0.0,26.0,8.0,8.0,0.0,0.0,163.1,90.0,78.0,707.0,186.0,27.0,1.0,24.0,38.0,0.0,6.0,141.0,0.0,5.0,4.3,4.83,1.37,123.3,107.7,3.78,-1.28
70,71.0,윤성환,1981-10-08,Samsung Lions,2017,28.0,1.0,0.0,28.0,12.0,9.0,0.0,0.0,174.1,86.0,83.0,731.0,181.0,39.0,4.0,22.0,37.0,0.0,15.0,130.0,0.0,3.0,4.28,4.78,1.25,118.4,105.4,3.73,0.77
71,72.0,류제국,1983-05-30,LG Twins,2016,29.0,1.0,1.0,29.0,13.0,11.0,0.0,0.0,161.1,83.0,77.0,701.0,152.0,25.0,0.0,14.0,70.0,0.0,21.0,138.0,0.0,13.0,4.3,4.9,1.38,118.4,102.5,3.7,-0.55
72,73.0,김광현,1988-07-22,SSG Landers,2016,27.0,1.0,0.0,21.0,11.0,8.0,0.0,1.0,137.0,68.0,59.0,583.0,139.0,21.0,2.0,17.0,41.0,2.0,6.0,116.0,0.0,3.0,3.88,4.7,1.31,134.7,111.7,3.69,-0.94
73,74.0,브리검,1988-02-10,Kiwoom Heroes,2019,28.0,0.0,0.0,28.0,13.0,5.0,0.0,0.0,158.1,62.0,52.0,669.0,148.0,32.0,2.0,5.0,46.0,0.0,12.0,130.0,1.0,7.0,2.96,3.27,1.23,140.0,126.9,3.69,1.21
74,75.0,옥스프링,1977-05-13,KT Wiz,2015,31.0,3.0,0.0,31.0,12.0,10.0,0.0,0.0,185.0,104.0,92.0,806.0,200.0,33.0,0.0,23.0,66.0,0.0,10.0,142.0,0.0,5.0,4.48,4.93,1.44,112.3,99.2,3.68,-2.22
75,76.0,최원태,1997-01-07,Nexen Heroes,2018,23.0,1.0,0.0,23.0,13.0,7.0,0.0,0.0,134.1,62.0,59.0,577.0,144.0,28.0,0.0,8.0,35.0,0.0,11.0,101.0,0.0,3.0,3.95,4.13,1.33,130.4,124.5,3.66,0.77
76,77.0,유희관,1986-06-01,Doosan Bears,2019,28.0,2.0,0.0,27.0,11.0,8.0,0.0,0.0,166.1,67.0,60.0,692.0,171.0,37.0,2.0,8.0,42.0,3.0,3.0,64.0,0.0,2.0,3.25,4.02,1.28,126.5,102.3,3.55,1.7
77,78.0,레일리,1988-06-29,Lotte Giants,2016,31.0,1.0,1.0,31.0,8.0,10.0,0.0,0.0,184.2,105.0,89.0,808.0,207.0,36.0,4.0,21.0,51.0,1.0,17.0,147.0,2.0,5.0,4.34,4.77,1.4,120.5,109.6,3.52,-1.55
78,79.0,플렉센,1994-07-01,Doosan Bears,2020,21.0,0.0,0.0,21.0,8.0,4.0,0.0,0.0,116.2,43.0,39.0,472.0,97.0,14.0,0.0,6.0,30.0,2.0,2.0,132.0,0.0,5.0,3.01,2.73,1.09,154.0,169.7,3.51,1.01
79,80.0,박종훈,1991-08-13,SSG Landers,2017,29.0,0.0,0.0,28.0,12.0,7.0,0.0,1.0,151.1,74.0,69.0,664.0,145.0,26.0,0.0,16.0,61.0,1.0,25.0,107.0,0.0,4.0,4.1,5.38,1.36,122.7,93.8,3.48,0.23
80,81.0,팻딘,1989-05-25,Kia Tigers,2017,30.0,1.0,0.0,29.0,9.0,7.0,0.0,0.0,176.0,86.0,81.0,770.0,211.0,39.0,3.0,22.0,39.0,1.0,16.0,143.0,0.0,3.0,4.14,4.66,1.42,120.0,107.3,3.46,0.5
81,82.0,쿠에바스,1990-10-14,Kia Tigers,2019,30.0,0.0,0.0,30.0,13.0,10.0,0.0,0.0,184.0,80.0,74.0,760.0,153.0,21.0,6.0,18.0,63.0,0.0,12.0,135.0,0.0,4.0,3.62,4.43,1.17,114.3,92.7,3.44,1.22
82,83.0,니퍼트,1981-05-06,Doosan Bears,2017,30.0,0.0,0.0,30.0,14.0,8.0,0.0,0.0,179.2,88.0,81.0,782.0,175.0,35.0,5.0,20.0,77.0,0.0,10.0,161.0,0.0,13.0,4.06,4.84,1.4,118.6,99.2,3.44,0.34
83,84.0,노경은,1984-03-11,Lotte Giants,2018,33.0,0.0,0.0,19.0,9.0,6.0,0.0,0.0,132.1,65.0,60.0,547.0,127.0,24.0,3.0,18.0,30.0,1.0,4.0,89.0,0.0,1.0,4.08,5.0,1.19,127.8,104.5,3.41,0.27
84,85.0,윌슨,1989-09-25,LG Twins,2019,30.0,1.0,0.0,30.0,14.0,7.0,0.0,0.0,185.0,77.0,60.0,763.0,171.0,27.0,2.0,7.0,43.0,1.0,11.0,137.0,0.0,6.0,2.92,3.27,1.16,140.6,125.4,3.4,1.88
85,86.0,최원태,1997-01-07,Nexen Heroes,2017,25.0,0.0,0.0,25.0,11.0,7.0,0.0,0.0,149.1,76.0,74.0,637.0,161.0,24.0,3.0,19.0,34.0,0.0,12.0,126.0,1.0,5.0,4.46,4.63,1.31,111.5,105.6,3.39,0.7
86,87.0,박종훈,1991-08-13,SSG Landers,2018,30.0,0.0,0.0,30.0,14.0,8.0,0.0,0.0,159.1,81.0,74.0,702.0,158.0,31.0,3.0,16.0,54.0,0.0,20.0,133.0,0.0,3.0,4.18,4.86,1.33,125.8,108.3,3.38,-0.38
87,88.0,조상우,1994-09-04,Nexen Heroes,2015,70.0,0.0,0.0,0.0,8.0,5.0,5.0,19.0,93.1,36.0,32.0,382.0,65.0,15.0,2.0,4.0,41.0,1.0,6.0,89.0,0.0,7.0,3.09,3.74,1.14,161.3,131.8,3.36,0.55
88,89.0,최채흥,1995-01-22,Samsung Lions,2020,26.0,1.0,1.0,26.0,11.0,6.0,0.0,0.0,146.0,67.0,58.0,617.0,131.0,27.0,1.0,12.0,51.0,0.0,7.0,123.0,3.0,3.0,3.58,4.13,1.25,137.2,117.7,3.35,1.32
89,90.0,스튜어트,1986-09-28,NC Dinos,2016,27.0,0.0,0.0,27.0,12.0,8.0,0.0,0.0,150.0,79.0,76.0,653.0,160.0,20.0,0.0,11.0,55.0,1.0,8.0,118.0,0.0,4.0,4.56,4.41,1.43,111.6,116.9,3.29,-0.03
90,91.0,밴헤켄,1979-07-31,Nexen Heroes,2017,24.0,0.0,0.0,24.0,8.0,7.0,0.0,0.0,138.1,68.0,58.0,591.0,140.0,24.0,1.0,13.0,42.0,0.0,2.0,139.0,0.0,4.0,3.77,3.9,1.32,131.8,125.7,3.29,-0.42
91,92.0,정우람,1985-06-01,Hanwha Eagles,2016,61.0,0.0,0.0,0.0,8.0,5.0,16.0,1.0,81.0,33.0,30.0,331.0,64.0,14.0,1.0,7.0,26.0,6.0,4.0,85.0,1.0,5.0,3.33,3.71,1.11,157.5,141.0,3.26,1.95
92,93.0,임창민,1985-08-25,NC Dinos,2016,65.0,0.0,0.0,0.0,1.0,3.0,26.0,6.0,70.0,22.0,20.0,302.0,61.0,9.0,0.0,5.0,30.0,0.0,5.0,91.0,1.0,8.0,2.57,3.62,1.3,198.0,141.3,3.25,1.69
93,94.0,정우람,1985-06-01,SSG Landers,2015,69.0,0.0,0.0,0.0,7.0,5.0,16.0,11.0,70.0,25.0,25.0,287.0,52.0,12.0,0.0,3.0,28.0,5.0,1.0,90.0,0.0,3.0,3.21,2.63,1.14,150.3,181.6,3.24,1.38
94,95.0,함덕주,1995-01-13,Doosan Bears,2017,35.0,0.0,0.0,24.0,9.0,8.0,0.0,2.0,137.1,61.0,56.0,598.0,128.0,27.0,1.0,8.0,64.0,2.0,4.0,139.0,1.0,3.0,3.67,3.91,1.4,131.2,124.2,3.22,0.52
95,96.0,데스파이네,1987-04-04,Kia Tigers,2020,35.0,0.0,0.0,34.0,15.0,8.0,0.0,0.0,207.2,105.0,100.0,906.0,233.0,36.0,1.0,18.0,68.0,1.0,8.0,152.0,0.0,18.0,4.33,4.3,1.45,110.9,110.7,3.21,0.38
96,97.0,차우찬,1987-05-31,Samsung Lions,2016,24.0,1.0,0.0,24.0,12.0,6.0,0.0,0.0,152.1,87.0,80.0,671.0,168.0,30.0,2.0,16.0,65.0,0.0,8.0,120.0,0.0,5.0,4.73,5.02,1.53,111.5,103.9,3.18,-0.21
97,98.0,이태양,1993-01-28,NC Dinos,2015,29.0,0.0,0.0,25.0,10.0,5.0,0.0,0.0,137.1,59.0,56.0,591.0,141.0,27.0,2.0,19.0,40.0,1.0,19.0,113.0,1.0,0.0,3.67,5.04,1.32,130.5,96.9,3.11,0.37
98,99.0,피어밴드,1985-08-22,Nexen Heroes,2015,30.0,0.0,0.0,30.0,13.0,11.0,0.0,0.0,177.1,101.0,92.0,774.0,202.0,34.0,7.0,23.0,61.0,1.0,12.0,137.0,3.0,7.0,4.67,4.97,1.48,106.6,100.0,3.1,-1.35
99,100.0,최원태,1997-01-07,Kiwoom Heroes,2019,27.0,0.0,0.0,27.0,11.0,5.0,0.0,0.0,157.1,68.0,59.0,666.0,165.0,28.0,2.0,5.0,36.0,0.0,5.0,105.0,0.0,5.0,3.38,3.26,1.28,122.6,127.1,3.1,0.6
100,101.0,하재훈,1990-10-29,SSG Landers,2019,61.0,0.0,0.0,0.0,5.0,3.0,36.0,3.0,59.0,13.0,13.0,245.0,47.0,11.0,0.0,1.0,26.0,2.0,1.0,64.0,1.0,0.0,1.98,2.73,1.24,214.6,154.7,3.09,3.47
101,102.0,최원준,1994-12-21,Doosan Bears,2020,42.0,0.0,0.0,18.0,10.0,2.0,0.0,0.0,123.0,52.0,52.0,532.0,134.0,23.0,3.0,15.0,35.0,0.0,7.0,94.0,1.0,2.0,3.8,4.64,1.37,121.8,99.0,3.08,0.8
102,103.0,이영하,1997-11-01,Doosan Bears,2019,29.0,1.0,0.0,27.0,17.0,4.0,0.0,0.0,163.1,70.0,66.0,692.0,148.0,28.0,5.0,5.0,61.0,1.0,10.0,90.0,2.0,5.0,3.64,3.99,1.28,112.9,103.4,3.03,3.13
103,104.0,김세현,1987-08-07,Nexen Heroes,2016,62.0,0.0,0.0,0.0,2.0,0.0,36.0,0.0,62.1,19.0,18.0,254.0,66.0,7.0,2.0,2.0,7.0,0.0,0.0,50.0,0.0,4.0,2.6,2.94,1.17,202.1,177.0,2.99,0.84
104,105.0,최충연,1997-03-05,Samsung Lions,2018,70.0,0.0,0.0,0.0,2.0,6.0,8.0,16.0,85.0,34.0,34.0,344.0,73.0,16.0,2.0,6.0,26.0,1.0,2.0,101.0,0.0,8.0,3.6,3.33,1.17,147.3,156.2,2.98,1.49
105,106.0,조상우,1994-09-04,Kiwoom Heroes,2020,53.0,0.0,0.0,0.0,5.0,3.0,33.0,0.0,54.1,15.0,13.0,232.0,50.0,5.0,0.0,3.0,18.0,2.0,2.0,64.0,0.0,1.0,2.15,2.91,1.25,219.1,159.0,2.98,1.61
106,107.0,샘슨,1991-01-06,Hanwha Eagles,2018,30.0,0.0,0.0,29.0,13.0,8.0,0.0,0.0,161.2,91.0,84.0,703.0,144.0,26.0,1.0,17.0,79.0,0.0,5.0,195.0,2.0,18.0,4.68,4.35,1.38,113.3,123.2,2.97,-0.7
107,108.0,헥터,1987-01-26,Kia Tigers,2018,29.0,1.0,0.0,29.0,11.0,10.0,0.0,0.0,174.0,102.0,89.0,753.0,209.0,31.0,0.0,25.0,36.0,2.0,4.0,137.0,1.0,4.0,4.6,4.78,1.41,111.5,107.9,2.96,-1.24
108,109.0,레일리,1988-06-29,Lotte Giants,2018,30.0,0.0,0.0,30.0,11.0,13.0,0.0,0.0,178.1,106.0,94.0,775.0,180.0,34.0,4.0,24.0,54.0,1.0,18.0,178.0,2.0,4.0,4.74,4.78,1.31,109.9,109.3,2.95,-1.94
109,110.0,함덕주,1995-01-13,Doosan Bears,2018,62.0,0.0,0.0,0.0,6.0,3.0,27.0,3.0,67.0,23.0,22.0,293.0,58.0,9.0,1.0,4.0,37.0,3.0,4.0,75.0,0.0,4.0,2.96,4.07,1.42,171.0,124.8,2.95,1.58
110,111.0,송은범,1984-03-17,Hanwha Eagles,2018,68.0,0.0,0.0,0.0,7.0,4.0,1.0,10.0,79.1,29.0,22.0,341.0,77.0,9.0,1.0,2.0,33.0,2.0,5.0,61.0,0.0,8.0,2.5,3.98,1.39,212.3,132.4,2.93,0.7
111,112.0,장원준,1985-07-31,Doosan Bears,2015,30.0,1.0,0.0,30.0,12.0,12.0,0.0,0.0,169.2,86.0,77.0,748.0,182.0,35.0,2.0,13.0,68.0,1.0,14.0,128.0,0.0,4.0,4.08,4.54,1.47,114.8,104.1,2.89,-0.53
112,113.0,문승원,1989-11-28,SSG Landers,2019,26.0,0.0,0.0,23.0,11.0,7.0,0.0,2.0,144.0,63.0,62.0,586.0,130.0,13.0,5.0,23.0,33.0,1.0,3.0,99.0,0.0,0.0,3.88,4.83,1.13,109.8,89.6,2.89,0.72
113,114.0,정우람,1985-06-01,Hanwha Eagles,2017,56.0,0.0,0.0,0.0,6.0,4.0,26.0,0.0,59.0,20.0,18.0,247.0,47.0,10.0,0.0,5.0,19.0,2.0,4.0,78.0,0.0,5.0,2.75,3.26,1.12,183.1,155.5,2.88,0.56
114,115.0,문경찬,1992-07-08,Kia Tigers,2019,54.0,0.0,0.0,0.0,1.0,2.0,24.0,0.0,55.0,9.0,8.0,217.0,45.0,9.0,1.0,2.0,10.0,1.0,0.0,50.0,0.0,0.0,1.31,2.55,1.0,320.3,165.4,2.88,0.26
115,116.0,가뇽,1990-06-26,Kia Tigers,2020,28.0,0.0,0.0,28.0,11.0,8.0,0.0,0.0,159.2,86.0,77.0,702.0,162.0,33.0,8.0,7.0,64.0,0.0,9.0,141.0,0.0,13.0,4.34,3.73,1.42,110.6,129.2,2.84,-0.55
116,117.0,로저스,1985-08-14,Hanwha Eagles,2015,10.0,4.0,3.0,10.0,6.0,2.0,0.0,0.0,75.2,26.0,25.0,296.0,62.0,8.0,2.0,2.0,20.0,0.0,4.0,60.0,1.0,1.0,2.97,3.33,1.08,167.5,148.1,2.84,1.82
117,118.0,한현희,1993-06-25,Nexen Heroes,2018,30.0,0.0,0.0,28.0,11.0,7.0,0.0,0.0,169.0,98.0,90.0,756.0,208.0,42.0,3.0,22.0,49.0,0.0,20.0,105.0,0.0,6.0,4.79,5.51,1.52,107.5,92.8,2.83,-1.36
118,119.0,아델만,1987-11-13,Samsung Lions,2018,31.0,0.0,0.0,31.0,8.0,12.0,0.0,0.0,171.0,101.0,96.0,758.0,202.0,39.0,1.0,20.0,54.0,0.0,11.0,137.0,1.0,7.0,5.05,4.89,1.5,105.0,107.1,2.81,-1.15
119,120.0,박정진,1976-05-27,Hanwha Eagles,2015,76.0,0.0,0.0,0.0,6.0,1.0,1.0,15.0,96.0,37.0,33.0,411.0,84.0,12.0,1.0,8.0,39.0,3.0,5.0,92.0,0.0,7.0,3.09,4.06,1.28,161.0,121.4,2.81,0.19
120,121.0,심창민,1993-02-01,Samsung Lions,2016,62.0,0.0,0.0,0.0,2.0,6.0,25.0,4.0,72.2,29.0,24.0,303.0,59.0,11.0,0.0,6.0,26.0,3.0,4.0,76.0,1.0,1.0,2.97,3.89,1.17,177.4,134.0,2.79,0.59
121,122.0,권혁,1983-11-06,Hanwha Eagles,2016,66.0,0.0,0.0,0.0,6.0,2.0,3.0,13.0,95.1,45.0,41.0,418.0,93.0,17.0,2.0,5.0,42.0,5.0,7.0,77.0,1.0,2.0,3.87,4.24,1.42,135.7,122.9,2.79,0.36
122,123.0,송승준,1980-06-29,Lotte Giants,2017,30.0,0.0,0.0,22.0,11.0,5.0,0.0,1.0,130.1,63.0,61.0,558.0,132.0,31.0,3.0,19.0,41.0,1.0,4.0,113.0,0.0,6.0,4.21,4.91,1.33,119.6,102.7,2.77,-0.53
123,124.0,브리검,1988-02-10,Nexen Heroes,2017,24.0,0.0,0.0,24.0,10.0,6.0,0.0,0.0,144.0,77.0,70.0,619.0,166.0,21.0,4.0,17.0,26.0,0.0,13.0,98.0,0.0,8.0,4.38,4.72,1.33,113.7,103.6,2.74,0.48
124,125.0,임기영,1993-04-16,Kia Tigers,2017,23.0,2.0,2.0,19.0,8.0,6.0,0.0,0.0,118.1,54.0,48.0,497.0,138.0,25.0,1.0,9.0,18.0,1.0,6.0,73.0,0.0,2.0,3.65,4.07,1.32,136.1,122.6,2.73,0.42
125,126.0,조무근,1991-09-26,KT Wiz,2015,43.0,0.0,0.0,1.0,8.0,5.0,4.0,2.0,71.2,26.0,15.0,298.0,54.0,11.0,2.0,3.0,32.0,1.0,4.0,83.0,0.0,6.0,1.88,3.31,1.2,266.8,151.0,2.73,1.35
126,127.0,린드블럼,1987-06-15,Lotte Giants,2016,30.0,1.0,0.0,30.0,10.0,13.0,0.0,0.0,177.1,109.0,104.0,791.0,197.0,36.0,6.0,28.0,77.0,0.0,9.0,148.0,0.0,7.0,5.28,5.63,1.55,99.0,92.9,2.69,-1.77
127,128.0,라이블리,1992-03-05,Samsung Lions,2020,21.0,0.0,0.0,21.0,6.0,7.0,0.0,0.0,112.0,54.0,53.0,478.0,98.0,16.0,1.0,11.0,39.0,0.0,12.0,95.0,0.0,2.0,4.26,4.5,1.22,115.2,108.2,2.68,-0.19
128,129.0,정우영,1999-08-19,LG Twins,2020,65.0,0.0,0.0,0.0,4.0,4.0,5.0,20.0,75.0,26.0,26.0,305.0,48.0,5.0,0.0,3.0,29.0,3.0,11.0,59.0,0.0,1.0,3.12,3.98,1.03,148.3,117.5,2.67,2.14
129,130.0,밴헤켄,1979-07-31,Nexen Heroes,2016,12.0,0.0,0.0,12.0,7.0,3.0,0.0,0.0,72.0,29.0,27.0,287.0,55.0,14.0,0.0,10.0,19.0,0.0,5.0,81.0,0.0,1.0,3.38,4.35,1.03,155.6,119.4,2.67,0.44
130,131.0,구창모,1997-02-17,NC Dinos,2019,23.0,0.0,0.0,19.0,10.0,7.0,0.0,1.0,107.0,40.0,38.0,449.0,85.0,15.0,2.0,10.0,42.0,0.0,5.0,114.0,0.0,7.0,3.2,3.81,1.19,131.8,111.5,2.67,1.09
131,132.0,주권,1995-05-31,KT Wiz,2016,28.0,1.0,1.0,26.0,6.0,8.0,0.0,0.0,134.0,80.0,76.0,594.0,162.0,36.0,3.0,14.0,44.0,0.0,5.0,63.0,1.0,2.0,5.1,5.31,1.54,102.4,98.1,2.67,-1.22
132,133.0,이재학,1990-10-04,NC Dinos,2018,29.0,1.0,0.0,29.0,5.0,13.0,0.0,0.0,152.1,87.0,81.0,658.0,157.0,27.0,2.0,13.0,49.0,2.0,10.0,116.0,0.0,6.0,4.79,4.54,1.35,108.4,115.4,2.67,-1.06
133,134.0,박준표,1992-06-26,Kia Tigers,2020,50.0,0.0,0.0,0.0,7.0,1.0,6.0,11.0,51.2,16.0,9.0,205.0,41.0,3.0,0.0,3.0,8.0,2.0,0.0,44.0,0.0,2.0,1.57,2.96,0.95,306.2,162.2,2.66,1.35
134,135.0,배제성,1996-09-29,Kia Tigers,2020,26.0,0.0,0.0,26.0,10.0,7.0,0.0,0.0,141.1,67.0,62.0,619.0,130.0,30.0,1.0,12.0,76.0,0.0,4.0,83.0,1.0,11.0,3.95,5.18,1.46,121.7,91.8,2.65,1.09
135,136.0,오간도,1983-10-05,Hanwha Eagles,2017,19.0,0.0,0.0,19.0,10.0,5.0,0.0,0.0,110.0,53.0,48.0,475.0,115.0,14.0,0.0,8.0,30.0,0.0,11.0,74.0,1.0,6.0,3.93,4.45,1.32,128.0,113.2,2.65,-0.61
136,137.0,쿠에바스,1990-10-14,Kia Tigers,2020,27.0,0.0,0.0,27.0,10.0,8.0,0.0,0.0,158.0,80.0,72.0,668.0,152.0,26.0,1.0,16.0,46.0,0.0,9.0,110.0,0.0,4.0,4.1,4.52,1.25,117.1,105.1,2.64,-0.29
137,138.0,서진용,1992-10-02,SSG Landers,2019,72.0,0.0,0.0,0.0,3.0,1.0,4.0,33.0,68.0,19.0,18.0,279.0,53.0,9.0,2.0,2.0,28.0,4.0,2.0,76.0,0.0,1.0,2.38,2.7,1.19,178.6,157.4,2.63,2.87
138,139.0,주권,1995-05-31,Kia Tigers,2020,77.0,0.0,0.0,0.0,6.0,2.0,0.0,31.0,70.0,25.0,21.0,294.0,54.0,11.0,0.0,6.0,32.0,1.0,1.0,37.0,0.0,0.0,2.7,4.98,1.23,177.9,95.5,2.63,1.16
139,140.0,다이아몬드,1986-07-30,SSG Landers,2017,24.0,1.0,1.0,24.0,10.0,7.0,0.0,0.0,134.1,69.0,66.0,581.0,163.0,20.0,3.0,11.0,35.0,1.0,9.0,59.0,0.0,2.0,4.42,4.88,1.47,113.8,103.2,2.63,0.48
140,141.0,소사,1985-07-28,LG Twins,2016,33.0,0.0,0.0,33.0,10.0,9.0,0.0,0.0,199.0,121.0,114.0,870.0,258.0,47.0,8.0,12.0,38.0,2.0,9.0,107.0,0.0,6.0,5.16,4.18,1.49,98.6,121.0,2.63,-2.01
141,142.0,오승환,1982-07-15,Samsung Lions,2020,45.0,0.0,0.0,0.0,3.0,2.0,18.0,2.0,47.2,14.0,14.0,201.0,44.0,10.0,1.0,2.0,15.0,0.0,2.0,39.0,0.0,1.0,2.64,3.53,1.24,185.6,136.4,2.62,1.82
142,143.0,이태양,1990-07-03,Hanwha Eagles,2018,63.0,0.0,0.0,0.0,4.0,2.0,0.0,12.0,79.1,30.0,25.0,325.0,66.0,11.0,1.0,10.0,23.0,2.0,4.0,85.0,0.0,4.0,2.84,4.27,1.12,186.8,125.3,2.62,0.95
143,144.0,알칸타라,1992-12-04,Kia Tigers,2019,27.0,1.0,0.0,27.0,11.0,11.0,0.0,0.0,172.2,80.0,77.0,724.0,189.0,39.0,3.0,15.0,27.0,0.0,8.0,100.0,2.0,2.0,4.01,3.98,1.25,103.1,103.3,2.6,0.88
144,145.0,후랭코프,1988-08-27,Doosan Bears,2019,22.0,0.0,0.0,22.0,9.0,8.0,0.0,0.0,117.1,48.0,47.0,495.0,110.0,20.0,2.0,5.0,30.0,1.0,13.0,111.0,1.0,2.0,3.61,3.14,1.19,113.9,130.4,2.59,0.48
145,146.0,김진성,1985-03-07,NC Dinos,2017,69.0,0.0,0.0,0.0,10.0,6.0,0.0,15.0,89.2,38.0,36.0,361.0,72.0,9.0,0.0,13.0,27.0,3.0,2.0,98.0,0.0,11.0,3.61,4.3,1.1,137.2,116.1,2.56,1.39
146,147.0,양현종,1988-03-01,Kia Tigers,2020,31.0,0.0,0.0,31.0,11.0,10.0,0.0,0.0,172.1,99.0,90.0,746.0,180.0,40.0,4.0,13.0,64.0,0.0,5.0,149.0,0.0,7.0,4.7,4.01,1.42,102.1,120.1,2.52,-0.98
147,148.0,임준혁,1984-10-09,Kia Tigers,2015,27.0,0.0,0.0,21.0,9.0,6.0,0.0,2.0,118.2,58.0,54.0,514.0,125.0,23.0,1.0,11.0,43.0,1.0,8.0,73.0,0.0,3.0,4.1,4.85,1.42,120.4,101.7,2.49,0.36
148,149.0,고영표,1991-09-16,KT Wiz,2017,25.0,2.0,1.0,24.0,8.0,12.0,0.0,1.0,141.2,84.0,80.0,612.0,170.0,32.0,1.0,13.0,16.0,0.0,18.0,125.0,1.0,6.0,5.08,3.88,1.31,99.7,128.4,2.46,-0.81
149,150.0,박상원,1994-09-09,Hanwha Eagles,2018,69.0,0.0,0.0,0.0,4.0,2.0,0.0,9.0,60.0,17.0,14.0,256.0,59.0,13.0,0.0,3.0,21.0,1.0,4.0,62.0,0.0,3.0,2.1,3.62,1.33,252.3,146.8,2.44,0.44
150,151.0,맨쉽,1985-01-16,NC Dinos,2017,21.0,0.0,0.0,21.0,12.0,4.0,0.0,0.0,112.2,51.0,46.0,478.0,112.0,17.0,0.0,7.0,33.0,0.0,7.0,86.0,1.0,5.0,3.67,4.08,1.29,134.9,122.2,2.43,0.66
151,152.0,비야누에바,1983-11-28,Hanwha Eagles,2017,20.0,0.0,0.0,20.0,5.0,7.0,0.0,0.0,112.0,58.0,52.0,461.0,108.0,23.0,1.0,12.0,23.0,0.0,5.0,68.0,0.0,5.0,4.18,4.66,1.17,120.3,108.3,2.42,-0.37
152,153.0,장시환,1987-11-01,KT Wiz,2015,47.0,0.0,0.0,0.0,7.0,5.0,12.0,0.0,74.2,33.0,33.0,308.0,73.0,13.0,2.0,1.0,28.0,2.0,1.0,75.0,0.0,6.0,3.98,2.87,1.35,126.3,174.9,2.42,-0.31
153,154.0,문승원,1989-11-28,SSG Landers,2018,31.0,0.0,0.0,27.0,8.0,9.0,1.0,1.0,150.2,86.0,77.0,656.0,180.0,33.0,2.0,24.0,37.0,0.0,4.0,122.0,0.0,4.0,4.6,5.1,1.44,114.3,104.0,2.41,-1.49
154,155.0,장민재,1990-03-19,Hanwha Eagles,2016,48.0,0.0,0.0,13.0,6.0,6.0,0.0,1.0,119.1,66.0,62.0,542.0,133.0,13.0,2.0,15.0,67.0,0.0,4.0,92.0,1.0,3.0,4.68,5.67,1.68,112.3,92.5,2.41,-1.37
155,156.0,윤희상,1985-05-17,SSG Landers,2016,23.0,0.0,0.0,22.0,9.0,6.0,0.0,0.0,122.2,69.0,66.0,540.0,143.0,18.0,2.0,18.0,44.0,0.0,6.0,74.0,1.0,5.0,4.84,5.72,1.52,107.8,91.8,2.4,-0.6
156,157.0,브리검,1988-02-10,Kiwoom Heroes,2020,21.0,0.0,0.0,21.0,9.0,5.0,0.0,0.0,107.0,45.0,43.0,456.0,98.0,7.0,2.0,6.0,42.0,1.0,5.0,105.0,0.0,8.0,3.62,3.61,1.31,130.5,129.1,2.4,1.08
157,158.0,이태양,1990-07-03,Hanwha Eagles,2016,29.0,0.0,0.0,25.0,5.0,8.0,1.0,0.0,112.1,66.0,62.0,512.0,128.0,20.0,0.0,15.0,62.0,1.0,3.0,60.0,0.0,2.0,4.97,6.17,1.69,105.7,85.0,2.38,-1.24
158,159.0,안지만,1983-10-01,Samsung Lions,2015,66.0,0.0,0.0,0.0,4.0,3.0,0.0,37.0,78.1,29.0,29.0,323.0,76.0,18.0,2.0,8.0,26.0,2.0,2.0,96.0,0.0,2.0,3.33,3.49,1.3,148.2,140.7,2.38,2.15
159,160.0,프리드릭,1987-07-08,NC Dinos,2019,12.0,2.0,1.0,12.0,7.0,4.0,0.0,0.0,72.0,22.0,22.0,294.0,63.0,6.0,0.0,4.0,22.0,1.0,3.0,56.0,0.0,2.0,2.75,3.57,1.18,153.2,118.3,2.38,0.79
160,161.0,소형준,2001-09-16,Kia Tigers,2020,26.0,0.0,0.0,24.0,13.0,6.0,0.0,0.0,133.0,63.0,57.0,572.0,141.0,23.0,0.0,6.0,45.0,0.0,6.0,92.0,0.0,2.0,3.86,3.91,1.4,124.6,122.0,2.37,0.3
161,162.0,이정민,1979-03-02,Lotte Giants,2016,68.0,0.0,0.0,0.0,5.0,2.0,2.0,9.0,77.0,29.0,27.0,326.0,83.0,13.0,1.0,6.0,21.0,1.0,5.0,60.0,0.0,5.0,3.16,4.22,1.35,165.6,123.4,2.37,0.96
162,163.0,김윤동,1993-04-01,Kia Tigers,2018,64.0,0.0,0.0,0.0,7.0,6.0,4.0,18.0,82.2,39.0,34.0,369.0,71.0,13.0,1.0,9.0,54.0,7.0,2.0,79.0,0.0,7.0,3.7,5.12,1.51,138.7,100.9,2.37,-0.97
163,164.0,류제국,1983-05-30,LG Twins,2015,24.0,0.0,0.0,23.0,4.0,9.0,0.0,0.0,130.0,72.0,69.0,572.0,134.0,20.0,3.0,16.0,55.0,1.0,14.0,88.0,0.0,16.0,4.78,5.43,1.45,98.2,85.8,2.37,-0.78
164,165.0,이재학,1990-10-04,NC Dinos,2015,29.0,0.0,0.0,23.0,10.0,8.0,0.0,1.0,125.0,58.0,57.0,545.0,115.0,15.0,1.0,17.0,58.0,1.0,9.0,116.0,0.0,5.0,4.1,5.11,1.38,116.7,95.4,2.36,-0.13
165,166.0,루카스,1985-06-03,LG Twins,2015,33.0,0.0,0.0,30.0,10.0,11.0,0.0,1.0,171.2,103.0,94.0,785.0,175.0,21.0,1.0,11.0,108.0,4.0,14.0,151.0,1.0,11.0,4.93,4.75,1.65,95.2,100.1,2.34,0.05
166,167.0,신재영,1989-11-18,Nexen Heroes,2017,34.0,1.0,1.0,15.0,6.0,7.0,1.0,2.0,125.0,68.0,63.0,537.0,137.0,31.0,2.0,14.0,25.0,1.0,16.0,75.0,0.0,1.0,4.54,4.95,1.3,109.6,99.0,2.34,-0.36
167,168.0,백정현,1987-07-13,Samsung Lions,2018,25.0,0.0,0.0,23.0,7.0,7.0,1.0,0.0,125.2,68.0,64.0,540.0,142.0,27.0,2.0,18.0,36.0,0.0,3.0,99.0,0.0,2.0,4.58,5.05,1.42,115.7,104.1,2.34,-0.87
168,169.0,린드블럼,1987-06-15,Lotte Giants,2017,12.0,0.0,0.0,12.0,5.0,3.0,0.0,0.0,72.2,31.0,30.0,296.0,66.0,10.0,1.0,10.0,18.0,0.0,2.0,76.0,2.0,3.0,3.72,4.26,1.16,135.6,118.6,2.33,0.69
169,170.0,듀브론트,1987-10-23,Lotte Giants,2018,25.0,0.0,0.0,25.0,6.0,9.0,0.0,0.0,137.1,82.0,75.0,629.0,162.0,29.0,2.0,13.0,62.0,1.0,8.0,109.0,3.0,10.0,4.92,4.98,1.63,106.1,104.8,2.33,-1.66
170,171.0,유희관,1986-06-01,Doosan Bears,2017,30.0,2.0,1.0,29.0,11.0,6.0,0.0,1.0,188.2,104.0,95.0,822.0,228.0,37.0,3.0,20.0,41.0,1.0,10.0,106.0,1.0,5.0,4.53,4.78,1.43,106.2,100.6,2.33,-1.03
171,172.0,윤길현,1983-09-23,SSG Landers,2015,70.0,0.0,0.0,0.0,0.0,4.0,13.0,17.0,62.2,25.0,22.0,284.0,58.0,12.0,0.0,7.0,36.0,4.0,2.0,62.0,0.0,3.0,3.16,4.72,1.5,152.9,102.8,2.31,0.17
172,173.0,김민우,1995-07-25,Hanwha Eagles,2020,26.0,0.0,0.0,25.0,5.0,10.0,0.0,0.0,132.2,72.0,64.0,593.0,121.0,16.0,1.0,15.0,72.0,3.0,7.0,124.0,2.0,10.0,4.34,4.88,1.46,108.9,98.2,2.31,-0.68
173,174.0,송명기,2000-08-09,NC Dinos,2020,36.0,0.0,0.0,12.0,9.0,3.0,0.0,0.0,87.2,37.0,36.0,372.0,78.0,13.0,0.0,12.0,39.0,1.0,2.0,72.0,0.0,7.0,3.7,5.06,1.34,132.2,95.9,2.31,0.1
174,175.0,원종현,1987-07-31,NC Dinos,2016,54.0,0.0,0.0,0.0,3.0,3.0,3.0,17.0,70.2,26.0,25.0,283.0,51.0,8.0,0.0,4.0,18.0,0.0,3.0,75.0,0.0,4.0,3.18,3.3,0.98,159.9,155.5,2.31,1.59
175,176.0,박민호,1992-02-25,SSG Landers,2020,57.0,0.0,0.0,0.0,2.0,1.0,4.0,11.0,52.0,16.0,14.0,215.0,43.0,9.0,0.0,4.0,19.0,0.0,2.0,36.0,0.0,0.0,2.42,4.38,1.19,199.1,110.8,2.29,-0.61
176,177.0,왕웨이중,1992-04-25,NC Dinos,2018,25.0,0.0,0.0,25.0,7.0,10.0,0.0,0.0,141.2,83.0,67.0,615.0,169.0,25.0,1.0,16.0,40.0,2.0,2.0,108.0,0.0,2.0,4.26,4.62,1.48,121.9,113.5,2.28,-0.52
177,178.0,김강률,1988-08-28,Doosan Bears,2017,70.0,0.0,0.0,0.0,7.0,2.0,7.0,12.0,89.0,39.0,34.0,383.0,89.0,8.0,1.0,6.0,32.0,0.0,3.0,73.0,0.0,11.0,3.44,4.15,1.36,140.0,116.9,2.28,0.61
178,179.0,임창민,1985-08-25,NC Dinos,2017,60.0,0.0,0.0,0.0,4.0,3.0,29.0,0.0,66.0,27.0,27.0,272.0,60.0,12.0,0.0,10.0,23.0,2.0,1.0,62.0,0.0,4.0,3.68,4.83,1.26,134.7,103.7,2.27,2.41
179,180.0,김태훈,1990-05-19,SSG Landers,2018,61.0,0.0,0.0,4.0,9.0,3.0,0.0,10.0,94.0,44.0,40.0,394.0,88.0,17.0,0.0,8.0,36.0,4.0,2.0,93.0,0.0,11.0,3.83,4.05,1.32,137.3,130.6,2.26,-0.02
180,181.0,손승락,1982-03-04,Lotte Giants,2018,57.0,0.0,0.0,0.0,3.0,5.0,28.0,0.0,57.2,26.0,25.0,250.0,53.0,13.0,0.0,1.0,20.0,4.0,1.0,60.0,0.0,2.0,3.9,2.86,1.27,133.7,182.5,2.24,0.69
181,182.0,이재학,1990-10-04,NC Dinos,2016,26.0,0.0,0.0,24.0,12.0,4.0,0.0,0.0,127.2,72.0,65.0,569.0,140.0,16.0,2.0,19.0,54.0,0.0,6.0,134.0,0.0,3.0,4.58,5.04,1.52,111.1,102.0,2.23,-1.16
182,183.0,김재윤,1990-09-16,Kia Tigers,2020,56.0,0.0,0.0,0.0,5.0,3.0,21.0,1.0,60.2,23.0,22.0,256.0,62.0,4.0,2.0,7.0,15.0,3.0,0.0,58.0,0.0,0.0,3.26,3.74,1.27,147.2,127.7,2.22,0.16
183,184.0,베렛,1990-06-19,NC Dinos,2018,29.0,0.0,0.0,29.0,6.0,10.0,0.0,0.0,155.0,94.0,91.0,698.0,178.0,31.0,2.0,24.0,59.0,0.0,9.0,144.0,1.0,10.0,5.28,5.3,1.53,98.2,99.1,2.22,-2.29
184,185.0,이현승,1983-10-11,Doosan Bears,2015,41.0,0.0,0.0,0.0,3.0,1.0,18.0,2.0,46.2,16.0,15.0,191.0,45.0,9.0,0.0,3.0,10.0,2.0,2.0,41.0,0.0,2.0,2.89,3.34,1.18,162.1,141.4,2.21,2.47
185,186.0,배제성,1996-09-29,Kia Tigers,2019,28.0,1.0,1.0,21.0,10.0,10.0,0.0,0.0,131.2,58.0,55.0,564.0,132.0,18.0,3.0,6.0,56.0,0.0,3.0,91.0,0.0,10.0,3.76,3.96,1.43,110.1,104.5,2.21,0.18
186,187.0,로치,1989-12-14,KT Wiz,2017,28.0,1.0,0.0,28.0,4.0,15.0,0.0,0.0,165.0,106.0,86.0,743.0,200.0,33.0,3.0,18.0,60.0,0.0,13.0,99.0,1.0,10.0,4.69,5.28,1.58,108.0,94.3,2.21,-2.37
187,188.0,윤대경,1994-04-09,Hanwha Eagles,2020,55.0,0.0,0.0,0.0,5.0,0.0,0.0,7.0,51.0,16.0,9.0,225.0,48.0,7.0,0.0,3.0,25.0,3.0,3.0,42.0,0.0,1.0,1.59,4.14,1.43,297.7,115.5,2.2,0.61
188,189.0,구승민,1990-06-12,Lotte Giants,2018,64.0,0.0,0.0,0.0,7.0,4.0,0.0,14.0,73.2,33.0,30.0,307.0,62.0,15.0,0.0,12.0,31.0,6.0,3.0,75.0,1.0,2.0,3.67,5.06,1.26,142.3,103.6,2.2,-0.26
189,190.0,스틴슨,1988-03-14,Kia Tigers,2015,32.0,0.0,0.0,30.0,11.0,10.0,0.0,0.0,167.0,100.0,92.0,756.0,190.0,30.0,6.0,15.0,64.0,0.0,14.0,93.0,0.0,4.0,4.96,5.07,1.52,99.5,97.3,2.19,-2.21
190,191.0,백정현,1987-07-13,Samsung Lions,2017,35.0,0.0,0.0,14.0,8.0,4.0,0.0,3.0,100.2,52.0,49.0,446.0,110.0,23.0,2.0,11.0,36.0,1.0,6.0,94.0,0.0,4.0,4.38,4.51,1.45,115.8,111.5,2.14,0.28
191,192.0,박준표,1992-06-26,Kia Tigers,2019,49.0,0.0,0.0,0.0,5.0,2.0,0.0,15.0,56.0,15.0,13.0,210.0,42.0,5.0,1.0,4.0,6.0,1.0,4.0,30.0,0.0,1.0,2.09,3.74,0.86,200.7,111.8,2.14,1.94
192,193.0,박종훈,1991-08-13,SSG Landers,2019,28.0,0.0,0.0,28.0,8.0,11.0,0.0,0.0,144.0,72.0,62.0,643.0,157.0,29.0,0.0,12.0,59.0,0.0,13.0,100.0,0.0,1.0,3.88,4.6,1.5,109.8,92.8,2.1,0.73
193,194.0,심창민,1993-02-01,Samsung Lions,2017,66.0,0.0,0.0,0.0,4.0,7.0,6.0,16.0,75.1,36.0,35.0,333.0,55.0,7.0,0.0,12.0,44.0,7.0,7.0,103.0,0.0,5.0,4.18,4.82,1.31,121.3,104.5,2.08,0.59
194,195.0,임창용,1976-06-04,Samsung Lions,2015,55.0,0.0,0.0,0.0,5.0,2.0,33.0,0.0,54.0,17.0,17.0,219.0,45.0,8.0,1.0,2.0,13.0,2.0,3.0,71.0,0.0,1.0,2.83,2.25,1.07,174.3,218.1,2.08,0.29
195,196.0,주권,1995-05-31,Kia Tigers,2019,71.0,0.0,0.0,0.0,6.0,2.0,2.0,25.0,75.1,25.0,25.0,296.0,64.0,15.0,0.0,7.0,14.0,0.0,2.0,47.0,0.0,1.0,2.99,4.0,1.04,138.6,102.8,2.08,3.22
196,197.0,윤규진,1984-07-28,Hanwha Eagles,2015,40.0,0.0,0.0,0.0,3.0,2.0,10.0,3.0,50.2,15.0,15.0,205.0,39.0,6.0,0.0,3.0,21.0,3.0,0.0,48.0,0.0,2.0,2.66,3.56,1.18,187.0,138.2,2.07,1.17
197,198.0,백정현,1987-07-13,Samsung Lions,2019,28.0,1.0,1.0,27.0,8.0,10.0,0.0,0.0,157.0,85.0,74.0,677.0,158.0,29.0,4.0,17.0,56.0,0.0,6.0,82.0,0.0,4.0,4.24,4.95,1.36,102.3,86.3,2.07,-0.65
198,199.0,허프,1984-08-22,LG Twins,2016,13.0,0.0,0.0,11.0,7.0,2.0,0.0,1.0,74.2,34.0,26.0,299.0,72.0,11.0,2.0,2.0,9.0,0.0,1.0,46.0,0.0,0.0,3.13,3.31,1.09,162.3,154.9,2.07,0.49
199,200.0,다익손,1994-07-02,Lotte Giants,2019,29.0,0.0,0.0,28.0,6.0,10.0,0.0,0.0,149.1,81.0,72.0,649.0,164.0,23.0,3.0,15.0,40.0,1.0,6.0,117.0,1.0,4.0,4.34,4.05,1.37,97.3,104.9,2.06,-0.58
200,201.0,임정우,1991-04-02,LG Twins,2016,67.0,0.0,0.0,0.0,3.0,8.0,28.0,0.0,70.2,31.0,30.0,317.0,73.0,10.0,2.0,5.0,36.0,4.0,6.0,87.0,0.0,6.0,3.82,3.86,1.54,133.1,130.2,2.06,0.15
201,202.0,박세웅,1995-11-30,Lotte Giants,2020,28.0,0.0,0.0,28.0,8.0,10.0,0.0,0.0,147.1,85.0,77.0,658.0,177.0,27.0,2.0,20.0,47.0,0.0,8.0,108.0,0.0,13.0,4.7,4.97,1.52,103.6,96.5,2.02,-1.77
202,203.0,이영하,1997-11-01,Doosan Bears,2020,42.0,0.0,0.0,19.0,5.0,11.0,6.0,0.0,132.0,78.0,68.0,605.0,148.0,26.0,1.0,9.0,66.0,3.0,5.0,85.0,1.0,4.0,4.64,4.7,1.62,99.9,99.1,2.02,-1.97
203,204.0,라이트,1990-01-03,NC Dinos,2020,29.0,0.0,0.0,29.0,11.0,9.0,0.0,0.0,157.2,87.0,82.0,696.0,164.0,27.0,2.0,12.0,63.0,0.0,10.0,125.0,2.0,5.0,4.68,4.35,1.44,104.4,111.0,2.01,-1.57
204,205.0,정우람,1985-06-01,Hanwha Eagles,2018,55.0,0.0,0.0,0.0,5.0,3.0,35.0,0.0,53.0,22.0,20.0,220.0,49.0,9.0,0.0,6.0,12.0,1.0,2.0,56.0,0.0,1.0,3.4,3.93,1.15,156.0,136.2,2.01,1.45
205,206.0,한현희,1993-06-25,Nexen Heroes,2015,45.0,0.0,0.0,17.0,11.0,4.0,0.0,10.0,123.1,70.0,66.0,542.0,126.0,18.0,2.0,14.0,41.0,0.0,13.0,122.0,1.0,3.0,4.82,4.43,1.35,103.3,112.2,2.0,0.26
206,207.0,우규민,1985-01-21,Samsung Lions,2019,54.0,0.0,0.0,0.0,2.0,7.0,15.0,7.0,59.0,20.0,18.0,247.0,58.0,3.0,0.0,7.0,10.0,1.0,6.0,40.0,0.0,0.0,2.75,4.35,1.15,158.0,98.4,1.99,0.96
207,208.0,강재민,1997-04-03,Hanwha Eagles,2020,50.0,0.0,0.0,0.0,1.0,2.0,1.0,14.0,49.0,16.0,14.0,203.0,41.0,5.0,0.0,3.0,18.0,1.0,0.0,57.0,1.0,2.0,2.57,3.07,1.2,183.9,156.0,1.99,1.84
208,209.0,탈보트,1983-10-17,Hanwha Eagles,2015,30.0,1.0,0.0,30.0,10.0,11.0,0.0,0.0,156.1,93.0,82.0,695.0,153.0,26.0,1.0,11.0,85.0,4.0,13.0,120.0,4.0,11.0,4.72,4.8,1.52,105.5,102.6,1.98,-1.61
209,210.0,로저스,1985-08-14,Nexen Heroes,2018,13.0,1.0,0.0,13.0,5.0,4.0,0.0,0.0,83.0,40.0,35.0,345.0,89.0,7.0,4.0,7.0,16.0,0.0,5.0,65.0,0.0,8.0,3.8,4.12,1.27,135.8,124.2,1.97,0.07
210,211.0,구승민,1990-06-12,Lotte Giants,2020,57.0,0.0,0.0,0.0,5.0,2.0,0.0,20.0,60.1,25.0,24.0,238.0,40.0,9.0,0.0,8.0,26.0,2.0,0.0,58.0,0.0,1.0,3.58,4.55,1.09,136.1,105.5,1.94,0.94
211,212.0,박희수,1983-07-13,SSG Landers,2016,51.0,0.0,0.0,0.0,4.0,5.0,26.0,0.0,54.2,23.0,20.0,237.0,43.0,6.0,0.0,3.0,26.0,3.0,5.0,37.0,0.0,2.0,3.29,4.69,1.26,158.5,111.3,1.94,1.75
212,213.0,소사,1985-07-28,SSG Landers,2019,16.0,0.0,0.0,16.0,9.0,3.0,0.0,0.0,94.1,42.0,40.0,387.0,85.0,6.0,0.0,15.0,23.0,0.0,2.0,96.0,1.0,3.0,3.82,4.23,1.15,111.5,103.0,1.93,1.38
213,214.0,김지용,1988-02-20,LG Twins,2016,51.0,0.0,0.0,0.0,3.0,4.0,0.0,17.0,63.0,25.0,25.0,258.0,52.0,10.0,1.0,9.0,18.0,3.0,5.0,56.0,0.0,4.0,3.57,4.82,1.11,142.4,102.1,1.92,1.81
214,215.0,홍성민,1989-07-15,Lotte Giants,2015,67.0,0.0,0.0,0.0,4.0,4.0,1.0,8.0,82.0,38.0,36.0,352.0,85.0,19.0,2.0,8.0,24.0,4.0,10.0,65.0,0.0,4.0,3.95,4.4,1.33,127.6,111.9,1.91,-1.04
215,216.0,박정배,1982-04-01,SSG Landers,2017,61.0,0.0,0.0,0.0,5.0,3.0,7.0,16.0,68.0,32.0,27.0,290.0,58.0,12.0,2.0,9.0,33.0,6.0,3.0,49.0,0.0,4.0,3.57,5.34,1.34,140.8,95.0,1.91,1.87
216,217.0,박종훈,1991-08-13,SSG Landers,2020,29.0,0.0,0.0,28.0,13.0,11.0,0.0,0.0,157.1,90.0,84.0,691.0,146.0,21.0,3.0,14.0,78.0,1.0,22.0,134.0,0.0,5.0,4.81,4.9,1.42,100.4,99.5,1.9,-1.54
217,218.0,금민철,1986-11-07,Kia Tigers,2018,29.0,0.0,0.0,29.0,8.0,12.0,0.0,0.0,156.1,104.0,94.0,720.0,212.0,30.0,1.0,19.0,68.0,1.0,7.0,79.0,0.0,10.0,5.41,5.82,1.79,97.9,89.2,1.89,-3.08
218,219.0,김윤동,1993-04-01,Kia Tigers,2017,65.0,0.0,0.0,1.0,7.0,4.0,11.0,6.0,80.1,41.0,41.0,356.0,70.0,8.0,1.0,10.0,47.0,3.0,5.0,66.0,1.0,7.0,4.59,5.54,1.46,108.2,89.9,1.89,-0.31
219,220.0,산체스,1989-11-28,SSG Landers,2018,29.0,0.0,0.0,26.0,8.0,8.0,0.0,1.0,145.1,90.0,79.0,632.0,161.0,21.0,3.0,26.0,39.0,1.0,7.0,124.0,0.0,12.0,4.89,5.38,1.38,107.5,98.8,1.88,-1.34
220,221.0,진명호,1989-03-20,Lotte Giants,2019,60.0,0.0,0.0,0.0,3.0,2.0,0.0,9.0,63.1,24.0,24.0,273.0,56.0,12.0,0.0,4.0,35.0,4.0,1.0,51.0,0.0,3.0,3.41,4.13,1.44,122.9,101.2,1.88,0.68
221,222.0,양훈,1986-05-29,Nexen Heroes,2015,16.0,0.0,0.0,3.0,2.0,1.0,0.0,0.0,38.1,9.0,6.0,153.0,33.0,6.0,0.0,1.0,14.0,0.0,0.0,15.0,0.0,0.0,1.41,4.27,1.23,353.3,115.3,1.86,0.7
222,223.0,심창민,1993-02-01,Samsung Lions,2018,59.0,0.0,0.0,0.0,5.0,2.0,17.0,5.0,66.1,32.0,30.0,284.0,57.0,9.0,2.0,12.0,22.0,2.0,9.0,68.0,0.0,1.0,4.07,5.45,1.19,130.3,96.7,1.86,1.28
223,224.0,김상수,1988-01-02,Nexen Heroes,2017,60.0,0.0,0.0,0.0,0.0,7.0,15.0,9.0,61.1,29.0,26.0,262.0,59.0,9.0,0.0,8.0,22.0,5.0,3.0,62.0,1.0,5.0,3.82,4.39,1.32,130.4,110.9,1.85,-2.6
224,225.0,장현식,1995-02-24,NC Dinos,2016,37.0,0.0,0.0,5.0,1.0,3.0,0.0,1.0,76.1,40.0,38.0,331.0,68.0,13.0,2.0,5.0,43.0,0.0,2.0,59.0,0.0,13.0,4.48,4.87,1.45,113.6,106.1,1.84,-0.3
225,226.0,최영필,1974-05-13,Kia Tigers,2015,59.0,0.0,0.0,0.0,5.0,2.0,0.0,10.0,63.0,23.0,20.0,247.0,57.0,8.0,0.0,8.0,8.0,0.0,2.0,51.0,0.0,1.0,2.86,4.12,1.03,172.6,120.1,1.84,-0.02
226,227.0,전상현,1996-04-18,Kia Tigers,2019,57.0,0.0,0.0,0.0,1.0,4.0,0.0,15.0,60.2,21.0,21.0,245.0,45.0,8.0,1.0,3.0,21.0,2.0,2.0,62.0,0.0,2.0,3.12,3.04,1.09,134.6,138.6,1.83,0.47
227,228.0,최금강,1989-04-26,NC Dinos,2015,78.0,0.0,0.0,0.0,6.0,5.0,1.0,14.0,89.2,40.0,37.0,384.0,77.0,12.0,1.0,11.0,37.0,2.0,11.0,61.0,0.0,12.0,3.71,5.39,1.27,129.0,90.6,1.81,-1.05
228,229.0,고영표,1991-09-16,Kia Tigers,2018,25.0,3.0,1.0,23.0,6.0,9.0,0.0,0.0,142.0,91.0,81.0,620.0,175.0,27.0,4.0,17.0,25.0,1.0,14.0,134.0,1.0,2.0,5.13,4.31,1.41,103.2,120.6,1.8,-2.0
229,230.0,조현우,1994-03-30,Kia Tigers,2020,54.0,0.0,0.0,0.0,5.0,1.0,1.0,9.0,46.2,16.0,16.0,196.0,38.0,8.0,1.0,1.0,22.0,1.0,1.0,33.0,0.0,3.0,3.09,3.83,1.29,155.7,124.7,1.79,1.06
230,231.0,이민호,2001-08-30,LG Twins,2020,20.0,0.0,0.0,16.0,4.0,4.0,0.0,0.0,97.2,46.0,40.0,434.0,94.0,19.0,0.0,5.0,44.0,1.0,10.0,67.0,1.0,4.0,3.69,4.48,1.41,125.6,104.4,1.79,0.54
231,232.0,윤지웅,1988-03-11,LG Twins,2015,78.0,0.0,0.0,0.0,3.0,1.0,0.0,12.0,62.0,26.0,26.0,245.0,47.0,6.0,1.0,3.0,17.0,0.0,1.0,54.0,0.0,4.0,3.77,3.37,1.03,124.3,141.5,1.78,1.04
232,233.0,이현호,1992-07-14,Doosan Bears,2015,49.0,0.0,0.0,7.0,6.0,1.0,0.0,2.0,86.0,43.0,40.0,377.0,83.0,6.0,2.0,8.0,35.0,0.0,4.0,87.0,0.0,17.0,4.19,4.16,1.37,112.0,112.5,1.77,-0.18
233,234.0,양현,1992-08-23,Kiwoom Heroes,2020,58.0,0.0,0.0,1.0,8.0,3.0,2.0,11.0,60.0,23.0,22.0,245.0,58.0,9.0,1.0,4.0,17.0,0.0,3.0,33.0,0.0,1.0,3.3,4.32,1.25,143.0,108.3,1.77,-0.17
234,235.0,이상화,1988-03-01,KT Wiz,2017,70.0,0.0,0.0,0.0,4.0,3.0,6.0,4.0,66.0,32.0,29.0,277.0,68.0,12.0,1.0,4.0,16.0,3.0,4.0,57.0,1.0,4.0,3.95,3.57,1.27,128.2,140.5,1.77,0.87
235,236.0,보니야,1990-06-18,Samsung Lions,2018,29.0,0.0,0.0,29.0,7.0,10.0,0.0,0.0,168.0,111.0,99.0,752.0,193.0,40.0,2.0,23.0,63.0,1.0,12.0,151.0,1.0,9.0,5.3,5.14,1.52,100.0,102.2,1.77,-1.92
236,237.0,송승준,1980-06-29,Lotte Giants,2015,25.0,0.0,0.0,23.0,8.0,7.0,0.0,0.0,125.0,71.0,66.0,551.0,131.0,19.0,1.0,17.0,46.0,1.0,4.0,112.0,0.0,8.0,4.75,4.77,1.42,106.1,103.5,1.76,0.12
237,238.0,조상우,1994-09-04,Kiwoom Heroes,2019,48.0,0.0,0.0,0.0,2.0,4.0,20.0,8.0,47.1,15.0,14.0,192.0,45.0,3.0,0.0,3.0,8.0,0.0,2.0,46.0,0.0,1.0,2.66,2.92,1.12,155.5,141.0,1.75,2.1
238,239.0,코엘로,1984-11-23,Nexen Heroes,2016,12.0,0.0,0.0,12.0,6.0,5.0,0.0,0.0,62.0,29.0,26.0,271.0,50.0,7.0,0.0,6.0,42.0,0.0,2.0,46.0,0.0,0.0,3.77,5.7,1.48,139.1,91.0,1.75,0.1
239,240.0,한현희,1993-06-25,Nexen Heroes,2017,38.0,0.0,0.0,13.0,5.0,6.0,5.0,5.0,106.2,61.0,53.0,457.0,105.0,22.0,2.0,14.0,17.0,0.0,17.0,79.0,0.0,3.0,4.47,4.92,1.14,111.2,99.3,1.74,-1.8
240,241.0,김세현,1987-08-07,Nexen Heroes,2015,57.0,1.0,1.0,4.0,4.0,5.0,0.0,6.0,90.1,47.0,44.0,389.0,90.0,12.0,3.0,14.0,28.0,0.0,7.0,85.0,0.0,6.0,4.38,4.91,1.31,113.5,101.5,1.74,-1.41
241,242.0,장필준,1988-04-08,Samsung Lions,2019,61.0,0.0,0.0,0.0,3.0,3.0,11.0,15.0,69.2,29.0,28.0,302.0,64.0,12.0,1.0,7.0,33.0,3.0,3.0,53.0,0.0,4.0,3.62,4.61,1.39,120.0,92.5,1.74,0.79
242,243.0,김상수,1988-01-02,Kiwoom Heroes,2019,67.0,0.0,0.0,0.0,3.0,5.0,0.0,40.0,56.2,19.0,18.0,238.0,50.0,6.0,0.0,3.0,28.0,1.0,2.0,60.0,0.0,0.0,2.86,3.51,1.38,144.8,117.7,1.73,1.04
243,244.0,박치국,1998-03-10,Doosan Bears,2018,67.0,0.0,0.0,0.0,1.0,5.0,3.0,17.0,67.0,30.0,27.0,293.0,80.0,13.0,0.0,5.0,15.0,4.0,9.0,60.0,1.0,1.0,3.63,3.91,1.42,139.4,129.6,1.72,0.27
244,245.0,노경은,1984-03-11,Lotte Giants,2020,25.0,1.0,0.0,24.0,5.0,10.0,0.0,0.0,133.0,76.0,72.0,574.0,139.0,31.0,1.0,19.0,40.0,2.0,3.0,77.0,0.0,3.0,4.87,5.18,1.35,100.0,92.7,1.7,-0.54
245,246.0,이재학,1990-10-04,NC Dinos,2019,24.0,0.0,0.0,23.0,10.0,4.0,0.0,0.0,129.2,62.0,55.0,560.0,133.0,24.0,2.0,6.0,43.0,0.0,9.0,91.0,0.0,6.0,3.82,3.8,1.36,110.4,110.9,1.7,0.29
246,247.0,김재윤,1990-09-16,Kia Tigers,2019,43.0,0.0,0.0,0.0,2.0,2.0,7.0,9.0,47.2,13.0,12.0,177.0,27.0,3.0,0.0,4.0,12.0,2.0,1.0,42.0,0.0,1.0,2.27,3.42,0.82,182.7,120.2,1.68,1.38
247,248.0,신재웅,1982-03-28,SSG Landers,2018,54.0,0.0,0.0,0.0,2.0,3.0,16.0,6.0,52.0,23.0,16.0,226.0,49.0,3.0,0.0,5.0,28.0,0.0,1.0,43.0,0.0,3.0,2.77,5.1,1.48,189.9,102.8,1.68,-0.38
248,249.0,윤규진,1984-07-28,Hanwha Eagles,2017,36.0,0.0,0.0,18.0,8.0,7.0,0.0,2.0,119.0,71.0,69.0,526.0,138.0,20.0,2.0,19.0,44.0,0.0,4.0,93.0,0.0,5.0,5.22,5.46,1.53,96.4,92.9,1.68,-0.29
249,250.0,채병용,1982-04-25,SSG Landers,2016,68.0,0.0,0.0,0.0,6.0,3.0,2.0,9.0,83.2,43.0,40.0,345.0,77.0,14.0,1.0,9.0,29.0,1.0,3.0,67.0,0.0,2.0,4.3,4.7,1.27,121.3,111.5,1.67,1.93
250,251.0,문승원,1989-11-28,SSG Landers,2017,29.0,1.0,0.0,29.0,6.0,12.0,0.0,0.0,155.1,98.0,92.0,695.0,181.0,32.0,2.0,25.0,54.0,1.0,11.0,86.0,1.0,5.0,5.33,5.96,1.51,94.4,85.1,1.67,-1.89
251,252.0,이민호,1993-08-11,NC Dinos,2017,60.0,0.0,0.0,3.0,5.0,1.0,3.0,6.0,88.2,46.0,40.0,388.0,88.0,21.0,2.0,10.0,30.0,4.0,8.0,86.0,0.0,5.0,4.06,4.41,1.33,122.1,113.3,1.66,-0.67
252,253.0,오현택,1985-07-17,Lotte Giants,2018,72.0,0.0,0.0,0.0,3.0,2.0,0.0,25.0,64.2,32.0,27.0,268.0,66.0,9.0,0.0,11.0,12.0,0.0,3.0,63.0,1.0,2.0,3.76,4.79,1.21,138.8,109.3,1.64,0.11
253,254.0,임창민,1985-08-25,NC Dinos,2015,61.0,0.0,0.0,0.0,1.0,5.0,31.0,0.0,64.0,28.0,27.0,266.0,57.0,5.0,2.0,7.0,21.0,2.0,1.0,72.0,0.0,3.0,3.8,3.73,1.22,126.2,130.7,1.64,2.04
254,255.0,구창모,1997-02-17,NC Dinos,2018,36.0,0.0,0.0,23.0,5.0,11.0,0.0,1.0,133.0,83.0,79.0,598.0,158.0,31.0,2.0,21.0,52.0,0.0,7.0,116.0,1.0,16.0,5.35,5.47,1.58,97.1,96.1,1.63,-1.07
255,256.0,정재훈,1980-01-01,Doosan Bears,2016,46.0,0.0,0.0,0.0,1.0,5.0,2.0,23.0,52.1,21.0,19.0,219.0,43.0,10.0,1.0,3.0,17.0,1.0,5.0,56.0,0.0,2.0,3.27,3.6,1.15,156.4,140.9,1.62,0.9
256,257.0,차우찬,1987-05-31,Samsung Lions,2015,31.0,0.0,0.0,29.0,13.0,7.0,0.0,1.0,173.0,98.0,92.0,743.0,160.0,36.0,1.0,28.0,74.0,1.0,5.0,194.0,1.0,9.0,4.79,4.83,1.35,103.2,101.8,1.62,-0.03
257,258.0,윤명준,1989-06-18,Doosan Bears,2019,69.0,0.0,0.0,0.0,6.0,2.0,1.0,14.0,68.1,23.0,20.0,279.0,63.0,14.0,0.0,3.0,20.0,2.0,3.0,40.0,0.0,7.0,2.63,3.73,1.22,155.8,110.3,1.62,0.36
258,259.0,전상현,1996-04-18,Kia Tigers,2020,47.0,0.0,0.0,0.0,2.0,2.0,15.0,13.0,47.2,21.0,13.0,198.0,35.0,6.0,1.0,4.0,22.0,0.0,0.0,64.0,0.0,2.0,2.45,3.35,1.2,195.5,145.0,1.61,1.87
259,260.0,김원중,1993-06-14,Lotte Giants,2020,58.0,0.0,0.0,0.0,5.0,4.0,25.0,0.0,59.1,29.0,26.0,249.0,52.0,14.0,1.0,8.0,23.0,5.0,0.0,57.0,0.0,1.0,3.94,4.3,1.26,123.5,111.8,1.61,-0.63
260,261.0,윌랜드,1990-01-21,Kia Tigers,2019,28.0,0.0,0.0,28.0,8.0,10.0,0.0,0.0,165.0,95.0,87.0,726.0,191.0,41.0,1.0,17.0,59.0,1.0,5.0,137.0,0.0,4.0,4.75,4.23,1.52,88.4,99.0,1.61,-0.78
261,262.0,이승현,1991-11-20,Samsung Lions,2020,65.0,0.0,0.0,0.0,1.0,2.0,0.0,14.0,54.1,22.0,21.0,226.0,45.0,7.0,1.0,11.0,25.0,1.0,0.0,52.0,0.0,2.0,3.48,5.6,1.29,141.0,88.2,1.61,0.25
262,263.0,오주원,1985-03-31,Kiwoom Heroes,2019,57.0,0.0,0.0,0.0,3.0,3.0,18.0,3.0,54.1,17.0,14.0,223.0,54.0,7.0,0.0,1.0,7.0,0.0,3.0,41.0,0.0,1.0,2.32,2.69,1.12,178.5,155.1,1.6,1.33
263,264.0,저마노,1982-08-06,KT Wiz,2015,15.0,0.0,0.0,14.0,3.0,6.0,0.0,1.0,76.2,46.0,42.0,347.0,111.0,17.0,2.0,7.0,15.0,0.0,3.0,40.0,0.0,1.0,4.93,4.46,1.64,101.9,109.4,1.58,-0.99
264,265.0,임창용,1976-06-04,Kia Tigers,2018,37.0,0.0,0.0,12.0,5.0,5.0,4.0,4.0,86.1,54.0,52.0,388.0,92.0,24.0,1.0,16.0,29.0,1.0,11.0,84.0,0.0,5.0,5.42,5.65,1.4,94.7,91.2,1.56,-0.99
265,266.0,지크,1989-09-11,Kia Tigers,2016,30.0,0.0,0.0,29.0,10.0,13.0,0.0,0.0,152.0,104.0,89.0,705.0,188.0,30.0,1.0,16.0,68.0,0.0,5.0,125.0,1.0,5.0,5.27,4.96,1.68,98.3,105.4,1.54,-2.53
266,267.0,구창모,1997-02-17,NC Dinos,2016,39.0,0.0,0.0,9.0,4.0,1.0,0.0,1.0,68.2,32.0,32.0,296.0,61.0,11.0,0.0,9.0,37.0,0.0,2.0,67.0,2.0,9.0,4.19,5.25,1.43,121.4,98.1,1.54,-0.53
267,268.0,홍건희,1992-09-29,Kia Tigers,2016,50.0,0.0,0.0,9.0,4.0,4.0,4.0,5.0,90.1,53.0,50.0,407.0,103.0,17.0,1.0,10.0,41.0,2.0,1.0,83.0,0.0,8.0,4.98,4.72,1.59,104.0,110.8,1.52,-0.67
268,269.0,김진성,1985-03-07,NC Dinos,2016,69.0,0.0,0.0,0.0,6.0,8.0,1.0,14.0,84.1,44.0,42.0,347.0,79.0,11.0,3.0,15.0,16.0,0.0,2.0,100.0,1.0,8.0,4.48,4.37,1.13,113.6,116.9,1.52,-0.58
269,270.0,최영필,1974-05-13,Kia Tigers,2016,54.0,0.0,0.0,3.0,4.0,3.0,2.0,10.0,57.1,26.0,23.0,249.0,74.0,11.0,1.0,6.0,8.0,0.0,3.0,54.0,0.0,5.0,3.61,3.85,1.43,143.4,136.6,1.51,-0.74
270,271.0,임찬규,1992-11-20,LG Twins,2020,27.0,0.0,0.0,26.0,10.0,9.0,0.0,0.0,147.2,76.0,67.0,641.0,143.0,29.0,2.0,14.0,65.0,0.0,5.0,138.0,0.0,4.0,4.08,4.34,1.41,113.3,106.3,1.51,-0.22
271,272.0,임창용,1976-06-04,Kia Tigers,2017,51.0,0.0,0.0,0.0,8.0,6.0,7.0,9.0,50.0,22.0,21.0,225.0,51.0,7.0,1.0,3.0,22.0,2.0,5.0,58.0,0.0,2.0,3.78,3.7,1.46,131.4,135.5,1.51,-1.31
272,273.0,원태인,2000-04-06,Samsung Lions,2020,27.0,0.0,0.0,26.0,6.0,10.0,0.0,0.0,140.0,84.0,76.0,626.0,162.0,32.0,1.0,19.0,56.0,2.0,5.0,78.0,0.0,6.0,4.89,5.47,1.56,100.4,89.4,1.51,-1.23
273,274.0,전유수,1986-11-29,SSG Landers,2015,66.0,0.0,0.0,0.0,3.0,6.0,1.0,5.0,77.2,39.0,38.0,337.0,66.0,12.0,1.0,9.0,42.0,5.0,5.0,84.0,0.0,2.0,4.4,4.58,1.39,109.7,105.6,1.5,0.24
274,275.0,정찬헌,1990-01-26,LG Twins,2020,19.0,1.0,1.0,19.0,7.0,4.0,0.0,0.0,110.1,51.0,43.0,470.0,116.0,22.0,1.0,10.0,31.0,0.0,4.0,85.0,0.0,5.0,3.51,4.15,1.33,131.9,111.4,1.5,0.66
275,276.0,장필준,1988-04-08,Samsung Lions,2018,61.0,0.0,0.0,0.0,5.0,5.0,6.0,13.0,66.1,35.0,32.0,290.0,65.0,15.0,1.0,6.0,25.0,2.0,6.0,74.0,0.0,0.0,4.34,4.09,1.36,122.2,127.5,1.49,-0.78
276,277.0,헤일,1987-09-27,Hanwha Eagles,2018,12.0,0.0,0.0,12.0,3.0,4.0,0.0,0.0,66.1,35.0,32.0,277.0,68.0,10.0,0.0,8.0,17.0,0.0,4.0,55.0,0.0,3.0,4.34,4.69,1.28,122.0,113.6,1.48,-0.56
277,278.0,이보근,1986-04-30,Kia Tigers,2020,49.0,0.0,0.0,0.0,3.0,1.0,6.0,9.0,46.2,17.0,13.0,192.0,42.0,5.0,0.0,2.0,12.0,1.0,2.0,27.0,0.0,3.0,2.51,3.79,1.16,191.6,125.8,1.48,0.04
278,279.0,정해영,2001-08-23,Kia Tigers,2020,47.0,0.0,0.0,0.0,5.0,3.0,1.0,11.0,37.2,15.0,14.0,169.0,40.0,5.0,1.0,2.0,24.0,2.0,2.0,32.0,0.0,7.0,3.35,4.46,1.7,143.5,107.5,1.47,-0.66
279,280.0,임기준,1991-10-08,Kia Tigers,2018,55.0,0.0,0.0,0.0,5.0,1.0,2.0,8.0,56.0,27.0,22.0,243.0,59.0,5.0,1.0,7.0,23.0,0.0,3.0,45.0,1.0,3.0,3.54,5.24,1.46,145.2,98.4,1.47,1.04
280,281.0,임정우,1991-04-02,LG Twins,2015,54.0,0.0,0.0,11.0,6.0,9.0,5.0,3.0,109.0,65.0,61.0,501.0,123.0,32.0,2.0,8.0,50.0,4.0,14.0,99.0,1.0,8.0,5.04,4.4,1.59,93.2,107.4,1.46,-1.0
281,282.0,박치국,1998-03-10,Doosan Bears,2020,63.0,0.0,0.0,0.0,4.0,4.0,0.0,6.0,71.2,34.0,23.0,317.0,65.0,12.0,2.0,5.0,34.0,4.0,5.0,66.0,0.0,1.0,2.89,4.09,1.38,160.4,113.5,1.46,-0.27
282,283.0,김진성,1985-03-07,NC Dinos,2020,48.0,0.0,0.0,0.0,3.0,0.0,0.0,6.0,47.1,16.0,14.0,190.0,41.0,8.0,2.0,4.0,10.0,1.0,0.0,56.0,0.0,2.0,2.66,2.86,1.08,183.5,169.7,1.46,1.13
283,284.0,이현승,1983-10-11,Doosan Bears,2017,57.0,0.0,0.0,0.0,3.0,2.0,5.0,9.0,52.0,23.0,23.0,235.0,62.0,9.0,2.0,4.0,16.0,3.0,4.0,38.0,0.0,0.0,3.98,4.25,1.5,120.9,113.6,1.45,-0.9
284,285.0,최성영,1997-04-28,NC Dinos,2019,26.0,0.0,0.0,15.0,4.0,1.0,0.0,2.0,82.1,39.0,36.0,368.0,79.0,15.0,3.0,3.0,48.0,0.0,4.0,62.0,0.0,3.0,3.94,4.27,1.54,107.1,98.9,1.45,-0.01
285,286.0,차우찬,1987-05-31,LG Twins,2019,29.0,0.0,0.0,28.0,13.0,8.0,0.0,0.0,168.1,87.0,77.0,730.0,181.0,30.0,1.0,16.0,59.0,0.0,5.0,124.0,0.0,13.0,4.12,4.31,1.43,99.7,94.1,1.44,0.19
286,287.0,휠러,1990-10-27,Hanwha Eagles,2018,19.0,0.0,0.0,19.0,3.0,9.0,0.0,0.0,101.2,62.0,58.0,459.0,128.0,16.0,0.0,12.0,34.0,1.0,10.0,94.0,1.0,2.0,5.13,4.79,1.59,103.2,111.5,1.43,-1.07
287,288.0,양창섭,1999-09-22,Samsung Lions,2018,19.0,0.0,0.0,17.0,7.0,6.0,0.0,0.0,87.1,52.0,49.0,400.0,100.0,22.0,0.0,12.0,34.0,0.0,10.0,49.0,1.0,3.0,5.05,6.01,1.53,105.0,87.4,1.42,-0.72
288,289.0,손승락,1982-03-04,Lotte Giants,2016,48.0,0.0,0.0,0.0,7.0,3.0,20.0,0.0,50.2,25.0,24.0,232.0,61.0,6.0,1.0,5.0,24.0,4.0,3.0,48.0,1.0,5.0,4.26,4.54,1.68,122.6,114.9,1.42,0.8
289,290.0,김상수,1988-01-02,Nexen Heroes,2016,67.0,0.0,0.0,0.0,6.0,5.0,0.0,21.0,74.0,40.0,38.0,331.0,77.0,14.0,4.0,6.0,34.0,2.0,1.0,76.0,0.0,2.0,4.62,4.13,1.5,113.6,125.7,1.42,-0.94
290,291.0,장시환,1987-11-01,Hanwha Eagles,2020,26.0,0.0,0.0,26.0,4.0,14.0,0.0,0.0,132.2,81.0,74.0,603.0,139.0,27.0,1.0,15.0,74.0,0.0,8.0,115.0,0.0,10.0,5.02,5.15,1.61,94.2,93.1,1.4,-1.62
291,292.0,김성민,1994-04-26,Kiwoom Heroes,2019,50.0,0.0,0.0,0.0,2.0,0.0,0.0,5.0,56.1,17.0,16.0,230.0,53.0,13.0,1.0,0.0,11.0,0.0,2.0,38.0,0.0,4.0,2.56,2.75,1.14,161.9,152.3,1.4,1.03
292,293.0,우규민,1985-01-21,Samsung Lions,2018,48.0,0.0,0.0,0.0,4.0,1.0,0.0,10.0,58.2,28.0,28.0,246.0,70.0,12.0,0.0,6.0,12.0,1.0,5.0,48.0,0.0,0.0,4.3,4.34,1.4,123.5,120.6,1.39,-0.22
293,294.0,홍성민,1989-07-15,NC Dinos,2020,30.0,0.0,0.0,0.0,1.0,0.0,0.0,8.0,26.0,4.0,3.0,104.0,20.0,4.0,0.0,2.0,6.0,1.0,2.0,14.0,0.0,2.0,1.04,4.29,1.0,470.5,112.6,1.39,1.38
294,295.0,박진형,1994-06-10,Lotte Giants,2017,45.0,0.0,0.0,9.0,4.0,4.0,2.0,10.0,88.0,51.0,50.0,391.0,88.0,19.0,0.0,8.0,47.0,2.0,4.0,95.0,2.0,6.0,5.11,4.43,1.53,98.5,113.5,1.39,0.34
295,296.0,안우진,1999-08-30,Kiwoom Heroes,2020,42.0,0.0,0.0,0.0,2.0,3.0,2.0,13.0,36.0,12.0,12.0,143.0,20.0,2.0,0.0,3.0,17.0,1.0,0.0,41.0,0.0,2.0,3.0,3.69,1.03,157.3,124.9,1.38,-0.8
296,297.0,김재윤,1990-09-16,Kia Tigers,2018,62.0,0.0,0.0,0.0,7.0,5.0,15.0,0.0,61.0,34.0,31.0,271.0,76.0,10.0,1.0,11.0,15.0,4.0,1.0,66.0,0.0,3.0,4.57,4.6,1.49,115.9,113.2,1.38,-0.37
297,298.0,맥그레거,1986-12-19,Nexen Heroes,2016,14.0,0.0,0.0,14.0,6.0,3.0,0.0,0.0,90.0,56.0,52.0,385.0,108.0,17.0,0.0,13.0,20.0,0.0,2.0,61.0,1.0,3.0,5.2,5.05,1.42,101.0,102.5,1.36,-0.89
298,299.0,함덕주,1995-01-13,Doosan Bears,2015,68.0,0.0,0.0,0.0,7.0,2.0,2.0,16.0,61.2,30.0,25.0,278.0,52.0,10.0,1.0,4.0,46.0,1.0,2.0,76.0,1.0,2.0,3.65,4.28,1.59,128.5,111.0,1.35,3.07
299,300.0,진해수,1986-06-26,LG Twins,2017,75.0,0.0,0.0,0.0,3.0,3.0,1.0,24.0,52.2,23.0,23.0,221.0,52.0,11.0,2.0,6.0,15.0,2.0,2.0,48.0,0.0,1.0,3.93,4.25,1.27,123.2,112.9,1.35,0.05
300,301.0,이용찬,1989-01-02,Doosan Bears,2019,26.0,0.0,0.0,26.0,7.0,10.0,0.0,0.0,148.1,75.0,67.0,651.0,168.0,28.0,2.0,15.0,45.0,3.0,6.0,102.0,0.0,3.0,4.07,4.31,1.44,101.0,93.9,1.35,0.09
301,302.0,최금강,1989-04-26,NC Dinos,2016,52.0,0.0,0.0,11.0,11.0,4.0,2.0,4.0,108.0,65.0,60.0,486.0,123.0,23.0,2.0,13.0,36.0,0.0,8.0,84.0,2.0,6.0,5.0,5.02,1.47,101.8,102.6,1.34,-0.57
302,303.0,임기영,1993-04-16,Kia Tigers,2020,25.0,0.0,0.0,25.0,9.0,10.0,0.0,0.0,127.2,80.0,73.0,559.0,152.0,26.0,3.0,12.0,33.0,0.0,9.0,106.0,1.0,3.0,5.15,4.1,1.45,93.3,117.1,1.34,-1.25
303,304.0,임찬규,1992-11-20,LG Twins,2017,27.0,0.0,0.0,26.0,6.0,10.0,0.0,0.0,124.1,70.0,64.0,560.0,133.0,28.0,0.0,12.0,45.0,1.0,24.0,113.0,0.0,8.0,4.63,4.81,1.43,104.6,100.5,1.34,-0.75
304,305.0,함덕주,1995-01-13,Doosan Bears,2020,36.0,0.0,0.0,6.0,5.0,1.0,10.0,2.0,55.1,25.0,24.0,240.0,55.0,7.0,0.0,2.0,21.0,2.0,0.0,55.0,0.0,7.0,3.9,3.07,1.37,118.7,152.5,1.34,-0.39
305,306.0,김진영,1992-04-16,Hanwha Eagles,2020,58.0,0.0,0.0,0.0,3.0,3.0,0.0,8.0,54.0,26.0,20.0,231.0,48.0,4.0,0.0,6.0,22.0,0.0,3.0,56.0,0.0,5.0,3.33,4.32,1.3,141.8,110.9,1.33,-0.11
306,307.0,이영하,1997-11-01,Doosan Bears,2018,40.0,0.0,0.0,17.0,10.0,3.0,0.0,2.0,122.2,75.0,72.0,555.0,140.0,28.0,5.0,15.0,54.0,1.0,9.0,90.0,0.0,8.0,5.28,5.47,1.58,95.7,92.1,1.32,-1.25
307,308.0,장필준,1988-04-08,Samsung Lions,2017,56.0,0.0,0.0,0.0,4.0,8.0,21.0,3.0,67.1,37.0,35.0,307.0,82.0,9.0,2.0,6.0,26.0,3.0,4.0,82.0,0.0,3.0,4.68,3.66,1.6,108.4,137.0,1.3,-1.67
308,309.0,김주한,1993-02-03,SSG Landers,2016,39.0,0.0,0.0,1.0,3.0,1.0,1.0,2.0,59.1,28.0,28.0,254.0,62.0,11.0,1.0,6.0,14.0,0.0,4.0,50.0,1.0,3.0,4.25,4.33,1.28,122.9,120.8,1.3,0.12
309,310.0,서폴드,1990-01-16,Hanwha Eagles,2020,28.0,1.0,1.0,28.0,10.0,13.0,0.0,0.0,165.0,107.0,90.0,734.0,203.0,30.0,3.0,19.0,42.0,0.0,13.0,97.0,0.0,10.0,4.91,4.88,1.49,96.3,98.2,1.3,-1.5
310,311.0,최원준,1994-12-21,Doosan Bears,2019,34.0,0.0,0.0,3.0,1.0,2.0,1.0,4.0,54.1,17.0,16.0,228.0,52.0,12.0,1.0,1.0,16.0,1.0,4.0,38.0,0.0,1.0,2.65,3.29,1.25,154.9,125.5,1.29,-0.23
311,312.0,윤영삼,1992-07-14,Kiwoom Heroes,2019,54.0,0.0,0.0,0.0,3.0,3.0,1.0,3.0,62.2,23.0,20.0,254.0,60.0,12.0,2.0,5.0,14.0,1.0,1.0,56.0,0.0,3.0,2.87,3.32,1.18,144.1,123.5,1.29,-0.41
312,313.0,최동환,1989-09-19,LG Twins,2020,54.0,0.0,0.0,0.0,4.0,1.0,0.0,4.0,57.0,23.0,22.0,228.0,54.0,10.0,1.0,6.0,12.0,0.0,2.0,42.0,0.0,3.0,3.47,4.19,1.16,133.2,109.8,1.28,-0.04
313,314.0,윤명준,1989-06-18,Doosan Bears,2015,60.0,0.0,0.0,0.0,4.0,6.0,6.0,7.0,68.0,33.0,30.0,302.0,72.0,8.0,2.0,9.0,30.0,3.0,5.0,48.0,0.0,3.0,3.97,5.34,1.5,118.1,86.8,1.28,-2.12
314,315.0,서진용,1992-10-02,SSG Landers,2017,42.0,0.0,0.0,0.0,2.0,3.0,3.0,3.0,46.0,21.0,20.0,198.0,43.0,9.0,0.0,4.0,23.0,0.0,0.0,55.0,0.0,3.0,3.91,3.97,1.44,128.6,127.1,1.26,-2.05
315,316.0,박민호,1992-02-25,SSG Landers,2019,47.0,0.0,0.0,0.0,3.0,1.0,0.0,4.0,50.1,17.0,15.0,209.0,49.0,10.0,0.0,2.0,14.0,0.0,4.0,22.0,0.0,0.0,2.68,4.12,1.25,158.7,102.7,1.26,-0.28
316,317.0,밴와트,1986-02-14,SSG Landers,2015,12.0,0.0,0.0,12.0,5.0,3.0,0.0,0.0,56.1,29.0,29.0,245.0,70.0,15.0,1.0,5.0,13.0,0.0,2.0,50.0,1.0,2.0,4.63,3.79,1.47,104.2,127.6,1.23,-0.32
317,318.0,정우람,1985-06-01,Hanwha Eagles,2020,50.0,0.0,0.0,0.0,3.0,5.0,16.0,0.0,54.1,29.0,29.0,230.0,58.0,11.0,1.0,4.0,12.0,1.0,5.0,53.0,0.0,2.0,4.8,3.45,1.29,98.4,138.6,1.23,1.02
318,319.0,이용찬,1989-01-02,Doosan Bears,2017,68.0,0.0,0.0,0.0,5.0,5.0,22.0,2.0,71.2,38.0,35.0,324.0,83.0,16.0,1.0,5.0,27.0,1.0,4.0,57.0,0.0,3.0,4.4,4.31,1.54,109.5,112.6,1.23,1.72
319,320.0,원종현,1987-07-31,NC Dinos,2017,68.0,0.0,0.0,0.0,3.0,6.0,0.0,22.0,80.0,44.0,39.0,346.0,86.0,11.0,2.0,4.0,19.0,1.0,7.0,69.0,0.0,5.0,4.39,3.6,1.31,113.0,138.3,1.22,-0.02
320,321.0,세든,1983-10-13,SSG Landers,2015,14.0,1.0,1.0,14.0,7.0,5.0,0.0,0.0,74.0,42.0,41.0,319.0,77.0,15.0,0.0,12.0,28.0,0.0,5.0,67.0,0.0,7.0,4.99,5.25,1.42,96.9,92.6,1.22,-0.03
321,322.0,김승회,1981-02-11,Doosan Bears,2018,55.0,0.0,0.0,0.0,3.0,4.0,3.0,11.0,54.2,26.0,21.0,242.0,54.0,11.0,0.0,6.0,23.0,1.0,5.0,34.0,0.0,3.0,3.46,5.5,1.41,146.2,91.9,1.21,-0.58
322,323.0,이형범,1994-02-27,Doosan Bears,2019,67.0,0.0,0.0,0.0,6.0,3.0,19.0,10.0,61.0,25.0,18.0,258.0,57.0,6.0,0.0,4.0,19.0,2.0,9.0,31.0,0.0,2.0,2.66,4.52,1.25,154.6,90.5,1.21,1.23
323,324.0,송창식,1985-03-25,Hanwha Eagles,2016,66.0,0.0,0.0,1.0,8.0,5.0,0.0,8.0,97.2,61.0,54.0,437.0,97.0,11.0,2.0,10.0,45.0,0.0,10.0,77.0,0.0,7.0,4.98,5.24,1.45,105.5,100.1,1.21,0.48
324,325.0,윤명준,1989-06-18,Doosan Bears,2016,55.0,0.0,0.0,0.0,4.0,0.0,2.0,11.0,57.0,25.0,25.0,239.0,51.0,12.0,3.0,5.0,17.0,1.0,3.0,39.0,0.0,4.0,3.95,4.56,1.19,129.5,110.3,1.21,0.38
325,326.0,안영명,1984-11-19,Hanwha Eagles,2019,67.0,0.0,0.0,0.0,4.0,7.0,0.0,13.0,62.0,27.0,27.0,273.0,82.0,14.0,1.0,5.0,13.0,0.0,3.0,48.0,1.0,2.0,3.92,3.68,1.53,105.7,112.8,1.2,-1.91
326,327.0,권오준,1980-03-09,Samsung Lions,2016,41.0,0.0,0.0,0.0,1.0,3.0,0.0,7.0,46.1,20.0,20.0,194.0,48.0,5.0,2.0,9.0,11.0,0.0,3.0,35.0,0.0,1.0,3.88,5.71,1.27,135.7,91.5,1.2,-0.48
327,328.0,양현,1992-08-23,Kiwoom Heroes,2019,29.0,0.0,0.0,3.0,1.0,0.0,0.0,1.0,40.2,10.0,9.0,159.0,31.0,5.0,1.0,1.0,11.0,0.0,1.0,25.0,0.0,0.0,1.99,3.38,1.03,207.8,123.0,1.2,0.55
328,329.0,엄상백,1996-10-04,KT Wiz,2017,52.0,0.0,0.0,0.0,1.0,3.0,0.0,8.0,52.0,28.0,24.0,229.0,48.0,8.0,0.0,3.0,22.0,1.0,4.0,39.0,0.0,1.0,4.15,4.43,1.35,122.0,112.7,1.19,-0.5
329,330.0,고영창,1989-02-24,Kia Tigers,2019,55.0,0.0,0.0,0.0,1.0,3.0,1.0,10.0,54.0,22.0,21.0,243.0,63.0,8.0,3.0,2.0,14.0,2.0,8.0,22.0,0.0,2.0,3.5,4.18,1.43,119.8,100.2,1.19,-0.93
330,331.0,이태양,1993-01-28,NC Dinos,2016,10.0,0.0,0.0,10.0,2.0,2.0,0.0,0.0,47.0,22.0,22.0,209.0,44.0,7.0,1.0,7.0,26.0,1.0,8.0,27.0,0.0,0.0,4.21,6.69,1.49,120.8,77.3,1.19,-0.23
331,332.0,진명호,1989-03-20,Lotte Giants,2018,60.0,0.0,0.0,0.0,5.0,4.0,1.0,9.0,61.2,34.0,30.0,282.0,53.0,19.0,0.0,7.0,46.0,6.0,1.0,65.0,0.0,3.0,4.38,5.2,1.61,119.1,100.7,1.19,-0.14
332,333.0,장시환,1987-11-01,Lotte Giants,2019,27.0,0.0,0.0,27.0,6.0,13.0,0.0,0.0,125.1,78.0,69.0,570.0,147.0,29.0,1.0,12.0,58.0,1.0,2.0,109.0,0.0,17.0,4.95,4.32,1.64,84.6,97.2,1.18,-0.61
333,334.0,심창민,1993-02-01,Samsung Lions,2015,61.0,0.0,0.0,0.0,6.0,3.0,0.0,9.0,67.1,32.0,32.0,280.0,54.0,13.0,0.0,7.0,24.0,1.0,5.0,91.0,0.0,2.0,4.28,3.51,1.16,115.4,139.8,1.17,0.05
334,335.0,정영일,1988-11-16,SSG Landers,2019,44.0,0.0,0.0,0.0,1.0,2.0,1.0,8.0,42.0,15.0,15.0,175.0,32.0,3.0,1.0,1.0,22.0,2.0,1.0,35.0,0.0,2.0,3.21,3.55,1.29,132.4,118.9,1.17,0.44
335,336.0,보우덴,1986-09-09,Doosan Bears,2017,17.0,0.0,0.0,17.0,3.0,5.0,0.0,0.0,87.1,47.0,45.0,389.0,90.0,14.0,1.0,15.0,38.0,0.0,6.0,51.0,1.0,6.0,4.64,6.31,1.47,103.8,75.6,1.17,-1.07
336,337.0,박종훈,1991-08-13,SSG Landers,2015,33.0,0.0,0.0,23.0,6.0,8.0,0.0,0.0,118.0,74.0,68.0,530.0,123.0,27.0,0.0,7.0,53.0,1.0,17.0,105.0,0.0,5.0,5.19,4.36,1.49,93.1,110.4,1.17,-1.17
337,338.0,정찬헌,1990-01-26,LG Twins,2018,66.0,0.0,0.0,0.0,5.0,3.0,27.0,0.0,65.0,36.0,35.0,299.0,76.0,14.0,0.0,5.0,24.0,3.0,7.0,50.0,0.0,2.0,4.85,4.59,1.54,104.1,110.3,1.16,-1.7
338,339.0,이승현,1991-11-20,Samsung Lions,2019,34.0,0.0,0.0,0.0,2.0,1.0,0.0,8.0,37.0,11.0,8.0,147.0,28.0,3.0,0.0,2.0,11.0,0.0,1.0,31.0,0.0,2.0,1.95,3.4,1.05,223.0,124.8,1.16,0.36
339,340.0,마정길,1979-03-13,Nexen Heroes,2016,61.0,0.0,0.0,0.0,6.0,1.0,0.0,12.0,63.2,33.0,29.0,282.0,61.0,16.0,2.0,10.0,34.0,0.0,4.0,52.0,0.0,1.0,4.1,5.99,1.49,128.1,86.4,1.16,-0.35
340,341.0,유원상,1986-06-17,Kia Tigers,2020,62.0,0.0,0.0,0.0,2.0,1.0,2.0,9.0,64.0,32.0,27.0,271.0,52.0,12.0,0.0,8.0,28.0,1.0,1.0,37.0,0.0,5.0,3.8,5.34,1.25,126.5,89.0,1.16,0.01
341,342.0,김대우,1984-07-26,Lotte Giants,2020,46.0,0.0,0.0,1.0,0.0,1.0,0.0,0.0,49.1,22.0,17.0,216.0,48.0,11.0,0.0,1.0,26.0,1.0,2.0,43.0,1.0,5.0,3.1,3.72,1.5,157.1,128.4,1.15,-0.94
342,343.0,장민재,1990-03-19,Hanwha Eagles,2018,34.0,0.0,0.0,3.0,6.0,2.0,0.0,1.0,59.2,33.0,31.0,266.0,62.0,14.0,2.0,7.0,23.0,0.0,1.0,42.0,0.0,1.0,4.68,5.16,1.43,113.3,103.2,1.15,-0.44
343,344.0,이승호,1999-02-08,Kiwoom Heroes,2020,24.0,0.0,0.0,23.0,6.0,6.0,0.0,0.0,118.2,71.0,67.0,517.0,132.0,20.0,1.0,15.0,40.0,0.0,5.0,73.0,1.0,3.0,5.08,5.11,1.45,92.9,90.8,1.14,0.23
344,345.0,유먼,1979-10-11,Hanwha Eagles,2015,17.0,0.0,0.0,17.0,4.0,6.0,0.0,0.0,91.2,52.0,46.0,406.0,96.0,16.0,0.0,9.0,38.0,1.0,4.0,56.0,1.0,3.0,4.52,5.01,1.46,110.3,98.3,1.13,-0.26
345,346.0,배영수,1981-05-04,Hanwha Eagles,2017,25.0,1.0,0.0,25.0,7.0,8.0,0.0,0.0,128.0,82.0,72.0,575.0,155.0,29.0,2.0,17.0,29.0,0.0,13.0,86.0,2.0,2.0,5.06,5.1,1.44,99.3,99.2,1.13,-1.32
346,347.0,배장호,1987-06-25,Lotte Giants,2017,72.0,0.0,0.0,0.0,8.0,1.0,0.0,6.0,66.1,36.0,32.0,287.0,70.0,17.0,1.0,9.0,19.0,5.0,8.0,47.0,0.0,2.0,4.34,5.08,1.34,116.0,99.1,1.12,-0.94
347,348.0,심재민,1994-02-18,KT Wiz,2017,64.0,0.0,0.0,2.0,1.0,7.0,0.0,13.0,74.2,48.0,43.0,344.0,86.0,12.0,1.0,11.0,31.0,2.0,4.0,69.0,1.0,4.0,5.18,5.13,1.57,97.8,97.5,1.1,-3.39
348,349.0,라이블리,1992-03-05,Samsung Lions,2019,9.0,1.0,1.0,9.0,4.0,4.0,0.0,0.0,57.0,26.0,25.0,236.0,51.0,9.0,4.0,4.0,13.0,0.0,5.0,58.0,0.0,0.0,3.95,3.23,1.12,109.9,132.1,1.1,0.25
349,350.0,정대현,1991-07-19,KT Wiz,2015,30.0,0.0,0.0,26.0,5.0,11.0,0.0,0.0,118.0,80.0,68.0,542.0,138.0,26.0,1.0,19.0,62.0,0.0,4.0,82.0,0.0,6.0,5.19,6.0,1.7,96.9,81.4,1.1,-2.48
350,351.0,윌슨,1989-09-25,LG Twins,2020,25.0,0.0,0.0,25.0,10.0,8.0,0.0,0.0,144.2,81.0,71.0,628.0,161.0,23.0,2.0,13.0,39.0,0.0,8.0,109.0,1.0,3.0,4.42,4.19,1.38,104.8,110.2,1.1,-0.67
351,352.0,오주원,1985-03-31,Nexen Heroes,2016,55.0,0.0,0.0,0.0,3.0,2.0,2.0,7.0,51.0,25.0,25.0,220.0,50.0,7.0,1.0,3.0,17.0,0.0,4.0,40.0,0.0,0.0,4.41,4.22,1.31,119.0,122.9,1.09,0.31
352,353.0,원종현,1987-07-31,NC Dinos,2020,58.0,0.0,0.0,0.0,3.0,5.0,30.0,0.0,57.0,30.0,27.0,245.0,56.0,5.0,1.0,4.0,20.0,1.0,2.0,41.0,0.0,4.0,4.26,4.13,1.33,114.6,116.7,1.09,0.6
353,354.0,서진용,1992-10-02,SSG Landers,2020,63.0,0.0,0.0,0.0,2.0,7.0,8.0,12.0,61.0,33.0,28.0,264.0,52.0,4.0,1.0,11.0,34.0,1.0,1.0,56.0,0.0,7.0,4.13,5.74,1.41,116.8,85.4,1.09,-1.57
354,355.0,김유영,1994-05-02,Lotte Giants,2017,40.0,0.0,0.0,1.0,0.0,0.0,0.0,2.0,48.2,24.0,24.0,217.0,52.0,8.0,0.0,5.0,25.0,2.0,3.0,41.0,0.0,7.0,4.44,4.99,1.58,113.5,100.7,1.09,-0.45
355,356.0,한현희,1993-06-25,Kiwoom Heroes,2020,25.0,0.0,0.0,25.0,7.0,9.0,0.0,0.0,135.2,77.0,75.0,587.0,141.0,20.0,1.0,10.0,37.0,2.0,14.0,109.0,2.0,3.0,4.98,3.99,1.31,94.8,116.8,1.09,0.38
356,357.0,김재영,1993-07-22,Hanwha Eagles,2017,20.0,0.0,0.0,15.0,5.0,7.0,0.0,0.0,85.1,51.0,43.0,370.0,101.0,16.0,0.0,9.0,19.0,0.0,12.0,51.0,0.0,3.0,4.54,5.0,1.41,110.9,101.0,1.08,-1.29
357,358.0,장시환,1987-11-01,Lotte Giants,2017,53.0,0.0,0.0,0.0,4.0,4.0,0.0,10.0,51.1,28.0,25.0,228.0,48.0,9.0,0.0,6.0,31.0,3.0,4.0,57.0,0.0,8.0,4.38,4.9,1.54,115.1,102.5,1.07,-1.15
358,359.0,신재웅,1982-03-28,SSG Landers,2017,32.0,0.0,0.0,0.0,0.0,1.0,2.0,4.0,31.0,11.0,11.0,126.0,23.0,6.0,1.0,3.0,15.0,0.0,0.0,29.0,0.0,1.0,3.19,4.57,1.23,157.6,110.4,1.07,0.36
359,360.0,이보근,1986-04-30,Nexen Heroes,2016,67.0,0.0,0.0,0.0,5.0,7.0,0.0,25.0,64.2,36.0,32.0,290.0,69.0,13.0,3.0,3.0,27.0,1.0,6.0,56.0,0.0,5.0,4.45,4.15,1.49,117.9,125.2,1.06,-0.33
360,361.0,마리몬,1988-09-30,KT Wiz,2016,12.0,0.0,0.0,12.0,6.0,4.0,0.0,0.0,62.0,38.0,36.0,275.0,60.0,13.0,2.0,3.0,29.0,0.0,6.0,45.0,0.0,8.0,5.23,4.66,1.44,100.0,112.0,1.06,-0.47
361,362.0,권오준,1980-03-09,Samsung Lions,2018,47.0,0.0,0.0,0.0,3.0,1.0,1.0,2.0,43.1,21.0,19.0,189.0,43.0,7.0,0.0,7.0,12.0,0.0,3.0,52.0,0.0,2.0,3.95,4.57,1.27,134.4,115.0,1.06,-0.11
362,363.0,박시영,1989-03-10,Lotte Giants,2019,43.0,0.0,0.0,6.0,1.0,1.0,0.0,4.0,61.2,30.0,29.0,262.0,51.0,10.0,1.0,5.0,27.0,0.0,4.0,60.0,0.0,7.0,4.23,4.02,1.27,99.1,104.3,1.05,0.73
363,364.0,임현준,1988-12-21,Samsung Lions,2020,51.0,0.0,0.0,0.0,1.0,1.0,0.0,5.0,25.1,7.0,5.0,109.0,24.0,3.0,0.0,2.0,7.0,1.0,6.0,18.0,0.0,1.0,1.78,4.58,1.22,276.1,106.2,1.05,0.42
364,365.0,김태훈,1990-05-19,SSG Landers,2019,71.0,0.0,0.0,0.0,4.0,5.0,7.0,27.0,69.2,33.0,31.0,296.0,62.0,8.0,0.0,4.0,26.0,0.0,4.0,76.0,0.0,7.0,4.0,3.26,1.26,106.3,130.9,1.05,0.42
365,366.0,오현택,1985-07-17,Lotte Giants,2020,48.0,0.0,0.0,0.0,3.0,1.0,0.0,7.0,36.0,15.0,15.0,152.0,37.0,6.0,1.0,5.0,8.0,1.0,2.0,17.0,0.0,1.0,3.75,5.17,1.25,129.9,92.9,1.04,0.1
366,367.0,김강률,1988-08-28,Doosan Bears,2018,65.0,0.0,0.0,0.0,5.0,0.0,6.0,11.0,76.0,42.0,39.0,317.0,72.0,10.0,0.0,7.0,24.0,1.0,3.0,81.0,0.0,6.0,4.62,3.93,1.26,109.4,128.3,1.04,1.51
367,368.0,이동현,1983-01-12,LG Twins,2015,60.0,0.0,0.0,0.0,5.0,5.0,4.0,11.0,59.1,33.0,29.0,258.0,65.0,13.0,0.0,4.0,20.0,5.0,2.0,55.0,0.0,7.0,4.4,3.5,1.43,106.7,134.8,1.04,-0.27
368,369.0,홍성용,1986-11-18,KT Wiz,2015,42.0,0.0,0.0,0.0,0.0,4.0,0.0,10.0,39.2,19.0,17.0,174.0,39.0,9.0,1.0,3.0,13.0,2.0,6.0,31.0,0.0,1.0,3.86,4.32,1.31,129.9,114.0,1.04,-0.02
369,370.0,박근홍,1985-08-22,Samsung Lions,2015,66.0,0.0,0.0,0.0,2.0,2.0,0.0,8.0,48.2,20.0,16.0,212.0,39.0,8.0,0.0,3.0,24.0,0.0,6.0,55.0,0.0,5.0,2.96,4.01,1.3,166.9,123.0,1.03,-0.96
370,371.0,김재영,1993-07-22,Hanwha Eagles,2018,29.0,0.0,0.0,21.0,6.0,4.0,0.0,1.0,111.1,74.0,70.0,503.0,136.0,32.0,1.0,15.0,37.0,0.0,12.0,56.0,0.0,4.0,5.66,5.9,1.55,93.6,90.1,1.03,-1.08
371,372.0,최지광,1998-03-13,Samsung Lions,2019,63.0,0.0,0.0,0.0,3.0,8.0,2.0,10.0,68.0,33.0,31.0,303.0,64.0,9.0,3.0,4.0,40.0,3.0,5.0,60.0,0.0,3.0,4.1,4.26,1.53,105.8,99.5,1.03,-0.71
372,373.0,이건욱,1995-02-13,SSG Landers,2020,27.0,0.0,0.0,25.0,6.0,12.0,0.0,0.0,122.0,77.0,77.0,542.0,105.0,16.0,4.0,11.0,81.0,0.0,6.0,91.0,1.0,6.0,5.68,5.38,1.53,84.9,90.3,1.03,-1.61
373,374.0,이민호,1993-08-11,NC Dinos,2016,45.0,0.0,0.0,21.0,9.0,9.0,2.0,3.0,130.2,90.0,80.0,603.0,159.0,29.0,3.0,18.0,55.0,0.0,6.0,102.0,0.0,10.0,5.51,5.42,1.64,92.4,95.1,1.03,-1.25
374,375.0,오주원,1985-03-31,Nexen Heroes,2017,57.0,0.0,0.0,3.0,2.0,7.0,1.0,18.0,73.2,44.0,39.0,329.0,96.0,22.0,1.0,10.0,15.0,1.0,2.0,56.0,0.0,6.0,4.76,4.63,1.51,104.4,105.2,1.03,-0.11
375,376.0,김재윤,1990-09-16,KT Wiz,2015,42.0,0.0,0.0,0.0,1.0,2.0,0.0,6.0,44.2,23.0,21.0,188.0,46.0,9.0,0.0,3.0,12.0,2.0,1.0,70.0,0.0,1.0,4.23,2.09,1.3,118.8,240.5,1.02,-0.84
376,377.0,김재윤,1990-09-16,KT Wiz,2016,52.0,0.0,0.0,0.0,8.0,1.0,14.0,1.0,54.1,31.0,30.0,235.0,61.0,13.0,0.0,6.0,15.0,0.0,1.0,73.0,0.0,3.0,4.97,3.42,1.4,105.2,154.1,1.02,1.22
377,378.0,심수창,1981-02-09,Hanwha Eagles,2017,48.0,0.0,0.0,0.0,3.0,1.0,2.0,2.0,57.0,32.0,30.0,260.0,71.0,13.0,3.0,8.0,22.0,1.0,2.0,54.0,0.0,4.0,4.74,4.88,1.63,106.2,104.0,1.02,-1.86
378,379.0,양현,1992-08-23,Nexen Heroes,2018,33.0,0.0,0.0,0.0,1.0,1.0,0.0,5.0,32.2,13.0,13.0,132.0,31.0,3.0,0.0,4.0,13.0,0.0,1.0,20.0,0.0,0.0,3.58,5.49,1.35,143.9,93.3,1.01,-0.81
379,380.0,박민석,1989-07-04,NC Dinos,2016,21.0,0.0,0.0,0.0,0.0,0.0,1.0,3.0,21.2,4.0,4.0,90.0,10.0,2.0,0.0,2.0,11.0,0.0,6.0,27.0,0.0,2.0,1.66,4.85,0.97,306.4,105.6,1.01,0.24
380,381.0,정수민,1990-04-01,SSG Landers,2020,3.0,0.0,0.0,3.0,1.0,0.0,0.0,0.0,15.2,2.0,2.0,61.0,11.0,4.0,0.0,0.0,5.0,0.0,0.0,11.0,0.0,0.0,1.15,3.11,1.02,419.8,154.1,1.01,0.56
381,382.0,김승회,1981-02-11,Doosan Bears,2019,55.0,0.0,0.0,0.0,3.0,3.0,3.0,7.0,58.2,24.0,20.0,250.0,57.0,12.0,3.0,1.0,16.0,1.0,2.0,46.0,0.0,5.0,3.07,2.93,1.24,133.8,141.4,1.0,0.3
382,383.0,김단우,1997-03-08,LG Twins,2019,41.0,0.0,0.0,2.0,5.0,4.0,0.0,8.0,65.2,31.0,28.0,282.0,63.0,11.0,1.0,2.0,27.0,1.0,4.0,39.0,0.0,3.0,3.84,3.98,1.37,107.0,103.4,0.99,1.36
383,384.0,임정호,1990-04-16,NC Dinos,2015,80.0,0.0,0.0,0.0,1.0,2.0,0.0,14.0,48.0,21.0,20.0,200.0,31.0,3.0,0.0,2.0,27.0,1.0,5.0,54.0,0.0,3.0,3.75,3.85,1.21,127.8,127.0,0.99,0.2
384,385.0,장필준,1988-04-08,Samsung Lions,2016,56.0,0.0,0.0,1.0,4.0,6.0,4.0,9.0,72.0,42.0,41.0,317.0,82.0,8.0,2.0,9.0,26.0,0.0,5.0,57.0,0.0,4.0,5.13,5.13,1.5,102.9,101.8,0.99,-1.87
385,386.0,하영민,1995-05-07,Nexen Heroes,2017,28.0,0.0,0.0,2.0,1.0,1.0,0.0,1.0,45.1,24.0,24.0,206.0,49.0,11.0,1.0,5.0,30.0,2.0,1.0,23.0,0.0,4.0,4.76,6.07,1.74,104.4,81.1,0.98,-0.21
386,387.0,정성곤,1996-07-10,Kia Tigers,2018,24.0,0.0,0.0,0.0,1.0,0.0,0.0,5.0,24.1,8.0,8.0,104.0,23.0,1.0,0.0,3.0,11.0,0.0,0.0,23.0,0.0,0.0,2.96,4.9,1.4,179.1,106.2,0.98,-0.01
387,388.0,박세웅,1995-11-30,Lotte Giants,2019,12.0,0.0,0.0,12.0,3.0,6.0,0.0,0.0,60.0,33.0,28.0,263.0,66.0,12.0,3.0,3.0,23.0,0.0,0.0,44.0,0.0,4.0,4.2,3.74,1.48,99.8,112.2,0.98,-0.45
388,389.0,이인복,1991-06-18,Lotte Giants,2020,47.0,0.0,0.0,1.0,1.0,4.0,0.0,2.0,45.1,22.0,20.0,199.0,57.0,9.0,0.0,2.0,12.0,1.0,1.0,21.0,0.0,2.0,3.97,4.0,1.52,122.7,119.7,0.97,-1.01
389,390.0,김상수,1988-01-02,Nexen Heroes,2018,58.0,0.0,0.0,0.0,2.0,3.0,18.0,14.0,55.2,32.0,32.0,239.0,53.0,10.0,0.0,9.0,23.0,2.0,1.0,68.0,0.0,6.0,5.17,4.68,1.37,99.6,108.5,0.97,-0.39
390,391.0,문경찬,1992-07-08,Kia Tigers,2018,32.0,0.0,0.0,0.0,0.0,3.0,0.0,0.0,55.1,29.0,29.0,240.0,62.0,13.0,0.0,10.0,17.0,2.0,2.0,46.0,1.0,3.0,4.72,5.44,1.43,108.8,94.8,0.96,-1.16
391,392.0,박세웅,1995-11-30,Lotte Giants,2016,27.0,0.0,0.0,27.0,7.0,12.0,0.0,0.0,139.0,97.0,89.0,627.0,160.0,31.0,3.0,17.0,62.0,0.0,6.0,133.0,0.0,9.0,5.76,4.94,1.6,90.7,105.7,0.95,-1.83
392,393.0,김선규,1986-04-20,LG Twins,2015,31.0,0.0,0.0,0.0,2.0,0.0,0.0,2.0,31.2,12.0,11.0,136.0,34.0,4.0,1.0,5.0,10.0,2.0,2.0,19.0,0.0,1.0,3.13,5.42,1.39,150.1,84.9,0.95,-0.71
393,394.0,홍상삼,1990-02-13,Kia Tigers,2020,57.0,0.0,0.0,0.0,4.0,5.0,0.0,17.0,48.0,27.0,27.0,229.0,32.0,11.0,0.0,5.0,54.0,0.0,3.0,61.0,0.0,8.0,5.06,5.93,1.79,94.8,81.3,0.95,-0.55
394,395.0,장현식,1995-02-24,NC Dinos,2017,31.0,0.0,0.0,22.0,9.0,9.0,0.0,0.0,134.1,86.0,79.0,600.0,139.0,28.0,0.0,18.0,66.0,0.0,5.0,120.0,0.0,15.0,5.29,5.28,1.53,93.7,94.9,0.94,-1.06
395,396.0,해커,1983-03-26,Nexen Heroes,2018,14.0,0.0,0.0,13.0,5.0,3.0,0.0,0.0,79.2,49.0,46.0,349.0,86.0,16.0,0.0,16.0,30.0,0.0,5.0,56.0,1.0,2.0,5.2,6.36,1.46,99.2,80.0,0.94,-0.9
396,397.0,홍건희,1992-09-29,Doosan Bears,2020,60.0,0.0,0.0,0.0,3.0,4.0,1.0,8.0,68.2,39.0,38.0,299.0,74.0,14.0,3.0,8.0,22.0,0.0,5.0,60.0,0.0,3.0,4.98,4.5,1.4,93.6,102.8,0.93,-1.1
397,398.0,봉중근,1980-07-15,LG Twins,2015,47.0,0.0,0.0,2.0,5.0,2.0,15.0,0.0,49.1,28.0,27.0,223.0,60.0,6.0,0.0,10.0,23.0,4.0,6.0,39.0,0.0,3.0,4.93,6.19,1.68,95.3,73.8,0.92,-0.83
398,399.0,안영명,1984-11-19,Hanwha Eagles,2015,35.0,0.0,0.0,27.0,10.0,6.0,0.0,1.0,125.1,77.0,71.0,568.0,137.0,23.0,1.0,15.0,60.0,1.0,11.0,82.0,0.0,4.0,5.1,5.54,1.57,97.7,89.1,0.92,-1.13
399,400.0,손승락,1982-03-04,Nexen Heroes,2015,58.0,0.0,0.0,0.0,4.0,6.0,23.0,0.0,61.1,35.0,26.0,272.0,73.0,7.0,1.0,6.0,13.0,2.0,3.0,63.0,0.0,1.0,3.82,3.52,1.4,130.4,141.6,0.92,-1.2
400,401.0,김태훈,1992-03-02,Kiwoom Heroes,2020,53.0,0.0,0.0,2.0,7.0,0.0,0.0,10.0,64.0,34.0,30.0,281.0,70.0,14.0,1.0,1.0,22.0,1.0,5.0,40.0,0.0,3.0,4.22,3.73,1.44,111.8,127.0,0.91,-0.3
401,402.0,박희수,1983-07-13,SSG Landers,2019,34.0,0.0,0.0,0.0,0.0,1.0,1.0,2.0,28.2,8.0,4.0,124.0,29.0,2.0,0.0,1.0,13.0,0.0,3.0,14.0,0.0,0.0,1.26,4.55,1.47,338.9,92.7,0.91,0.28
402,403.0,이보근,1986-04-30,Nexen Heroes,2018,64.0,0.0,0.0,0.0,7.0,6.0,0.0,24.0,61.0,36.0,29.0,263.0,66.0,10.0,2.0,6.0,14.0,1.0,4.0,54.0,0.0,2.0,4.28,4.18,1.31,120.4,122.3,0.9,-0.73
403,404.0,김건국,1988-02-02,Lotte Giants,2019,37.0,0.0,0.0,5.0,3.0,3.0,0.0,3.0,66.2,34.0,33.0,293.0,73.0,8.0,1.0,5.0,27.0,0.0,6.0,43.0,0.0,3.0,4.46,4.57,1.5,94.1,91.6,0.9,-0.27
404,405.0,권오준,1980-03-09,Samsung Lions,2017,45.0,0.0,0.0,0.0,1.0,2.0,0.0,1.0,56.0,32.0,32.0,233.0,57.0,12.0,0.0,11.0,14.0,0.0,4.0,55.0,0.0,2.0,5.14,5.29,1.27,98.6,95.8,0.9,-0.06
405,406.0,김성민,1994-04-26,Nexen Heroes,2017,33.0,1.0,0.0,15.0,4.0,3.0,0.0,1.0,87.2,54.0,48.0,411.0,104.0,20.0,1.0,12.0,40.0,0.0,9.0,75.0,0.0,2.0,4.93,5.48,1.64,101.1,89.8,0.89,-1.11
406,407.0,김승회,1981-02-11,Doosan Bears,2017,69.0,0.0,0.0,0.0,7.0,4.0,0.0,11.0,69.0,38.0,38.0,304.0,86.0,17.0,3.0,6.0,17.0,2.0,6.0,41.0,0.0,3.0,4.96,4.59,1.49,97.1,105.3,0.89,-1.19
407,408.0,전유수,1986-11-29,Kia Tigers,2019,62.0,0.0,0.0,1.0,3.0,1.0,1.0,7.0,66.1,31.0,25.0,280.0,66.0,16.0,1.0,2.0,18.0,4.0,4.0,46.0,0.0,6.0,3.39,3.22,1.27,122.0,128.9,0.88,-1.21
408,409.0,윤석민,1986-07-24,Kia Tigers,2016,16.0,1.0,0.0,3.0,2.0,2.0,1.0,6.0,31.0,14.0,11.0,139.0,36.0,2.0,1.0,1.0,8.0,0.0,5.0,26.0,0.0,1.0,3.19,3.79,1.42,162.2,138.3,0.88,0.39
409,410.0,원종현,1987-07-31,NC Dinos,2018,59.0,0.0,0.0,0.0,3.0,6.0,2.0,17.0,64.1,38.0,37.0,275.0,78.0,5.0,1.0,7.0,22.0,1.0,2.0,36.0,0.0,5.0,5.18,5.2,1.55,100.3,101.0,0.88,-1.21
410,411.0,권혁,1983-11-06,Hanwha Eagles,2015,78.0,0.0,0.0,0.0,9.0,13.0,17.0,6.0,112.0,68.0,62.0,506.0,124.0,21.0,1.0,15.0,53.0,7.0,5.0,88.0,1.0,5.0,4.98,5.15,1.58,100.0,95.7,0.87,-1.76
411,412.0,스와잭,1985-09-10,Doosan Bears,2015,20.0,0.0,0.0,17.0,5.0,7.0,0.0,1.0,92.1,57.0,54.0,414.0,110.0,19.0,1.0,9.0,30.0,1.0,4.0,72.0,1.0,4.0,5.26,4.4,1.52,89.1,106.3,0.87,-1.59
412,413.0,백인식,1987-11-19,SSG Landers,2017,11.0,0.0,0.0,2.0,0.0,0.0,2.0,2.0,18.2,5.0,5.0,74.0,15.0,2.0,0.0,0.0,5.0,0.0,4.0,10.0,1.0,0.0,2.41,4.11,1.07,208.8,121.1,0.87,0.69
413,414.0,배재환,1995-02-24,NC Dinos,2020,53.0,0.0,0.0,0.0,1.0,3.0,0.0,12.0,43.0,22.0,19.0,209.0,38.0,7.0,2.0,4.0,35.0,3.0,9.0,33.0,2.0,5.0,3.98,6.09,1.7,122.9,79.3,0.87,-1.88
414,415.0,김진성,1985-03-07,NC Dinos,2015,59.0,0.0,0.0,0.0,3.0,4.0,5.0,12.0,66.0,35.0,33.0,271.0,59.0,9.0,1.0,14.0,18.0,0.0,1.0,70.0,0.0,2.0,4.5,5.12,1.17,106.5,95.2,0.87,0.16
415,416.0,니퍼트,1981-05-06,Doosan Bears,2015,20.0,0.0,0.0,16.0,6.0,5.0,0.0,0.0,90.0,54.0,51.0,404.0,104.0,21.0,0.0,4.0,33.0,0.0,4.0,76.0,0.0,4.0,5.1,3.74,1.52,91.9,128.0,0.86,-0.36
416,417.0,이종혁,1997-05-29,Kia Tigers,2018,47.0,0.0,0.0,0.0,0.0,5.0,1.0,4.0,48.1,28.0,25.0,215.0,61.0,8.0,0.0,4.0,17.0,3.0,2.0,31.0,0.0,2.0,4.66,4.62,1.61,113.8,112.8,0.86,-2.12
417,418.0,김대우,1988-11-21,Nexen Heroes,2015,47.0,0.0,0.0,1.0,6.0,3.0,1.0,4.0,71.0,44.0,39.0,318.0,81.0,14.0,3.0,8.0,31.0,1.0,6.0,63.0,0.0,4.0,4.94,4.83,1.58,100.7,102.9,0.85,-1.07
418,419.0,원태인,2000-04-06,Samsung Lions,2019,26.0,0.0,0.0,20.0,4.0,8.0,0.0,2.0,112.0,65.0,60.0,493.0,119.0,26.0,3.0,12.0,39.0,0.0,5.0,68.0,2.0,6.0,4.82,4.76,1.41,90.0,89.7,0.85,-1.59
419,420.0,손승락,1982-03-04,Lotte Giants,2019,53.0,0.0,0.0,0.0,4.0,3.0,9.0,2.0,52.2,27.0,23.0,233.0,54.0,9.0,1.0,3.0,19.0,3.0,3.0,44.0,0.0,2.0,3.93,3.56,1.39,106.7,117.4,0.85,-1.04
420,421.0,김원중,1993-06-14,Lotte Giants,2017,24.0,0.0,0.0,24.0,7.0,8.0,0.0,0.0,107.1,71.0,68.0,507.0,130.0,21.0,2.0,13.0,56.0,0.0,10.0,87.0,0.0,8.0,5.7,5.53,1.73,88.4,90.9,0.85,-0.91
421,422.0,임창용,1976-06-04,Kia Tigers,2016,34.0,0.0,0.0,0.0,3.0,3.0,15.0,0.0,35.0,18.0,17.0,159.0,45.0,7.0,1.0,5.0,10.0,3.0,1.0,38.0,1.0,5.0,4.37,4.16,1.57,118.5,126.4,0.85,-1.07
422,423.0,송은범,1984-03-17,LG Twins,2020,56.0,0.0,0.0,1.0,4.0,2.0,2.0,6.0,56.0,29.0,28.0,247.0,66.0,8.0,1.0,4.0,19.0,1.0,3.0,28.0,0.0,2.0,4.5,4.61,1.52,102.8,101.0,0.85,-0.15
423,424.0,최지광,1998-03-13,Samsung Lions,2020,51.0,0.0,0.0,0.0,1.0,3.0,0.0,15.0,44.1,24.0,24.0,199.0,34.0,5.0,0.0,2.0,31.0,4.0,3.0,45.0,0.0,5.0,4.87,4.14,1.47,100.7,116.9,0.85,-0.54
424,425.0,유승철,1998-03-02,Kia Tigers,2018,39.0,0.0,0.0,0.0,1.0,0.0,1.0,3.0,47.1,25.0,23.0,220.0,49.0,10.0,1.0,5.0,29.0,3.0,4.0,44.0,0.0,4.0,4.37,5.25,1.65,117.4,98.3,0.84,-0.81
425,426.0,한현희,1993-06-25,Kiwoom Heroes,2019,61.0,0.0,0.0,0.0,7.0,5.0,0.0,24.0,58.0,26.0,22.0,251.0,50.0,10.0,1.0,1.0,20.0,1.0,7.0,49.0,1.0,2.0,3.41,3.28,1.21,121.2,127.0,0.84,-0.45
426,427.0,배우열,1986-05-19,KT Wiz,2016,36.0,0.0,0.0,0.0,1.0,1.0,1.0,4.0,40.1,21.0,18.0,175.0,47.0,13.0,1.0,2.0,18.0,0.0,0.0,29.0,0.0,5.0,4.02,4.34,1.61,130.1,120.5,0.84,-0.68
427,428.0,김대우,1988-11-21,Samsung Lions,2016,67.0,0.0,0.0,0.0,6.0,0.0,0.0,11.0,66.0,39.0,37.0,295.0,82.0,17.0,0.0,8.0,19.0,1.0,6.0,37.0,0.0,2.0,5.05,5.34,1.53,104.5,97.7,0.83,-0.13
428,429.0,진해수,1986-06-26,LG Twins,2019,73.0,0.0,0.0,0.0,3.0,1.0,0.0,20.0,43.0,17.0,16.0,188.0,44.0,3.0,3.0,2.0,16.0,0.0,2.0,38.0,0.0,0.0,3.35,3.5,1.4,122.6,117.0,0.83,-0.02
429,430.0,박희수,1983-07-13,SSG Landers,2018,35.0,0.0,0.0,0.0,1.0,2.0,0.0,4.0,33.0,14.0,12.0,146.0,35.0,8.0,0.0,1.0,15.0,0.0,3.0,30.0,0.0,0.0,3.27,4.05,1.52,160.6,128.8,0.83,-0.95
430,431.0,고효준,1983-02-08,Kia Tigers,2017,40.0,0.0,0.0,1.0,3.0,1.0,0.0,4.0,40.0,19.0,19.0,186.0,44.0,7.0,1.0,1.0,22.0,0.0,5.0,35.0,1.0,2.0,4.28,4.34,1.65,116.2,114.9,0.82,0.1
431,432.0,톰슨,1994-01-31,Lotte Giants,2019,11.0,1.0,1.0,11.0,2.0,3.0,0.0,0.0,62.2,35.0,33.0,267.0,54.0,8.0,1.0,4.0,23.0,0.0,5.0,60.0,0.0,8.0,4.74,3.66,1.23,88.5,114.4,0.82,-0.26
432,433.0,함덕주,1995-01-13,Doosan Bears,2019,61.0,0.0,0.0,0.0,2.0,5.0,16.0,7.0,54.2,24.0,21.0,236.0,39.0,7.0,1.0,6.0,34.0,4.0,1.0,48.0,0.0,2.0,3.46,4.78,1.34,118.7,84.8,0.82,1.14
433,434.0,윤성환,1981-10-08,Samsung Lions,2019,27.0,1.0,1.0,27.0,8.0,13.0,0.0,0.0,145.1,87.0,77.0,643.0,168.0,34.0,3.0,14.0,50.0,0.0,7.0,65.0,0.0,3.0,4.77,4.94,1.5,91.0,86.3,0.82,-1.05
434,435.0,김윤수,1999-12-08,Samsung Lions,2020,61.0,0.0,0.0,0.0,3.0,5.0,0.0,12.0,58.0,34.0,30.0,266.0,66.0,9.0,0.0,6.0,31.0,3.0,1.0,41.0,0.0,7.0,4.66,4.99,1.67,105.4,97.8,0.82,-1.34
435,436.0,차우찬,1987-05-31,LG Twins,2018,29.0,1.0,0.0,29.0,12.0,10.0,0.0,0.0,170.0,119.0,115.0,762.0,177.0,36.0,4.0,27.0,79.0,2.0,10.0,136.0,0.0,10.0,6.09,5.83,1.51,82.9,85.5,0.81,-2.45
436,437.0,박상원,1994-09-09,Hanwha Eagles,2019,61.0,0.0,0.0,0.0,1.0,4.0,0.0,12.0,59.0,29.0,26.0,256.0,52.0,6.0,0.0,5.0,28.0,1.0,5.0,39.0,0.0,1.0,3.97,4.81,1.36,104.5,86.6,0.81,0.45
437,438.0,김기현,1989-04-03,Hanwha Eagles,2015,54.0,0.0,0.0,0.0,1.0,0.0,0.0,3.0,41.1,20.0,20.0,187.0,36.0,6.0,1.0,5.0,30.0,1.0,3.0,32.0,0.0,5.0,4.35,5.96,1.6,114.4,82.7,0.81,-0.13
438,439.0,최원재,1987-04-29,KT Wiz,2015,36.0,0.0,0.0,0.0,2.0,1.0,0.0,3.0,33.0,16.0,14.0,148.0,43.0,2.0,3.0,2.0,12.0,1.0,3.0,24.0,0.0,1.0,3.82,4.22,1.67,131.6,116.9,0.81,-0.2
439,440.0,웹스터,1990-02-10,Samsung Lions,2016,12.0,0.0,0.0,12.0,4.0,4.0,0.0,0.0,71.0,48.0,45.0,325.0,72.0,16.0,2.0,10.0,47.0,0.0,3.0,59.0,1.0,4.0,5.7,6.07,1.68,92.4,85.9,0.8,-0.87
440,441.0,이동걸,1983-08-12,Hanwha Eagles,2017,24.0,0.0,0.0,0.0,0.0,0.0,1.0,2.0,36.2,18.0,17.0,146.0,36.0,8.0,1.0,5.0,5.0,0.0,3.0,22.0,0.0,1.0,4.17,4.96,1.12,120.5,101.9,0.8,0.44
441,442.0,허준혁,1990-09-30,Doosan Bears,2015,16.0,0.0,0.0,14.0,3.0,2.0,0.0,0.0,63.0,37.0,25.0,282.0,52.0,7.0,1.0,7.0,41.0,1.0,6.0,45.0,0.0,3.0,3.57,5.82,1.48,131.3,80.5,0.8,-0.12
442,443.0,김민우,1995-07-25,Hanwha Eagles,2015,36.0,0.0,0.0,8.0,1.0,3.0,0.0,0.0,70.0,41.0,40.0,314.0,67.0,13.0,0.0,5.0,38.0,3.0,10.0,50.0,0.0,5.0,5.14,5.04,1.5,96.9,97.7,0.79,-0.69
443,444.0,박정진,1976-05-27,Hanwha Eagles,2017,55.0,0.0,0.0,0.0,3.0,2.0,1.0,7.0,48.0,28.0,21.0,205.0,38.0,6.0,0.0,6.0,24.0,0.0,3.0,51.0,0.0,3.0,3.94,4.92,1.29,127.7,103.0,0.79,0.52
444,445.0,배재환,1995-02-24,NC Dinos,2018,31.0,0.0,0.0,0.0,3.0,3.0,1.0,2.0,36.0,18.0,18.0,169.0,37.0,5.0,1.0,6.0,25.0,1.0,1.0,34.0,0.0,3.0,4.5,6.19,1.72,115.3,85.0,0.79,-1.11
445,446.0,신재웅,1982-03-28,SSG Landers,2015,61.0,0.0,0.0,0.0,0.0,1.0,0.0,9.0,50.1,28.0,23.0,236.0,72.0,15.0,2.0,5.0,17.0,0.0,4.0,49.0,0.0,1.0,4.11,4.21,1.77,115.4,112.8,0.79,-0.61
446,447.0,최채흥,1995-01-22,Samsung Lions,2018,8.0,0.0,0.0,4.0,4.0,1.0,0.0,0.0,28.0,11.0,10.0,120.0,30.0,5.0,1.0,5.0,8.0,0.0,1.0,25.0,0.0,0.0,3.21,5.33,1.36,165.0,98.9,0.78,0.06
447,448.0,김명신,1993-11-29,Doosan Bears,2017,39.0,0.0,0.0,2.0,3.0,1.0,0.0,5.0,45.1,23.0,22.0,200.0,54.0,4.0,2.0,2.0,12.0,0.0,7.0,38.0,1.0,1.0,4.37,3.89,1.46,110.2,125.7,0.78,-0.44
448,449.0,이승호,1999-02-08,Kiwoom Heroes,2019,23.0,1.0,1.0,23.0,8.0,5.0,0.0,0.0,122.2,70.0,61.0,533.0,134.0,27.0,3.0,10.0,51.0,0.0,1.0,82.0,3.0,5.0,4.48,4.4,1.51,92.5,93.5,0.77,-0.82
449,450.0,황인준,1991-07-23,Kia Tigers,2018,37.0,0.0,0.0,2.0,3.0,1.0,0.0,1.0,52.2,31.0,29.0,229.0,58.0,13.0,1.0,9.0,12.0,0.0,6.0,35.0,0.0,0.0,4.96,5.75,1.33,103.6,89.6,0.77,-0.23
450,451.0,밴와트,1986-02-14,KT Wiz,2016,28.0,0.0,0.0,27.0,6.0,13.0,0.0,0.0,134.2,103.0,89.0,614.0,172.0,27.0,4.0,21.0,49.0,0.0,4.0,92.0,0.0,6.0,5.95,5.63,1.64,87.9,92.6,0.77,-2.79
451,452.0,박진형,1994-06-10,Lotte Giants,2019,41.0,0.0,0.0,0.0,2.0,1.0,5.0,5.0,40.1,19.0,18.0,169.0,40.0,3.0,0.0,6.0,11.0,3.0,0.0,40.0,0.0,5.0,4.02,3.95,1.26,104.4,106.5,0.76,-1.02
452,453.0,최성훈,1989-10-11,LG Twins,2020,48.0,0.0,0.0,0.0,0.0,0.0,0.0,2.0,33.1,13.0,13.0,145.0,36.0,4.0,1.0,1.0,16.0,2.0,1.0,24.0,0.0,1.0,3.51,3.86,1.56,131.8,121.8,0.76,-0.14
453,454.0,우규민,1985-01-21,LG Twins,2016,28.0,1.0,1.0,24.0,6.0,11.0,0.0,1.0,132.0,89.0,72.0,599.0,166.0,30.0,0.0,16.0,36.0,1.0,18.0,81.0,0.0,1.0,4.91,5.35,1.53,103.6,93.1,0.76,-2.01
454,455.0,맥과이어,1989-06-23,Samsung Lions,2019,21.0,1.0,1.0,21.0,4.0,8.0,0.0,0.0,112.1,68.0,63.0,512.0,119.0,24.0,3.0,13.0,66.0,0.0,6.0,100.0,2.0,3.0,5.05,5.05,1.65,86.0,84.7,0.76,-0.37
455,456.0,박상원,1994-09-09,Hanwha Eagles,2020,62.0,0.0,0.0,0.0,1.0,0.0,1.0,10.0,58.0,35.0,30.0,256.0,62.0,14.0,1.0,8.0,20.0,4.0,4.0,52.0,1.0,2.0,4.66,4.59,1.41,101.6,104.2,0.76,-0.34
456,457.0,박시영,1989-03-10,Lotte Giants,2016,42.0,0.0,0.0,2.0,2.0,3.0,0.0,1.0,61.2,38.0,37.0,277.0,64.0,17.0,1.0,6.0,29.0,3.0,2.0,57.0,0.0,8.0,5.4,4.57,1.51,96.8,114.1,0.76,-0.83
457,458.0,백정현,1987-07-13,Samsung Lions,2016,70.0,0.0,0.0,4.0,6.0,3.0,0.0,9.0,68.2,44.0,44.0,306.0,73.0,12.0,2.0,9.0,30.0,0.0,2.0,77.0,0.0,4.0,5.77,4.65,1.5,91.4,112.3,0.75,-0.8
458,459.0,이영준,1991-10-10,Kiwoom Heroes,2019,29.0,0.0,0.0,0.0,1.0,1.0,0.0,1.0,33.1,11.0,11.0,136.0,39.0,7.0,2.0,0.0,5.0,0.0,0.0,19.0,0.0,0.0,2.97,2.71,1.32,139.4,154.1,0.74,0.7
459,460.0,박진형,1994-06-10,Lotte Giants,2016,39.0,0.0,0.0,14.0,6.0,2.0,0.0,3.0,93.0,65.0,60.0,438.0,101.0,28.0,2.0,9.0,54.0,0.0,13.0,78.0,1.0,6.0,5.81,5.53,1.67,90.0,94.2,0.74,-2.53
460,461.0,김성훈,1998-02-04,Hanwha Eagles,2018,10.0,0.0,0.0,5.0,0.0,2.0,0.0,0.0,27.2,12.0,11.0,118.0,25.0,5.0,0.0,2.0,11.0,0.0,3.0,28.0,0.0,3.0,3.58,4.27,1.3,148.1,124.7,0.73,-0.29
461,462.0,진해수,1986-06-26,LG Twins,2016,75.0,0.0,0.0,0.0,0.0,4.0,1.0,17.0,54.0,30.0,28.0,254.0,57.0,10.0,1.0,5.0,37.0,4.0,2.0,54.0,0.0,1.0,4.67,4.94,1.74,109.0,101.4,0.73,-1.03
462,463.0,로저스,1985-08-14,Hanwha Eagles,2016,6.0,1.0,0.0,6.0,2.0,3.0,0.0,0.0,37.2,22.0,18.0,160.0,42.0,8.0,0.0,3.0,12.0,0.0,2.0,24.0,3.0,0.0,4.3,4.67,1.43,122.1,112.1,0.73,-0.46
463,464.0,팻딘,1989-05-25,Kia Tigers,2018,36.0,0.0,0.0,21.0,6.0,7.0,0.0,2.0,129.1,96.0,90.0,588.0,174.0,29.0,1.0,23.0,27.0,2.0,4.0,101.0,0.0,3.0,6.26,5.26,1.55,82.0,98.1,0.72,-2.78
464,465.0,강윤구,1990-07-10,NC Dinos,2017,36.0,0.0,0.0,5.0,2.0,1.0,0.0,0.0,54.2,30.0,27.0,245.0,57.0,10.0,0.0,14.0,24.0,0.0,2.0,51.0,0.0,4.0,4.45,6.63,1.48,111.5,75.8,0.72,-0.47
465,466.0,이정용,1996-03-26,LG Twins,2020,34.0,0.0,0.0,0.0,3.0,0.0,0.0,4.0,34.0,15.0,14.0,147.0,32.0,5.0,0.0,6.0,14.0,0.0,2.0,33.0,1.0,0.0,3.71,5.32,1.35,124.9,85.4,0.72,0.45
466,467.0,이보근,1986-04-30,Nexen Heroes,2017,55.0,0.0,0.0,0.0,6.0,2.0,6.0,18.0,52.2,32.0,32.0,236.0,62.0,9.0,0.0,9.0,17.0,0.0,0.0,58.0,0.0,2.0,5.47,4.72,1.5,90.9,102.7,0.72,-0.14
467,468.0,임현준,1988-12-21,Samsung Lions,2019,71.0,0.0,0.0,0.0,1.0,0.0,0.0,8.0,42.1,19.0,16.0,177.0,34.0,9.0,1.0,2.0,12.0,0.0,3.0,35.0,0.0,0.0,3.4,3.43,1.09,127.6,123.7,0.72,0.45
468,469.0,손민한,1975-01-02,NC Dinos,2015,26.0,0.0,0.0,19.0,11.0,6.0,0.0,0.0,105.0,65.0,57.0,444.0,122.0,22.0,1.0,8.0,15.0,0.0,5.0,50.0,0.0,3.0,4.89,4.23,1.31,98.1,115.6,0.71,-0.92
469,470.0,윤희상,1985-05-17,SSG Landers,2018,46.0,0.0,0.0,1.0,1.0,2.0,1.0,7.0,51.0,29.0,29.0,211.0,55.0,5.0,1.0,8.0,7.0,1.0,2.0,44.0,0.0,1.0,5.12,4.62,1.22,102.7,115.4,0.71,-0.22
470,471.0,김지용,1988-02-20,LG Twins,2015,24.0,0.0,0.0,0.0,1.0,1.0,0.0,0.0,32.2,15.0,15.0,137.0,30.0,10.0,0.0,4.0,12.0,2.0,1.0,28.0,0.0,2.0,4.13,4.5,1.29,113.6,102.8,0.71,-0.07
471,472.0,카스티요,1989-02-19,Hanwha Eagles,2016,20.0,0.0,0.0,15.0,7.0,4.0,0.0,0.0,84.0,62.0,60.0,393.0,106.0,14.0,0.0,7.0,40.0,0.0,10.0,60.0,0.0,4.0,6.43,5.23,1.74,81.7,100.0,0.71,-2.07
472,473.0,송신영,1977-03-01,Nexen Heroes,2015,18.0,0.0,0.0,16.0,7.0,4.0,0.0,0.0,69.0,42.0,41.0,298.0,77.0,14.0,1.0,12.0,22.0,0.0,2.0,46.0,0.0,2.0,5.35,5.59,1.44,93.1,89.3,0.71,-1.19
473,474.0,김건국,1988-02-02,Lotte Giants,2020,32.0,0.0,0.0,0.0,3.0,2.0,0.0,1.0,31.2,14.0,14.0,139.0,30.0,5.0,2.0,2.0,9.0,0.0,3.0,31.0,0.0,4.0,3.98,3.56,1.23,122.4,134.6,0.7,-0.22
474,475.0,고효준,1983-02-08,Lotte Giants,2019,75.0,0.0,0.0,0.0,2.0,7.0,0.0,15.0,62.1,34.0,33.0,280.0,58.0,13.0,1.0,6.0,36.0,6.0,3.0,72.0,0.0,11.0,4.76,3.93,1.51,88.0,106.2,0.7,-1.37
475,476.0,정대현,1978-11-10,Lotte Giants,2015,19.0,0.0,0.0,0.0,2.0,1.0,3.0,3.0,18.1,6.0,6.0,77.0,16.0,2.0,0.0,3.0,7.0,0.0,2.0,17.0,0.0,2.0,2.95,5.36,1.26,171.1,92.2,0.7,-0.09
476,477.0,김광수,1981-05-05,Kia Tigers,2016,54.0,0.0,0.0,0.0,2.0,6.0,7.0,14.0,52.1,31.0,30.0,241.0,67.0,10.0,1.0,5.0,22.0,1.0,0.0,39.0,0.0,2.0,5.16,4.75,1.7,100.4,109.9,0.7,-0.07
477,478.0,이영준,1991-10-10,Kiwoom Heroes,2020,52.0,0.0,0.0,0.0,2.0,3.0,0.0,25.0,40.0,21.0,21.0,176.0,41.0,3.0,0.0,5.0,19.0,0.0,2.0,32.0,1.0,3.0,4.73,5.16,1.5,99.9,89.8,0.7,0.7
478,479.0,박종훈,1991-08-13,SSG Landers,2016,28.0,0.0,0.0,28.0,8.0,13.0,0.0,0.0,140.0,102.0,88.0,650.0,141.0,24.0,3.0,17.0,91.0,0.0,23.0,104.0,0.0,4.0,5.66,6.33,1.66,92.3,82.6,0.69,-2.5
479,480.0,박진우,1990-02-12,NC Dinos,2018,11.0,0.0,0.0,1.0,1.0,0.0,0.0,1.0,19.2,8.0,8.0,80.0,18.0,2.0,0.0,2.0,5.0,1.0,2.0,15.0,0.0,0.0,3.66,4.55,1.17,141.8,115.5,0.69,0.05
