,출연자,회차,구독자수,시청률,직업,성별,나이,수상여부,인지도,년,월,일
0,나영석,40,0,2.6,서비스,M,중년,Y,Y,2019,10,22
1,이명진,40,0,2.6,서비스,M,청년,N,N,2019,10,22
2,김부연,41,0,2.7,기타,F,중년,N,N,2019,10,29
3,김유자,41,0,2.7,기타,F,청년,N,N,2019,10,29
4,김만순,41,0,2.7,기타,F,노년,N,N,2019,10,29
5,전정자,41,0,2.7,기타,F,중년,N,N,2019,10,29
6,강충구,41,0,2.7,기타,M,중년,N,N,2019,10,29
7,김정순,41,0,2.7,기타,F,중년,N,N,2019,10,29
8,한정석,41,0,2.7,기타,M,어린이,N,N,2019,10,29
9,홍보민,41,0,2.7,기타,M,어린이,N,N,2019,10,29
10,길태후,41,0,2.7,기타,M,어린이,Y,N,2019,10,29
11,길흥순,41,0,2.7,산업,F,중년,Y,N,2019,10,29
12,서담희,43,0,2.4,기타,F,청년,N,N,2019,11,12
13,세나,43,0,2.4,기타,F,청년,Y,N,2019,11,12
14,남숙현,43,0,2.4,산업,F,청년,N,N,2019,11,12
15,김기숙,43,0,2.4,기타,F,중년,N,N,2019,11,12
16,임재윤,43,0,2.4,기타,M,청년,N,N,2019,11,12
17,이규형,43,0,2.4,기타,M,청년,N,N,2019,11,12
18,김범준,45,0,2.5,기타,M,청년,Y,N,2019,11,26
19,최연애,45,0,2.5,서비스,F,중년,N,N,2019,11,26
20,고대영,45,0,2.5,기타,M,청년,Y,N,2019,11,26
21,고석교,45,0,2.5,서비스,M,중년,N,N,2019,11,26
22,김현지,45,0,2.5,기타,F,청년,N,N,2019,11,26
23,김현이,45,0,2.5,기타,F,청년,N,N,2019,11,26
24,이태석,45,0,2.5,서비스,M,중년,N,N,2019,11,26
25,정대례,47,0,2.606,전문기술,F,청년,N,N,2020,3,11
26,김슬기,47,0,2.606,전문기술,F,청년,N,N,2020,3,11
27,서명옥,47,0,2.606,전문기술,F,청년,N,Y,2020,3,11
28,함범녀,47,0,2.606,기타,F,노년,Y,N,2020,3,11
29,함범녀,42,60000,2.606,기타,F,노년,Y,N,2019,11,5
30,배용호,47,0,2.606,서비스,M,중년,Y,N,2020,3,11
31,이동훈,47,0,2.606,전문기술,M,청년,N,N,2020,3,11
32,이지연,47,0,2.606,전문기술,F,청년,N,N,2020,3,11
33,이지연,47,0,4.432,서비스,F,청년,N,N,2020,3,11
34,이지연,133,632009,2.606,전문기술,F,청년,N,N,2021,12,1
35,이지연,133,632009,4.432,서비스,F,청년,N,N,2021,12,1
36,강미연,47,0,2.606,서비스,F,중년,N,N,2020,3,11
37,차금덕,47,0,2.606,서비스,F,중년,N,N,2020,3,11
38,신덕순,47,0,2.606,서비스,F,중년,N,N,2020,3,11
39,김한슬,48,0,2.2,전문기술,F,청년,N,N,2020,3,18
40,김건태,48,0,2.2,전문기술,M,청년,N,N,2020,3,18
41,최자영,48,0,2.2,기타,F,청년,N,N,2020,3,18
42,최희화,48,0,2.2,운동선수,F,청년,Y,N,2020,3,18
43,김지헌,48,0,2.2,기타,F,청년,Y,N,2020,3,18
44,최정희,48,0,2.2,서비스,F,청년,N,N,2020,3,18
45,신원호,49,0,2.5,서비스,M,청년,Y,Y,2020,3,25
46,김대주,49,0,2.5,예술인,F,청년,N,N,2020,3,25
47,김란주,49,0,2.5,예술인,F,청년,N,Y,2020,3,25
48,정종연,49,0,2.5,서비스,M,청년,N,Y,2020,3,25
49,이명한,49,0,2.5,서비스,M,중년,Y,Y,2020,3,25
50,이윤수,50,0,2.323,기타,F,청년,N,N,2020,4,15
51,이윤수,50,0,2.323,기타,F,청년,N,N,2020,4,15
52,이준서,50,0,2.323,기타,M,청년,Y,N,2020,4,15
53,김민주,50,0,2.323,기타,F,청년,N,N,2020,4,15
54,박영서,50,0,2.323,기타,F,청년,N,N,2020,4,15
55,박서현,50,0,2.323,기타,F,청년,N,N,2020,4,15
56,오동고 프란시스 응고메 오켈로,51,0,2.735,기타,M,청년,N,N,2020,4,22
57,재재,51,0,2.735,연예인,F,청년,Y,Y,2020,4,22
58,장명숙,51,0,2.735,예술인,F,노년,Y,N,2020,4,22
59,박지선,52,0,2.601,연예인,F,청년,N,Y,2020,4,29
60,유성호,52,0,2.601,사회복지,M,중년,Y,Y,2020,4,29
61,표창원,52,0,2.601,전문기술,M,중년,Y,Y,2020,4,29
62,진용진,52,0,2.601,예술인,M,청년,N,Y,2020,4,29
63,진용진,52,0,2.601,예술인,M,청년,N,Y,2020,4,29
64,김정기,53,0,2.009,서비스,F,청년,N,N,2020,5,6
65,이봉수,53,0,2.009,기타,M,노년,Y,N,2020,5,6
66,김선기,53,0,2.009,기타,M,청년,N,N,2020,5,6
67,장효인,54,0,2.095,사회복지,F,청년,Y,Y,2020,5,13
68,이명학,54,0,2.095,연예인,M,청년,Y,Y,2020,5,13
69,송미경,54,0,2.095,사회복지,F,청년,Y,N,2020,5,13
70,존리,55,0,2.357,연예인,M,청년,N,N,2020,5,20
71,안은진,56,0,3.109,연예인,F,청년,Y,Y,2020,5,27
72,안은진,56,0,5.2,연예인,F,청년,Y,Y,2020,5,27
73,안은진,222,881000,3.109,연예인,F,청년,Y,Y,2023,12,6
74,안은진,222,881000,5.2,연예인,F,청년,Y,Y,2023,12,6
75,정문성,56,0,3.109,연예인,M,청년,N,Y,2020,5,27
76,김호중,57,0,3.086,연예인,M,청년,N,Y,2020,6,3
77,김민재,60,0,2.852,연예인,M,청년,Y,Y,2020,6,24
78,백현,61,0,2.52,연예인,M,청년,N,Y,2020,7,1
79,임하룡,62,0,2.753,연예인,M,중년,N,Y,2020,7,8
80,최유나,63,0,3.241,전문기술,F,청년,N,N,2020,7,15
81,주언규,64,0,3.241,예술인,M,청년,Y,N,2020,7,22
82,정우성,65,0,3.466,연예인,M,중년,Y,Y,2020,7,29
83,황상만,65,0,3.466,사회복지,M,중년,N,N,2020,7,29
84,권문현,65,0,3.466,서비스,M,청년,N,N,2020,7,29
85,김새별,66,20000,2.736,연예인,F,청년,N,N,2020,8,5
86,김창한,66,20000,2.736,전문기술,M,청년,N,N,2020,8,5
87,김예지,66,20000,2.736,사회복지,F,중년,N,Y,2020,8,5
88,남형도,66,20000,2.736,서비스,M,청년,Y,N,2020,8,5
89,김동우,67,40000,2.174,예술인,M,중년,Y,N,2020,8,12
90,박건호,67,40000,2.174,예술인,M,중년,Y,N,2020,8,12
91,문수일,67,40000,2.174,기타,M,노년,N,N,2020,8,12
92,한순옥,67,40000,2.174,기타,F,노년,N,N,2020,8,12
93,진성호,46,60000,2.5,사회복지,M,청년,N,N,2019,12,3
94,김혜진,46,60000,2.5,기타,F,청년,N,N,2019,12,3
95,현순심,46,60000,2.5,서비스,F,중년,Y,N,2019,12,3
96,고병선,46,60000,2.5,서비스,F,중년,Y,N,2019,12,3
97,김동일,46,60000,2.5,기타,M,청년,Y,N,2019,12,3
98,송광호,42,60000,2.3,연예인,M,청년,N,N,2019,11,5
99,강명은,42,60000,2.3,기타,F,청년,N,N,2019,11,5
100,함범녀_2,42,60000,2.3,기타,F,노년,Y,N,2019,11,5
101,정영석,42,60000,2.3,예술인,M,청년,Y,N,2019,11,5
102,전종안,42,60000,2.3,사회복지,M,중년,Y,N,2019,11,5
103,홍시율,42,60000,2.3,사회복지,M,청년,N,N,2019,11,5
104,홍동규,42,60000,2.3,사회복지,M,중년,N,N,2019,11,5
105,박정호,68,60000,3.617,사회복지,M,중년,N,N,2020,8,19
106,박진영,68,60000,3.617,연예인,M,중년,N,Y,2020,8,19
107,심은이,68,60000,3.617,서비스,F,중년,N,N,2020,8,19
108,이승훈,68,60000,3.617,전문기술,M,중년,Y,N,2020,8,19
109,서권순,68,60000,3.617,연예인,F,중년,N,Y,2020,8,19
110,김지희,46,80000,2.5,서비스,F,중년,Y,N,2019,12,3
111,정만택,46,80000,2.5,서비스,M,중년,N,N,2019,12,3
112,윤종계,69,80000,3.867,산업,M,노년,N,N,2020,8,26
113,범녀할머니,69,80000,3.867,기타,F,노년,N,N,2020,8,26
114,권용태,69,80000,3.867,전문기술,M,중년,Y,N,2020,8,26
115,양재명,69,80000,3.867,산업,M,중년,Y,N,2020,8,26
116,이승주,70,100000,2.906,기타,M,어린이,N,N,2020,9,2
117,송수연,70,100000,2.906,사회복지,F,중년,N,N,2020,9,2
118,진현우,70,100000,2.906,운동선수,M,청년,N,N,2020,9,2
119,오지우,70,100000,2.906,운동선수,M,청년,N,N,2020,9,2
120,이정희,70,100000,2.906,사회복지,F,중년,Y,N,2020,9,2
121,이욱진,70,100000,2.906,전문기술,F,청년,N,N,2020,9,2
122,민석기,70,100000,2.906,산업,M,중년,Y,N,2020,9,2
123,윤주은,44,120000,3.2,기타,F,어린이,N,N,2019,11,19
124,남진현,44,120000,3.2,기타,F,중년,N,N,2019,11,19
125,이정숙,44,120000,3.2,서비스,F,중년,Y,N,2019,11,19
126,이민희,44,120000,3.2,서비스,F,중년,Y,N,2019,11,19
127,이민희,44,120000,3.2,서비스,F,중년,Y,N,2019,11,19
128,조재동,44,120000,3.2,서비스,M,중년,Y,N,2019,11,19
129,권성기,41,120000,2.7,서비스,M,중년,Y,N,2019,10,29
130,김지명,71,120000,3.398,기타,M,청년,N,N,2020,9,9
131,민준홍,71,120000,3.398,기타,M,청년,N,N,2020,9,9
132,김성민,71,120000,3.398,기타,M,어린이,N,N,2020,9,9
133,서지음,71,120000,3.398,예술인,F,청년,N,Y,2020,9,9
134,최현민,71,120000,3.398,기타,M,어린이,N,N,2020,9,9
135,백희나,71,120000,3.398,예술인,F,중년,N,N,2020,9,9
136,임두원,71,120000,3.398,전문기술,M,중년,N,N,2020,9,9
137,유꽃비,72,140000,3.689,서비스,F,청년,Y,N,2020,9,16
138,변상희,72,140000,3.689,서비스,F,청년,Y,N,2020,9,16
139,소재현,72,140000,3.689,서비스,F,중년,N,N,2020,9,16
140,박광주,72,140000,3.689,서비스,M,청년,Y,N,2020,9,16
141,박용준,72,140000,3.689,서비스,M,청년,N,N,2020,9,16
142,신민아,73,160000,4.032,연예인,F,청년,N,Y,2020,9,23
143,오진우,43,160000,2.4,기타,M,청년,N,N,2019,11,12
144,이현주,43,160000,2.4,기타,F,청년,N,N,2019,11,12
145,이금주,73,160000,4.032,서비스,F,청년,Y,N,2020,9,23
146,김선태,73,160000,4.032,사회복지,M,청년,N,N,2020,9,23
147,김춘재,73,160000,4.032,서비스,M,청년,N,N,2020,9,23
148,김태현,73,160000,4.032,사회복지,M,노년,Y,N,2020,9,23
149,올레디,74,180000,2.487,예술인,F,청년,N,N,2020,9,30
150,이수영,74,180000,2.487,산업,M,노년,Y,N,2020,9,30
151,이날치,74,180000,2.487,예술인,F,중년,N,Y,2020,9,30
152,이상혁_2,74,180000,2.487,운동선수,M,청년,N,N,2020,9,30
153,이봉식,74,180000,2.487,기타,M,노년,Y,N,2020,9,30
154,윤선영,75,220000,3.188,예술인,F,청년,Y,N,2020,10,7
155,김관훈,75,220000,3.188,서비스,M,청년,N,N,2020,10,7
156,권지안,75,220000,3.188,서비스,F,청년,N,N,2020,10,7
157,권동호,75,220000,3.188,전문기술,M,중년,Y,N,2020,10,7
158,석노기,75,220000,3.188,예술인,M,중년,Y,N,2020,10,7
159,김철민,76,240000,3.542,사회복지,M,청년,N,N,2020,10,14
160,김찬석,76,240000,3.542,사회복지,M,중년,N,N,2020,10,14
161,박정민,76,240000,3.542,연예인,M,청년,Y,Y,2020,10,14
162,박정민,76,240000,4.633,연예인,M,청년,Y,Y,2020,10,14
163,이제길,76,240000,3.542,사회복지,M,청년,Y,N,2020,10,14
164,송지헌,77,260000,4.009,기타,F,청년,N,N,2020,10,21
165,박승희,77,260000,4.009,전문기술,F,청년,Y,Y,2020,10,21
166,김영삼,77,260000,4.009,전문기술,M,중년,N,Y,2020,10,21
167,권진성,77,260000,4.009,전문기술,M,중년,N,N,2020,10,21
168,김재연,78,280000,3.737,서비스,M,청년,N,N,2020,10,28
169,울프 슈뢰더,78,280000,3.737,기타,M,청년,N,N,2020,10,28
170,김지민,78,280000,3.737,산업,F,청년,Y,N,2020,10,28
171,김기환,78,280000,3.737,서비스,M,중년,Y,N,2020,10,28
172,김용덕,78,280000,3.737,서비스,M,중년,Y,N,2020,10,28
173,김의주,79,300000,3.382,전문기술,F,청년,Y,N,2020,11,4
174,곽유진,79,300000,3.382,예술인,M,청년,Y,N,2020,11,4
175,이동계,79,300000,3.382,전문기술,M,중년,Y,N,2020,11,4
176,이동섭,79,300000,3.382,전문기술,M,청년,N,N,2020,11,4
177,김희송,79,300000,3.382,전문기술,M,중년,N,N,2020,11,4
178,박남규,79,300000,3.382,전문기술,M,중년,Y,N,2020,11,4
179,박남규,79,300000,4.563,사회복지,M,청년,Y,N,2020,11,4
180,박남규,201,817000,3.382,전문기술,M,중년,Y,N,2023,7,5
181,박남규,201,817000,4.563,사회복지,M,청년,Y,N,2023,7,5
182,박치우,80,320000,3.328,사회복지,M,청년,Y,N,2020,11,11
183,김진선,80,320000,3.328,사회복지,F,청년,Y,N,2020,11,11
184,조진영,80,320000,3.328,사회복지,F,청년,N,N,2020,11,11
185,김명배,80,320000,3.328,사회복지,M,중년,N,N,2020,11,11
186,신미애,80,320000,3.328,사회복지,F,청년,Y,N,2020,11,11
187,김정현,81,340000,3.637,연예인,F,중년,Y,N,2020,11,18
188,정상훈,81,340000,3.637,사회복지,M,청년,Y,N,2020,11,18
189,장기하,81,340000,3.637,연예인,M,중년,N,Y,2020,11,18
190,조규태,81,340000,3.637,기타,M,중년,Y,N,2020,11,18
191,조민기,81,340000,3.637,기타,M,청년,Y,N,2020,11,18
192,한상원,81,340000,3.637,예술인,M,청년,N,Y,2020,11,18
193,이종효,82,360000,4.866,서비스,M,청년,N,N,2020,11,25
194,월호,82,360000,4.866,사회복지,M,중년,Y,N,2020,11,25
195,김지용,82,360000,4.866,전문기술,M,중년,Y,N,2020,11,25
196,공유,82,360000,4.866,연예인,M,중년,Y,Y,2020,11,25
197,강방천,82,360000,4.866,산업,M,노년,N,N,2020,11,25
198,조석,65,380000,3.466,예술인,M,중년,N,Y,2020,7,29
199,최소라,83,380000,4.422,연예인,F,청년,N,Y,2020,12,2
200,유영광,83,380000,4.422,예술인,M,청년,Y,N,2020,12,2
201,김명중,83,380000,4.422,예술인,M,청년,N,N,2020,12,2
202,신진서,83,380000,4.422,기타,M,어린이,Y,Y,2020,12,2
203,야옹이,83,380000,4.422,예술인,F,청년,Y,Y,2020,12,2
204,김은희,84,400000,5.033,예술인,F,중년,N,Y,2020,12,9
205,주지훈,84,400000,5.033,연예인,M,청년,Y,Y,2020,12,9
206,주지훈,109,567250,5.033,연예인,M,청년,Y,Y,2021,6,2
207,안태양,84,400000,5.033,산업,F,청년,N,N,2020,12,9
208,이진숙,85,440000,5.12,사회복지,F,중년,Y,N,2020,12,16
209,권일용,85,440000,5.12,전문기술,M,중년,Y,Y,2020,12,16
210,이수정,85,440000,5.12,사회복지,F,중년,N,Y,2020,12,16
211,황민구,85,440000,5.12,전문기술,M,중년,Y,N,2020,12,16
212,정인성,86,460000,3.982,서비스,M,청년,Y,N,2020,12,23
213,노희원,86,460000,3.982,서비스,F,중년,Y,N,2020,12,23
214,금동건,86,460000,3.982,예술인,M,중년,Y,N,2020,12,23
215,박현준,86,460000,3.982,기타,M,청년,Y,N,2020,12,23
216,허필용,87,480000,4.609,전문기술,M,노년,N,N,2020,12,30
217,강상희,87,480000,4.609,사회복지,M,중년,N,N,2020,12,30
218,류승연,87,480000,4.609,기타,F,청년,Y,N,2020,12,30
219,송재익,87,480000,4.609,서비스,M,중년,N,Y,2020,12,30
220,신재문,88,480000,4.492,기타,M,청년,N,N,2021,1,6
221,주미자,88,480000,4.492,예술인,F,중년,Y,N,2021,1,6
222,이유자,88,480000,4.492,예술인,F,중년,Y,N,2021,1,6
223,원태연,88,480000,4.492,예술인,M,청년,Y,Y,2021,1,6
224,신우석,88,480000,4.492,예술인,M,청년,N,N,2021,1,6
225,이승재,88,480000,4.492,서비스,M,청년,N,N,2021,1,6
226,박상민,45,500000,2.5,산업,M,청년,Y,N,2019,11,26
227,김춘식,44,502491,3.2,서비스,M,중년,N,N,2019,11,19
228,주려진,44,502491,3.2,서비스,F,중년,N,N,2019,11,19
229,정세랑,89,502491,4.671,예술인,F,중년,Y,Y,2021,1,13
230,배두나,89,502491,4.671,연예인,F,청년,N,Y,2021,1,13
231,이욱정,89,502491,4.671,서비스,M,중년,Y,Y,2021,1,13
232,권범,46,502491,2.5,기타,M,어린이,N,N,2019,12,3
233,윤석영,46,502491,2.5,기타,M,어린이,N,N,2019,12,3
234,현정호,46,502491,2.5,기타,M,어린이,Y,N,2019,12,3
235,무릎,90,504981,4.357,예술인,M,청년,N,N,2021,1,20
236,김진호,90,504981,4.357,연예인,M,청년,Y,Y,2021,1,20
237,이정화,90,504981,4.357,예술인,F,중년,Y,N,2021,1,20
238,이한경,90,504981,4.357,전문기술,M,중년,Y,N,2021,1,20
239,김민수,90,504981,4.357,연예인,M,청년,Y,Y,2021,1,20
240,김해준,90,504981,4.357,연예인,M,청년,Y,Y,2021,1,20
241,김영선,91,509963,4.3,연예인,F,청년,Y,N,2021,1,27
242,이종열,91,509963,4.3,예술인,M,노년,Y,N,2021,1,27
243,김태영,91,509963,4.3,연예인,M,중년,N,N,2021,1,27
244,안다훈,91,509963,4.3,기타,M,청년,N,N,2021,1,27
245,김선웅,91,509963,4.3,예술인,M,중년,Y,N,2021,1,27
246,김유진,86,512454,3.982,서비스,F,청년,N,N,2020,12,23
247,강문종,89,512454,4.671,사회복지,M,중년,N,N,2021,1,13
248,김민지,92,512454,4.731,전문기술,F,청년,N,N,2021,2,3
249,정미순,92,512454,4.731,전문기술,F,중년,Y,N,2021,2,3
250,강승구,92,512454,4.731,사회복지,M,청년,Y,N,2021,2,3
251,윤문현,61,514944,2.52,서비스,M,중년,Y,N,2020,7,1
252,지진희,93,514944,4.88,연예인,M,중년,Y,Y,2021,2,10
253,곽재식,93,514944,4.88,전문기술,M,청년,N,Y,2021,2,10
254,권오길,93,514944,4.88,서비스,M,청년,Y,N,2021,2,10
255,양승찬,93,514944,4.88,산업,M,청년,N,N,2021,2,10
256,남형주,93,519926,4.88,기타,M,청년,N,N,2021,2,10
257,윤재원,94,519926,4.762,전문기술,M,청년,Y,N,2021,2,17
258,윤재원,95,524907,4.762,전문기술,M,청년,Y,N,2021,2,24
259,최현욱,94,519926,4.762,전문기술,M,청년,Y,N,2021,2,17
260,허린,94,519926,4.762,전문기술,M,청년,Y,N,2021,2,17
261,박찬암,94,519926,4.762,전문기술,M,청년,Y,Y,2021,2,17
262,강수진,92,524907,4.731,예술인,F,중년,Y,Y,2021,2,3
263,김하경,95,524907,4.701,서비스,F,중년,Y,N,2021,2,24
264,황순원,95,524907,4.701,산업,M,청년,N,N,2021,2,24
265,김재훈,95,524907,4.701,산업,M,중년,Y,N,2021,2,24
266,맹성렬,96,527398,3.793,전문기술,M,중년,N,N,2021,3,3
267,정우덕,96,527398,3.793,전문기술,M,중년,Y,Y,2021,3,3
268,이호림,96,527398,3.793,예술인,M,중년,Y,N,2021,3,3
269,김경준,96,527398,3.793,예술인,M,중년,Y,N,2021,3,3
270,최상식,96,527398,3.793,예술인,M,중년,N,N,2021,3,3
271,진기주,97,529889,4.909,기타,F,청년,N,Y,2021,3,10
272,권오철,97,529889,4.909,기타,M,청년,N,N,2021,3,10
273,박미경,97,529889,4.909,전문기술,F,중년,N,N,2021,3,10
274,김인현,97,529889,4.909,전문기술,M,중년,N,Y,2021,3,10
275,김진호2,97,529889,4.909,전문기술,M,중년,Y,Y,2021,3,10
276,브레이브걸스,98,532380,5.302,연예인,F,청년,Y,Y,2021,3,17
277,김영미,98,532380,5.302,서비스,F,청년,Y,N,2021,3,17
278,전재홍,98,532380,5.302,사회복지,M,청년,N,N,2021,3,17
279,성귀수,98,532380,5.302,전문기술,M,청년,N,Y,2021,3,17
280,정희석,98,532380,5.302,사회복지,M,청년,N,N,2021,3,17
281,BTS,99,534870,6.74,연예인,M,청년,Y,Y,2021,3,24
282,아이유,100,544833,5.773,연예인,F,청년,N,Y,2021,3,31
283,이선,100,544833,5.773,예술인,F,청년,Y,Y,2021,3,31
284,김유빈,100,544833,5.773,운동선수,F,청년,Y,N,2021,3,31
285,이종화,100,544833,5.773,사회복지,M,중년,N,N,2021,3,31
286,김범석,101,547324,4.58,전문기술,M,중년,Y,N,2021,4,7
287,이철희,101,547324,4.58,사회복지,M,노년,Y,N,2021,4,7
288,김갑연,101,547324,4.58,사회복지,F,노년,N,N,2021,4,7
289,한민홍,101,547324,4.58,전문기술,M,노년,N,N,2021,4,7
290,니키리,102,549815,4.478,예술인,F,중년,N,N,2021,4,14
291,이동진,102,549815,4.478,예술인,M,중년,Y,Y,2021,4,14
292,박대성,102,549815,4.478,사회복지,M,중년,N,N,2021,4,14
293,나태주,102,549815,4.478,예술인,M,노년,Y,Y,2021,4,14
294,이문수,103,552306,4.523,사회복지,M,중년,Y,N,2021,4,21
295,신계숙,103,552306,4.523,사회복지,F,중년,Y,N,2021,4,21
296,핲기,103,552306,4.523,예술인,M,중년,Y,N,2021,4,21
297,조명신,103,552306,4.523,예술인,M,중년,N,N,2021,4,21
298,서아람,104,552306,4.521,사회복지,F,중년,N,N,2021,4,28
299,김동현,104,552306,4.521,운동선수,M,중년,N,Y,2021,4,28
300,윤병임,104,552306,4.521,전문기술,F,중년,Y,N,2021,4,28
301,데이비드린튼,104,554796,4.521,전문기술,M,청년,N,N,2021,4,28
302,남창희,105,557287,5.831,연예인,M,중년,N,Y,2021,5,5
303,지석진,105,557287,5.831,연예인,M,중년,N,Y,2021,5,5
304,김영희pd,105,557287,5.831,연예인,F,중년,N,Y,2021,5,5
305,여준영,106,559778,4.115,기타,F,어린이,Y,N,2021,5,12
306,김연진,106,559778,4.115,사회복지,M,중년,N,N,2021,5,12
307,이광형,106,559778,4.115,사회복지,M,노년,Y,N,2021,5,12
308,이상배,106,559778,4.115,서비스,M,노년,N,N,2021,5,12
309,박준,107,562269,5.875,예술인,M,청년,N,Y,2021,5,19
310,박상수,107,562269,5.875,서비스,M,노년,N,N,2021,5,19
311,이준수,107,562269,5.875,기타,M,어린이,Y,Y,2021,5,19
312,홍진경,107,562269,5.875,연예인,F,중년,N,Y,2021,5,19
313,김라엘,107,562269,5.875,기타,F,어린이,N,N,2021,5,19
314,이기진,107,562269,5.875,사회복지,M,중년,Y,Y,2021,5,19
315,조수미,108,564759,4.657,예술인,F,중년,Y,Y,2021,5,26
316,송주석,108,564759,4.657,전문기술,M,중년,Y,N,2021,5,26
317,선용원,108,564759,4.657,사회복지,M,중년,Y,N,2021,5,26
318,이종학,64,564759,3.241,전문기술,M,중년,Y,N,2020,7,22
319,윤여순,109,567250,4.633,서비스,F,노년,Y,N,2021,6,2
320,김영달,109,567250,4.633,사회복지,M,노년,Y,N,2021,6,2
321,신승건,109,567250,4.633,전문기술,M,중년,Y,N,2021,6,2
322,김가람,110,569741,3.964,예술인,F,청년,Y,N,2021,6,9
323,윤성원,110,569741,3.964,예술인,M,청년,Y,N,2021,6,9
324,김세훈,110,569741,3.964,예술인,M,청년,Y,N,2021,6,9
325,이종필,110,569741,3.964,예술인,M,청년,N,Y,2021,6,9
326,토마스타반아콧,111,572231,4.408,전문기술,M,청년,Y,N,2021,6,16
327,노기화,111,572231,4.408,사회복지,F,중년,Y,N,2021,6,16
328,이예준,111,572231,4.408,기타,M,청년,N,N,2021,6,16
329,이하얀,111,572231,4.408,서비스,F,중년,Y,N,2021,6,16
330,고건우,112,574722,4.398,기타,M,어린이,N,N,2021,6,23
331,황인,112,574722,4.398,서비스,M,청년,N,N,2021,6,23
332,신하균,112,574722,4.398,연예인,M,중년,N,Y,2021,6,23
333,백승권,112,574722,4.398,사회복지,M,청년,Y,N,2021,6,23
334,빅마마,113,577213,5.022,연예인,F,중년,N,Y,2021,6,30
335,이상순,113,577213,5.022,연예인,M,중년,Y,Y,2021,6,30
336,신정호,113,577213,5.022,사회복지,M,중년,Y,N,2021,6,30
337,배정원,114,579704,4.631,사회복지,F,중년,Y,N,2021,7,7
338,신종호,114,579704,4.631,사회복지,M,노년,N,N,2021,7,7
339,이호,114,579704,4.631,사회복지,M,중년,Y,N,2021,7,7
340,박새롬,114,579704,4.631,연예인,F,청년,N,N,2021,7,7
341,김은주,115,582194,4.558,전문기술,F,중년,N,N,2021,7,14
342,강형원,115,582194,4.558,예술인,M,중년,Y,N,2021,7,14
343,한재민,115,582194,4.558,예술인,M,청년,Y,N,2021,7,14
344,송미라,115,582194,4.558,운동선수,F,청년,N,N,2021,7,14
345,이찬민,115,582194,4.558,운동선수,M,청년,N,N,2021,7,14
346,김성언,116,584685,4.988,전문기술,M,중년,N,N,2021,7,21
347,김무년,116,584685,4.988,전문기술,M,중년,N,N,2021,7,21
348,최소망,116,584685,4.988,전문기술,F,청년,N,N,2021,7,21
349,박세영,116,584685,4.988,서비스,M,중년,N,N,2021,7,21
350,서동순,116,584685,4.988,전문기술,F,중년,Y,N,2021,7,21
351,조승우,117,587176,6.258,연예인,M,중년,N,Y,2021,7,28
352,SG워너비,117,587176,6.258,연예인,M,청년,Y,Y,2021,7,28
353,샤론최,117,587176,6.258,서비스,F,청년,Y,N,2021,7,28
354,신혜림,118,592157,5.362,서비스,F,청년,N,N,2021,8,11
355,임세영,118,592157,5.362,서비스,F,청년,N,N,2021,8,11
356,고길석,118,592157,5.362,서비스,M,중년,N,N,2021,8,11
357,문성준,118,592157,5.362,사회복지,M,청년,N,N,2021,8,11
358,정연식,119,594648,6.711,운동선수,M,청년,Y,N,2021,8,18
359,안창림,119,594648,6.711,운동선수,M,청년,Y,Y,2021,8,18
360,강채영,119,594648,6.711,운동선수,F,청년,N,Y,2021,8,18
361,안산,119,594648,6.711,운동선수,F,청년,N,Y,2021,8,18
362,장민희,119,594648,6.711,운동선수,F,청년,N,Y,2021,8,18
363,안드레진,119,594648,6.711,운동선수,M,청년,Y,Y,2021,8,18
364,황정민,120,597139,6.748,연예인,M,중년,N,Y,2021,8,25
365,여서정,120,597139,6.748,운동선수,F,청년,N,Y,2021,8,25
366,여서정,120,597139,6.748,운동선수,F,청년,N,Y,2021,8,25
367,신재환,120,597139,6.748,운동선수,M,청년,N,Y,2021,8,25
368,신재환,120,597139,6.748,운동선수,M,청년,N,Y,2021,8,25
369,오진혁,120,597139,6.748,운동선수,M,중년,N,Y,2021,8,25
370,오진혁,120,597139,6.748,운동선수,M,중년,N,Y,2021,8,25
371,오진혁,120,597139,6.748,운동선수,M,중년,N,Y,2021,8,25
372,김우진,120,597139,6.748,운동선수,M,청년,N,Y,2021,8,25
373,김제덕,120,597139,6.748,운동선수,M,청년,N,Y,2021,8,25
374,소녀시대,121,599630,5.924,연예인,F,청년,N,Y,2021,9,1
375,김수지,121,599630,5.924,운동선수,F,청년,Y,Y,2021,9,1
376,오지영,121,599630,5.924,운동선수,F,청년,N,Y,2021,9,1
377,양효진,121,599630,5.924,운동선수,F,청년,N,Y,2021,9,1
378,조구함,121,599630,5.924,운동선수,M,청년,Y,Y,2021,9,1
379,박지성,122,602120,5.534,운동선수,M,중년,Y,Y,2021,9,8
380,장항준,122,602120,5.534,예술인,M,중년,Y,Y,2021,9,8
381,백미경,122,602120,5.534,예술인,F,청년,N,Y,2021,9,8
382,김석중,122,602120,5.534,서비스,M,중년,N,N,2021,9,8
383,최현준,123,604611,5.299,연예인,M,청년,N,Y,2021,9,15
384,김고은,123,604611,5.299,연예인,F,청년,Y,Y,2021,9,15
385,배윤슬,123,604611,5.299,전문기술,F,청년,Y,N,2021,9,15
386,한동기,124,607102,4.698,기타,M,노년,N,Y,2021,9,29
387,김다현,124,607102,4.698,기타,F,중년,Y,N,2021,9,29
388,이소영,124,607102,4.698,예술인,F,청년,N,N,2021,9,29
389,전준한,124,607102,4.698,서비스,M,중년,N,N,2021,9,29
390,한기웅,125,612083,4.403,예술인,M,중년,Y,N,2021,10,6
391,다리오조셉리,125,612083,4.403,기타,M,청년,N,N,2021,10,6
392,이정용,125,612083,4.403,예술인,M,청년,N,Y,2021,10,6
393,옥효진,126,614574,4.157,사회복지,F,중년,Y,N,2021,10,13
394,백낙삼,126,614574,4.157,사회복지,M,노년,Y,Y,2021,10,13
395,최인아,126,614574,4.157,서비스,F,중년,Y,N,2021,10,13
396,이예진,126,614574,4.157,연예인,F,청년,Y,N,2021,10,13
397,정호연,127,617065,5.248,연예인,M,중년,Y,Y,2021,10,20
398,이슬빈,127,617065,5.248,예술인,F,청년,Y,N,2021,10,20
399,이슬빈,127,617065,5.248,예술인,F,청년,Y,N,2021,10,20
400,이강빈,127,617065,5.248,예술인,M,청년,Y,N,2021,10,20
401,김쌍식,127,617065,5.248,전문기술,M,중년,Y,N,2021,10,20
402,조현권,127,617065,5.248,사회복지,M,노년,Y,N,2021,10,20
403,신승재,128,619556,5.1,서비스,M,청년,N,N,2021,10,27
404,루시드폴,128,619556,5.1,전문기술,M,청년,N,Y,2021,10,27
405,박혜란,128,619556,5.1,기타,F,노년,N,N,2021,10,27
406,스티릿우먼파이터리더,129,622046,4.367,연예인,F,청년,N,N,2021,11,3
407,임형규,129,622046,4.367,서비스,M,중년,N,N,2021,11,3
408,배태랑,130,624537,4.529,사회복지,M,청년,N,N,2021,11,10
409,임신복,130,624537,4.529,전문기술,M,중년,Y,N,2021,11,10
410,박격포,130,624537,4.529,사회복지,M,중년,N,N,2021,11,10
411,김노동,130,624537,4.529,사회복지,M,노년,N,N,2021,11,10
412,오세용,130,624537,4.529,사회복지,M,중년,Y,N,2021,11,10
413,여준석,131,627028,5.122,운동선수,M,청년,Y,Y,2021,11,17
414,윤계상,131,627028,5.122,연예인,M,중년,Y,Y,2021,11,17
415,우영미,131,627028,5.122,전문기술,M,중년,Y,Y,2021,11,17
416,cct 이 상사,131,627028,5.122,사회복지,M,청년,N,N,2021,11,17
417,패트릭,132,629519,4.437,서비스,M,중년,Y,N,2021,11,24
418,박은순,132,629519,4.437,서비스,F,청년,N,N,2021,11,24
419,전종렬,132,629519,4.437,서비스,M,노년,N,N,2021,11,24
420,전종렬,132,629519,4.437,서비스,M,노년,N,N,2021,11,24
421,김선자,132,629519,4.437,서비스,F,중년,N,N,2021,11,24
422,전만배,132,629519,4.437,서비스,M,청년,N,N,2021,11,24
423,전만배,132,629519,4.437,서비스,M,청년,N,N,2021,11,24
424,장종수,132,629519,4.437,서비스,M,청년,Y,N,2021,11,24
425,민희진,133,632009,4.432,서비스,F,청년,Y,Y,2021,12,1
426,최우식,133,632009,4.432,연예인,M,청년,Y,Y,2021,12,1
427,김수원,133,632009,4.432,서비스,M,청년,N,N,2021,12,1
428,육지승,133,632009,4.432,기타,M,어린이,Y,N,2021,12,1
429,악동뮤지션,134,634500,5.702,연예인,M,청년,N,Y,2021,12,8
430,윤후,134,634500,5.702,기타,M,어린이,Y,N,2021,12,8
431,이정후,134,634500,5.702,운동선수,M,청년,Y,Y,2021,12,8
432,오지헌,134,634500,5.702,연예인,M,중년,N,Y,2021,12,8
433,오승훈,134,634500,5.702,전문기술,M,청년,Y,Y,2021,12,8
434,오승훈,134,634500,5.83,전문기술,M,청년,Y,Y,2021,12,8
435,오승훈,173,751565,5.702,전문기술,M,청년,Y,Y,2022,12,21
436,오승훈,173,751565,5.83,전문기술,M,청년,Y,Y,2022,12,21
437,구교환,135,636991,5.314,연예인,M,청년,Y,Y,2021,12,15
438,원주연,135,636991,5.314,전문기술,M,청년,Y,N,2021,12,15
439,황지연,135,636991,5.314,서비스,M,청년,N,N,2021,12,15
440,이성호,135,636991,5.314,전문기술,M,청년,Y,N,2021,12,15
441,이동욱,136,639481,4.78,연예인,M,중년,Y,Y,2021,12,22
442,유나영,136,639481,4.78,서비스,F,청년,N,N,2021,12,22
443,유용욱,136,639481,4.78,서비스,M,청년,N,N,2021,12,22
444,임시완,136,639481,4.889,연예인,M,청년,N,Y,2021,12,22
445,임시완,181,769000,4.889,연예인,M,청년,N,Y,2023,2,15
446,최영형,136,639481,4.78,서비스,M,청년,Y,N,2021,12,22
447,이정재,137,646954,5.662,연예인,M,중년,Y,Y,2022,1,12
448,임민영,137,646954,5.662,서비스,F,청년,Y,N,2022,1,12
449,박경재,137,646954,5.662,전문기술,M,청년,Y,N,2022,1,12
450,문성욱,137,646954,5.662,서비스,M,중년,Y,N,2022,1,12
451,전종관,138,649444,5.088,전문기술,M,중년,N,N,2022,1,19
452,양창모,138,649444,5.088,전문기술,M,중년,Y,N,2022,1,19
453,강창무,138,649444,5.088,전문기술,M,중년,Y,N,2022,1,19
454,김미란,138,649444,5.088,전문기술,M,중년,Y,N,2022,1,19
455,이말년,139,654426,4.855,예술인,M,중년,Y,Y,2022,1,26
456,황선우,139,654426,4.855,운동선수,M,청년,Y,Y,2022,1,26
457,황선우,139,654426,4.132,운동선수,M,청년,Y,Y,2022,1,26
458,황선우,214,863000,4.855,운동선수,M,청년,Y,Y,2023,10,11
459,황선우,214,863000,4.132,운동선수,M,청년,Y,Y,2023,10,11
460,두봉,139,654426,4.855,사회복지,M,노년,Y,Y,2022,1,26
461,임택,139,654426,4.855,예술인,M,중년,N,N,2022,1,26
462,김현무,140,656917,3.81,전문기술,M,중년,Y,N,2022,2,2
463,호원숙,140,656917,3.81,예술인,M,중년,N,N,2022,2,2
464,박강빈,140,656917,3.81,기타,M,청년,Y,N,2022,2,2
465,조용문,140,656917,3.81,사회복지,M,노년,Y,N,2022,2,2
466,고수,141,659407,3.16,연예인,M,중년,Y,Y,2022,2,9
467,키크니,141,659407,3.16,예술인,M,청년,N,N,2022,2,9
468,임기종,141,659407,3.16,사회복지,M,노년,Y,N,2022,2,9
469,정경교,141,659407,3.16,기타,M,노년,Y,N,2022,2,9
470,손예진,142,661898,3.418,연예인,F,중년,N,Y,2022,2,16
471,김대수,142,661898,3.418,전문기술,M,중년,N,N,2022,2,16
472,김도윤,142,661898,3.418,전문기술,M,청년,N,N,2022,2,16
473,엄규민,142,661898,3.418,사회복지,M,청년,N,N,2022,2,16
474,이건수,142,661898,3.418,사회복지,M,중년,Y,N,2022,2,16
475,김나영,143,664389,5.539,연예인,F,중년,N,Y,2022,2,23
476,황석희,143,664389,5.539,전문기술,M,청년,Y,Y,2022,2,23
477,유성원,143,664389,5.539,전문기술,M,청년,Y,N,2022,2,23
478,이대양,143,664389,5.539,예술인,M,청년,Y,N,2022,2,23
479,차준환,144,666880,5.662,운동선수,M,청년,Y,Y,2022,3,2
480,박재민,144,666880,5.662,연예인,M,청년,Y,Y,2022,3,2
481,쇼트트랙국가대표선수단,144,666880,5.662,운동선수,M,청년,N,N,2022,3,2
482,정지웅,145,671861,4.543,연예인,M,청년,Y,Y,2022,3,16
483,이민정,145,671861,4.543,연예인,M,중년,N,Y,2022,3,16
484,임재혁,145,671861,4.543,연예인,M,청년,Y,Y,2022,3,16
485,컬링여자국가대표선수단,145,671861,4.543,운동선수,F,청년,N,Y,2022,3,16
486,입짧은햇님,146,674352,5.84,예술인,F,중년,N,Y,2022,3,23
487,윤여정,146,674352,5.84,연예인,F,노년,Y,Y,2022,3,23
488,홍진호,146,674352,5.84,예술인,M,중년,Y,Y,2022,3,23
489,조나단,147,676843,5.124,연예인,M,청년,N,Y,2022,3,30
490,파트리샤,147,676843,5.124,연예인,F,청년,N,N,2022,3,30
491,구본진,147,676843,5.124,전문기술,M,중년,Y,N,2022,3,30
492,박희순,147,676843,5.124,사회복지,M,중년,N,Y,2022,3,30
493,한문철,148,679333,4.81,전문기술,M,중년,Y,Y,2022,4,6
494,김종기,148,679333,4.81,사회복지,M,중년,Y,Y,2022,4,6
495,황규호,148,679333,4.81,사회복지,M,중년,N,N,2022,4,6
496,이상돈,148,679333,4.81,사회복지,M,중년,N,N,2022,4,6
497,채기준,148,679333,4.81,사회복지,M,중년,N,N,2022,4,6
498,임종령,148,679333,4.81,전문기술,M,청년,Y,Y,2022,4,6
499,안병헌,149,681824,3.824,사회복지,M,중년,Y,N,2022,4,13
500,김영태,149,681824,3.824,사회복지,M,청년,Y,N,2022,4,13
501,라상훈,149,681824,3.824,사회복지,M,중년,Y,N,2022,4,13
502,김진영,149,681824,3.824,사회복지,M,중년,N,N,2022,4,13
503,임세아,150,684315,4.405,전문기술,F,노년,Y,N,2022,4,20
504,이성엽,150,684315,4.405,서비스,M,청년,Y,N,2022,4,20
505,이소은,150,684315,4.405,사회복지,F,노년,N,Y,2022,4,20
506,박보영,151,686806,3.546,연예인,F,청년,N,Y,2022,4,27
507,정영미,151,686806,3.546,전문기술,M,중년,N,N,2022,4,27
508,명업식,151,686806,3.546,기타,M,중년,N,N,2022,4,27
509,김어진,151,686806,3.546,기타,M,청년,Y,N,2022,4,27
510,임영웅,152,689296,5.451,연예인,M,청년,N,Y,2022,5,4
511,강형욱,152,689296,5.451,전문기술,M,중년,Y,Y,2022,5,4
512,정찬성,152,689296,5.451,운동선수,M,청년,N,Y,2022,5,4
513,권혜정,153,691787,3.676,학생,F,청소년,N,N,2022,5,11
514,김도현,153,691787,3.676,학생,M,청소년,N,N,2022,5,11
515,김민섭,153,691787,3.676,예술인,M,청년,Y,Y,2022,5,11
516,윤수임,153,691787,3.676,학생,F,청소년,Y,N,2022,5,11
517,한경록,153,691787,3.676,기타,M,청년,Y,N,2022,5,11
518,최재천,153,691787,3.676,사회복지,M,중년,N,Y,2022,5,11
519,김영하,154,694278,3.583,예술인,M,중년,N,Y,2022,5,18
520,김수지2,154,694278,3.583,예술인,F,청년,Y,Y,2022,5,18
521,마포 로르,154,694278,3.583,기타,F,청년,Y,N,2022,5,18
522,조근식,154,694278,3.583,전문기술,M,청년,Y,N,2022,5,18
523,CL,155,696769,3.81,연예인,F,청년,Y,Y,2022,5,25
524,허태균,155,696769,3.81,사회복지,M,중년,Y,Y,2022,5,25
525,신순규,155,696769,3.81,전문기술,M,청년,N,N,2022,5,25
526,박향자,155,696769,3.81,기타,M,중년,N,N,2022,5,25
527,김영자,155,696769,3.81,기타,M,중년,N,N,2022,5,25
528,김영자,155,696769,3.81,기타,M,중년,N,N,2022,5,25
529,백성자,155,696769,3.81,기타,M,중년,Y,N,2022,5,25
530,강민경,156,699259,4.212,연예인,F,청년,N,Y,2022,6,8
531,이해리,156,699259,4.212,연예인,F,청년,N,Y,2022,6,8
532,아룰 제임스,156,699259,4.212,사회복지,M,중년,N,N,2022,6,8
533,아룰 하비에르,156,699259,4.212,사회복지,M,중년,N,N,2022,6,8
534,김선민,156,699259,4.212,운동선수,M,중년,N,Y,2022,6,8
535,김원식,156,699259,4.212,운동선수,M,중년,Y,Y,2022,6,8
536,이명희,156,699259,4.212,예술인,M,청년,N,N,2022,6,8
537,조헌주,156,699259,4.212,예술인,F,청년,N,N,2022,6,8
538,유지태,157,701750,3.979,연예인,M,중년,Y,Y,2022,6,15
539,박주영,157,701750,3.979,전문기술,M,중년,Y,Y,2022,6,15
540,정선근,157,701750,3.979,사회복지,M,중년,N,N,2022,6,15
541,임천숙,157,701750,3.979,예술인,F,청년,Y,N,2022,6,15
542,구준엽,158,704241,5.182,연예인,M,중년,Y,Y,2022,6,22
543,루나,158,704241,5.182,연예인,F,청년,N,N,2022,6,22
544,오건영,158,704241,5.182,전문기술,M,중년,Y,N,2022,6,22
545,곽상은,158,704241,5.182,예술인,F,청년,Y,Y,2022,6,22
546,임채원,159,706731,4.238,전문기술,M,중년,Y,N,2022,6,29
547,이준호,159,706731,4.238,연예인,M,청년,N,N,2022,6,29
548,이주영,159,706731,4.238,운동선수,M,청소년,Y,Y,2022,6,29
549,김성권,159,706731,4.238,사회복지,M,중년,N,N,2022,6,29
550,한지민,160,709222,4.255,연예인,F,청년,Y,Y,2022,7,6
551,한지민,160,709222,4.255,연예인,F,청년,Y,Y,2022,7,6
552,박항서,160,709222,4.255,예술인,M,중년,Y,Y,2022,7,6
553,박항서,160,709222,4.255,예술인,M,중년,Y,Y,2022,7,6
554,송낙훈,160,709222,4.255,예술인,M,중년,Y,N,2022,7,6
555,송낙훈,160,709222,4.255,예술인,M,중년,Y,N,2022,7,6
556,조진현,160,709222,4.255,예술인,M,중년,N,N,2022,7,6
557,조진현,160,709222,4.255,예술인,M,중년,N,N,2022,7,6
558,박세령,160,709222,4.255,연예인,F,중년,N,N,2022,7,6
559,김상욱,161,711713,3.511,전문기술,M,중년,N,Y,2022,7,13
560,배철수,161,711713,3.511,연예인,M,중년,N,Y,2022,7,13
561,구창모,161,711713,3.511,연예인,M,중년,Y,Y,2022,7,13
562,박경림,161,711713,3.511,연예인,F,중년,Y,Y,2022,7,13
563,노영선,161,711713,3.511,전문기술,F,청년,Y,N,2022,7,13
564,김신영,162,714204,3.298,연예인,F,청년,N,Y,2022,7,20
565,고정환,162,714204,3.298,전문기술,M,중년,Y,N,2022,7,20
566,앨런 킴,162,714204,3.298,예술인,M,청소년,Y,N,2022,7,20
567,이정원,162,714204,3.298,예술인,F,청년,Y,N,2022,7,20
568,박은빈,163,726657,5.735,연예인,F,청년,Y,Y,2022,10,5
569,김신욱,163,726657,5.735,예술인,F,청년,N,N,2022,10,5
570,김한민,163,726657,5.735,예술인,M,중년,Y,Y,2022,10,5
571,하준우,163,726657,5.735,학생,M,청소년,Y,N,2022,10,5
572,문상훈,164,729148,3.993,예술인,M,청년,Y,Y,2022,10,12
573,장원석,164,729148,3.993,예술인,M,청년,Y,N,2022,10,12
574,소지섭,164,729148,3.993,연예인,M,청년,N,Y,2022,10,12
575,정나래,164,729148,3.993,예술인,F,청년,Y,N,2022,10,12
576,주호민,165,731639,4.096,예술인,M,중년,Y,Y,2022,10,19
577,이혜리,165,731639,4.096,연예인,F,청년,N,N,2022,10,19
578,김결,165,731639,4.096,전문기술,M,청년,Y,N,2022,10,19
579,김한겸,165,731639,4.096,전문기술,M,중년,Y,N,2022,10,19
580,이대호,166,734130,3.9,운동선수,M,중년,Y,Y,2022,10,26
581,진선규,166,734130,3.9,연예인,M,청년,Y,Y,2022,10,26
582,최원호,166,734130,3.9,기타,M,중년,Y,N,2022,10,26
583,배유진,166,734130,3.9,예술인,F,청년,Y,N,2022,10,26
584,이서진,167,736620,5.37,연예인,M,청년,Y,Y,2022,11,9
585,폴김,167,736620,5.37,연예인,M,청년,N,N,2022,11,9
586,유홍준,167,736620,5.37,사회복지,M,중년,Y,Y,2022,11,9
587,유해진,168,739111,4.336,연예인,M,청년,N,Y,2022,11,16
588,오세연,168,739111,4.336,예술인,F,중년,Y,N,2022,11,16
589,이범식,168,739111,4.336,사회복지,M,중년,Y,N,2022,11,16
590,정윤,168,739111,4.336,학생,M,청소년,N,N,2022,11,16
591,로이스 킴,169,741602,4.019,기타,F,중년,N,N,2022,11,23
592,션,169,741602,4.019,연예인,M,중년,N,Y,2022,11,23
593,조혜송,169,741602,4.019,전문기술,M,청년,Y,N,2022,11,23
594,조혜송,169,741602,4.019,전문기술,M,청년,Y,N,2022,11,23
595,유택근,169,741602,4.019,전문기술,M,청년,Y,N,2022,11,23
596,김붕년,170,744093,5.108,사회복지,M,중년,N,N,2022,11,30
597,손석구,170,744093,5.108,연예인,M,청년,N,Y,2022,11,30
598,오요안나,170,744093,5.108,운동선수,F,청년,Y,Y,2022,11,30
599,남유진,170,744093,5.108,예술인,F,청년,Y,Y,2022,11,30
600,배혜지,170,744093,5.108,연예인,F,청년,Y,Y,2022,11,30
601,이동원,171,746583,5.336,전문기술,M,청년,Y,N,2022,12,7
602,god,171,746583,5.336,연예인,M,중년,N,Y,2022,12,7
603,박정하,171,746583,5.336,전문기술,M,청년,Y,N,2022,12,7
604,손웅정,172,749074,6.603,운동선수,M,청년,N,Y,2022,12,14
605,뉴진스,172,749074,6.603,연예인,F,청년,Y,N,2022,12,14
606,김상규,172,749074,6.603,기타,M,중년,Y,N,2022,12,14
607,김민재2,173,751565,5.83,운동선수,M,청년,Y,Y,2022,12,21
608,최수혁,173,751565,5.83,학생,M,청소년,N,N,2022,12,21
609,권하은,173,751565,5.83,학생,F,청소년,N,N,2022,12,21
610,김연후,173,751565,5.83,기타,F,청년,N,N,2022,12,21
611,임지호,173,751565,5.83,전문기술,M,청년,N,N,2022,12,21
612,서정윤,173,751565,5.83,기타,M,청년,N,N,2022,12,21
613,포레스텔라,174,754056,5.553,연예인,M,청년,N,Y,2022,12,28
614,조규성,174,754056,5.553,운동선수,M,청년,N,Y,2022,12,28
615,진명 스님,174,754056,5.553,사회복지,M,중년,Y,N,2022,12,28
616,김진 목사,174,754056,5.553,사회복지,M,중년,N,N,2022,12,28
617,차바우나 신부,174,754056,5.553,사회복지,M,중년,N,N,2022,12,28
618,조정석,175,756546,5.546,연예인,M,청년,Y,Y,2023,1,4
619,김진수,175,756546,5.546,사회복지,M,청년,Y,N,2023,1,4
620,국태익,175,756546,5.546,운동선수,M,청년,Y,N,2023,1,4
621,서혜정,175,756546,5.546,사회복지,F,청년,Y,N,2023,1,4
622,주현서,175,756546,5.546,운동선수,M,청년,Y,N,2023,1,4
623,김혜자,176,759037,6.281,연예인,F,노년,Y,Y,2023,1,11
624,저스트 절크,176,759037,6.281,예술인,M,청년,Y,N,2023,1,11
625,페퍼톤스,177,761528,4.925,연예인,M,중년,N,Y,2023,1,18
626,이하늬,177,761528,4.925,연예인,F,청년,Y,Y,2023,1,18
627,나종호,177,761528,4.925,사회복지,M,중년,Y,N,2023,1,18
628,민병철,177,761528,4.925,전문기술,M,중년,Y,Y,2023,1,18
629,곽튜브,178,764019,6.162,예술인,M,청년,Y,Y,2023,1,25
630,원지,178,764019,6.162,예술인,F,청년,N,N,2023,1,25
631,이성민,178,764019,6.162,전문기술,M,청년,N,Y,2023,1,25
632,나응식,178,764019,6.162,예술인,F,청년,Y,Y,2023,1,25
633,나응식,178,764019,6.162,예술인,F,청년,Y,Y,2023,1,25
634,설채현,178,764019,6.162,전문기술,F,청년,N,Y,2023,1,25
635,정성일,179,766509,5.702,연예인,M,중년,N,Y,2023,2,1
636,조정식,179,766509,5.702,연예인,M,청년,N,Y,2023,2,1
637,김민정,179,766509,5.702,전문기술,F,청년,N,Y,2023,2,1
638,이따끔,179,766509,5.702,전문기술,F,청년,N,N,2023,2,1
639,이명현,179,766509,5.702,전문기술,F,청년,N,N,2023,2,1
640,김성근,180,769000,4.703,운동선수,M,중년,N,Y,2023,2,8
641,데니스 홍,180,769000,4.703,전문기술,M,청년,N,N,2023,2,8
642,장정민,180,769000,4.703,전문기술,F,중년,N,N,2023,2,8
643,이승훈2,181,770000,4.889,기타,M,중년,Y,N,2023,2,15
644,김영준,181,770000,4.889,전문기술,M,중년,N,N,2023,2,15
645,이정욱,181,770000,4.889,전문기술,M,청년,N,N,2023,2,15
646,신호철,181,770000,4.889,전문기술,M,중년,N,N,2023,2,15
647,승효상,181,772000,4.889,예술인,M,노년,N,Y,2023,2,15
648,정재일,182,772000,4.774,예술인,M,중년,N,Y,2023,2,22
649,장미란,183,772000,6.067,운동선수,M,청년,N,Y,2023,3,1
650,조진웅,183,772000,6.067,연예인,M,청년,Y,Y,2023,3,1
651,정하랑,183,772000,6.067,학생,M,청소년,Y,N,2023,3,1
652,최양락,184,773000,4.884,연예인,M,노년,N,Y,2023,3,8
653,김윤경,184,773000,4.884,기타,F,중년,Y,N,2023,3,8
654,박성희,184,773000,4.884,기타,F,청년,Y,N,2023,3,8
655,안세영,184,773000,4.884,운동선수,F,청년,Y,Y,2023,3,8
656,황광희,185,774000,4.324,연예인,M,청년,N,Y,2023,3,15
657,추성훈,185,774000,4.324,운동선수,M,중년,Y,Y,2023,3,15
658,안한별,185,774000,4.324,사회복지,M,중년,Y,N,2023,3,15
659,김재근,185,774000,4.324,사회복지,M,청년,Y,N,2023,3,15
660,이기평,185,774000,4.324,사회복지,M,청년,Y,N,2023,3,15
661,김철현,185,774000,4.324,사회복지,M,청년,Y,N,2023,3,15
662,이도현,186,778000,5.483,연예인,M,청년,Y,Y,2023,3,22
663,조성진,186,778000,5.483,예술인,M,청년,N,Y,2023,3,22
664,이지선,186,778000,5.483,전문기술,F,중년,Y,Y,2023,3,22
665,전도연,187,778000,6.024,연예인,F,청년,Y,Y,2023,3,29
666,최창호,187,783000,6.024,기타,M,중년,Y,N,2023,3,29
667,알비올 안드레스,188,783000,5.241,전문기술,M,청년,Y,N,2023,4,5
668,성시경,188,783000,5.241,연예인,M,청년,Y,Y,2023,4,5
669,김영진,188,787000,5.241,예술인,F,청년,N,N,2023,4,5
670,이진아,188,787000,5.241,연예인,F,청년,N,N,2023,4,5
671,김희애,189,787000,5.153,연예인,F,중년,Y,Y,2023,4,12
672,윤수빈,189,787000,5.153,전문기술,F,청년,Y,N,2023,4,12
673,장혜진,189,793000,5.153,전문기술,F,청년,Y,N,2023,4,12
674,한정숙,189,793000,5.153,전문기술,F,청년,N,N,2023,4,12
675,이제훈,190,793000,4.952,연예인,M,청년,Y,Y,2023,4,19
676,이병헌,190,793000,4.952,연예인,M,중년,N,Y,2023,4,19
677,이채운,190,793000,4.952,운동선수,M,청년,Y,Y,2023,4,19
678,태양,191,793000,4.561,연예인,M,청년,Y,Y,2023,4,26
679,궤도,191,797000,4.561,전문기술,M,청년,N,N,2023,4,26
680,홍연진,191,797000,4.561,운동선수,F,청년,N,N,2023,4,26
681,에픽하이,192,797000,4.498,연예인,M,청년,Y,Y,2023,5,3
682,곽은진,192,797000,4.498,전문기술,F,청년,Y,N,2023,5,3
683,이보미,192,799000,4.498,전문기술,F,청년,Y,N,2023,5,3
684,김소연,192,799000,4.498,연예인,F,청년,Y,Y,2023,5,3
685,김우빈,193,799000,4.353,연예인,M,청년,Y,Y,2023,5,10
686,이유진,193,801000,4.353,사회복지,F,중년,N,N,2023,5,10
687,김수정,193,801000,4.353,예술인,M,중년,Y,Y,2023,5,10
688,류승범,194,801000,4.335,연예인,M,청년,N,Y,2023,5,17
689,김소정,194,801000,4.335,전문기술,M,청년,Y,N,2023,5,17
690,유준하,194,805000,4.335,운동선수,M,청년,Y,Y,2023,5,17
691,강철원,195,805000,4.709,전문기술,M,중년,N,Y,2023,5,24
692,이금희,195,805000,4.709,예술인,F,중년,Y,Y,2023,5,24
693,김환,195,809000,4.709,기타,M,청년,Y,N,2023,5,24
694,박두레,195,809000,4.709,기타,M,청년,Y,N,2023,5,24
695,이동규,195,809000,4.709,사회복지,M,중년,N,N,2023,5,24
696,정동식,196,809000,4.798,운동선수,M,청년,Y,Y,2023,5,31
697,김연경,196,809000,4.798,운동선수,F,청년,Y,Y,2023,5,31
698,김우주,196,809000,4.798,학생,M,청소년,Y,N,2023,5,31
699,카리미 안왈,197,809000,4.893,전문기술,M,중년,Y,N,2023,6,7
700,엄정화,197,812000,4.893,연예인,F,중년,Y,Y,2023,6,7
701,문기호,197,812000,4.893,전문기술,M,중년,Y,N,2023,6,7
702,김병철,198,812000,4.111,연예인,M,청년,Y,Y,2023,6,14
703,이정봉,198,812000,4.111,예술인,M,청년,N,Y,2023,6,14
704,박승화,198,814000,4.111,연예인,M,중년,N,Y,2023,6,14
705,나들,198,814000,4.111,연예인,M,중년,N,Y,2023,6,14
706,김성면,198,814000,4.111,연예인,M,중년,N,Y,2023,6,14
707,이예주,198,814000,4.111,운동선수,F,청년,Y,N,2023,6,14
708,강지호,198,814000,4.111,운동선수,M,청년,Y,N,2023,6,14
709,정우철,198,814000,4.111,예술인,M,청년,N,N,2023,6,14
710,이준혁,199,814000,4.44,연예인,M,청년,N,Y,2023,6,21
711,유세웅,199,817000,4.44,전문기술,M,청년,Y,N,2023,6,21
712,손창현,199,817000,4.44,전문기술,M,청년,Y,N,2023,6,21
713,콜린 크룩스,199,817000,4.44,전문기술,M,중년,N,N,2023,6,21
714,김연아,200,817000,5.829,운동선수,F,청년,N,Y,2023,6,28
715,김용만,200,817000,5.829,연예인,M,중년,Y,Y,2023,6,28
716,백남문,200,817000,5.829,사회복지,M,노년,Y,N,2023,6,28
717,신구,201,817000,4.563,연예인,M,노년,Y,Y,2023,7,5
718,장한나,201,818000,4.563,예술인,F,청년,Y,Y,2023,7,5
719,유창훈,201,818000,4.563,사회복지,M,중년,Y,N,2023,7,5
720,강기영,202,818000,3.962,연예인,M,청년,Y,Y,2023,7,12
721,정희원,202,818000,3.962,전문기술,M,청년,N,N,2023,7,12
722,이상엽,202,820000,3.962,연예인,M,청년,Y,Y,2023,7,12
723,김웬디,202,820000,3.962,학생,M,청소년,Y,N,2023,7,12
724,주현영,203,820000,4.061,연예인,F,청년,Y,Y,2023,7,19
725,한호용,203,820000,4.061,예술인,M,중년,Y,N,2023,7,19
726,정명원,203,821000,4.061,전문기술,M,청년,Y,N,2023,7,19
727,김현숙,203,821000,4.061,기타,F,노년,Y,N,2023,7,19
728,조병영,204,821000,4.043,사회복지,M,청년,N,N,2023,7,26
729,이정태,204,821000,4.043,전문기술,M,청년,N,N,2023,7,26
730,오은석,204,823000,4.043,전문기술,M,청년,N,N,2023,7,26
731,남궁민,204,823000,4.043,연예인,M,청년,N,Y,2023,7,26
732,안대성,205,823000,3.927,사회복지,M,중년,Y,N,2023,8,2
733,임지연,205,823000,3.927,연예인,F,청년,N,Y,2023,8,2
734,손상모,205,823000,3.927,전문기술,M,중년,Y,N,2023,8,2
735,이병헌2,206,823000,5.654,연예인,M,중년,N,Y,2023,8,9
736,민시우,206,823000,5.654,예술인,M,청소년,Y,N,2023,8,9
737,서려경,206,823000,5.654,사회복지,F,청년,Y,N,2023,8,9
738,김희선,207,823000,4.977,연예인,F,청년,N,Y,2023,8,16
739,띠예,207,823000,4.977,예술인,F,청소년,Y,Y,2023,8,16
740,배수현,207,823000,4.977,예술인,F,청년,Y,Y,2023,8,16
741,허주행,207,823000,4.977,사회복지,M,청년,N,N,2023,8,16
742,정유미,208,823000,4.485,연예인,F,청년,N,Y,2023,8,23
743,안젤라 센,208,823000,4.485,사회복지,M,청년,Y,N,2023,8,23
744,김택연,208,824000,4.485,사회복지,M,중년,Y,N,2023,8,23
745,김기웅,208,824000,4.485,사회복지,M,청년,N,N,2023,8,23
746,김강연,208,824000,4.485,기타,M,중년,Y,N,2023,8,23
747,이대우,208,824000,4.485,사회복지,M,중년,Y,Y,2023,8,23
748,이준기,209,836000,4.403,연예인,M,청년,Y,Y,2023,8,30
749,김휘우,209,836000,4.403,학생,M,청소년,Y,N,2023,8,30
750,조영민,209,836000,4.403,사회복지,M,중년,N,N,2023,8,30
751,윤순진,209,836000,4.403,사회복지,F,중년,N,N,2023,8,30
752,뷔,210,854000,4.258,연예인,M,청년,N,Y,2023,9,6
753,김기호,210,854000,4.258,예술인,M,중년,Y,N,2023,9,6
754,박수영,210,854000,4.258,예술인,M,중년,Y,N,2023,9,6
755,천종원,210,854000,4.258,운동선수,M,청년,Y,Y,2023,9,6
756,신은수,210,854000,4.258,전문기술,M,청년,Y,N,2023,9,6
757,조용인,210,854000,4.258,전문기술,M,청년,Y,N,2023,9,6
758,강동원,211,856000,4.783,연예인,M,청년,N,Y,2023,9,13
759,김정민,211,856000,4.783,기타,M,노년,Y,N,2023,9,13
760,김자희,211,856000,4.783,기타,F,노년,Y,N,2023,9,13
761,조선미,211,856000,4.783,사회복지,M,중년,Y,N,2023,9,13
762,덱스,212,860000,3.9,연예인,M,청년,Y,Y,2023,9,20
763,김남길,212,860000,3.9,연예인,M,청년,Y,Y,2023,9,20
764,서승호,212,860000,3.9,기타,M,청년,Y,N,2023,9,20
765,김예빈,212,860000,3.9,학생,F,청소년,Y,N,2023,9,20
766,조영석,212,860000,3.9,기타,M,노년,Y,N,2023,9,20
767,박지솔,212,860000,3.9,학생,F,청소년,Y,N,2023,9,20
768,홍연우,212,860000,3.9,학생,F,청소년,Y,N,2023,9,20
769,박세리,213,861000,3.476,운동선수,F,청년,Y,Y,2023,9,27
770,윤도현,213,861000,3.476,연예인,M,중년,Y,Y,2023,9,27
771,오정세,214,863000,4.132,연예인,M,청년,N,Y,2023,10,11
772,이다슬,214,863000,4.132,연예인,F,청년,N,Y,2023,10,11
773,오상우,214,863000,4.132,사회복지,M,중년,N,N,2023,10,11
774,김우민,214,863000,4.132,운동선수,M,청년,Y,Y,2023,10,11
775,이호준,214,863000,4.132,운동선수,M,청년,Y,Y,2023,10,11
776,양재훈,214,863000,4.132,운동선수,M,청년,Y,Y,2023,10,11
777,구희아,215,864000,3.903,기타,F,청년,Y,N,2023,10,18
778,신혜선,215,864000,3.903,연예인,F,청년,N,Y,2023,10,18
779,김관우,215,864000,3.903,운동선수,M,청년,N,Y,2023,10,18
780,김성묵,215,864000,3.903,기타,M,청년,Y,N,2023,10,18
781,신유빈,216,865000,3.548,운동선수,F,청소년,Y,Y,2023,10,25
782,유병재,216,865000,3.548,연예인,M,청년,N,Y,2023,10,25
783,송민규,216,865000,3.548,운동선수,M,청년,Y,Y,2023,10,25
784,유규선,216,865000,3.548,연예인,M,청년,N,N,2023,10,25
785,백승호,216,865000,3.548,운동선수,M,청년,Y,Y,2023,10,25
786,박진영_2,217,871000,6.537,연예인,M,중년,N,Y,2023,11,1
787,이효철,217,871000,6.537,기타,M,청소년,Y,N,2023,11,1
788,방시혁,217,871000,6.537,연예인,M,중년,N,Y,2023,11,1
789,천애정,217,871000,6.537,기타,F,중년,Y,N,2023,11,1
790,최수종,218,874000,3.659,연예인,M,노년,Y,Y,2023,11,8
791,이은영,218,874000,3.659,기타,F,청년,N,N,2023,11,8
792,김인환,218,874000,3.659,기타,F,청년,N,N,2023,11,8
793,김용만2,218,874000,3.659,기타,M,중년,Y,Y,2023,11,8
794,서용상,218,874000,3.659,예술인,M,중년,Y,N,2023,11,8
795,김하성,219,876000,4.738,운동선수,M,청년,N,Y,2023,11,15
796,임수정,219,876000,4.738,연예인,F,청년,Y,Y,2023,11,15
797,구철수,219,876000,4.738,사회복지,M,중년,Y,N,2023,11,15
798,유연석,220,879000,4.632,연예인,M,청년,Y,Y,2023,11,22
799,임찬규,220,879000,4.632,운동선수,M,청년,Y,Y,2023,11,22
800,오지환,220,879000,4.632,운동선수,M,청년,Y,Y,2023,11,22
801,서주향,220,879000,4.632,예술인,F,청년,Y,N,2023,11,22
802,서영갑,221,880000,4.486,서비스,M,노년,Y,N,2023,11,29
803,하지원,221,880000,4.486,연예인,F,청년,Y,Y,2023,11,29
804,김지윤,221,880000,4.486,사회복지,F,청년,Y,Y,2023,11,29
805,양영철,221,880000,4.486,사회복지,M,중년,N,N,2023,11,29
806,이진형,222,881000,5.2,사회복지,F,청년,Y,Y,2023,12,6
807,김록호,222,881000,5.2,사회복지,M,중년,Y,Y,2023,12,6
808,박서준,223,882000,4.818,연예인,M,청년,N,Y,2023,12,13
809,송태욱,223,882000,4.818,사회복지,M,청년,Y,N,2023,12,13
810,김정자,223,882000,4.818,예술인,F,노년,Y,N,2023,12,13
811,이상혁,224,885000,4.621,운동선수,M,청년,Y,Y,2023,12,20
812,유의배,224,885000,4.621,사회복지,M,노년,Y,N,2023,12,20
813,김예화,224,885000,4.621,서비스,F,청년,Y,N,2023,12,20
814,이채현,224,885000,4.621,서비스,F,청년,Y,N,2023,12,20
815,김창옥,225,888000,5.556,연예인,M,중년,N,Y,2023,12,27
816,서진규,225,888000,5.556,사회복지,F,청년,Y,N,2023,12,27
817,조성아,225,888000,5.556,사회복지,F,노년,Y,N,2023,12,27
818,장나라,225,888000,5.556,연예인,F,청년,Y,Y,2023,12,27
819,오승은,226,892000,5.017,사회복지,F,청년,Y,Y,2024,1,3
820,공효진,226,892000,5.017,연예인,F,청년,N,Y,2024,1,3
821,이평화,226,892000,5.017,기타,M,청년,Y,N,2024,1,3
822,이영림,227,892000,6.233,사회복지,F,노년,Y,N,2024,1,10
823,김대호,227,892000,6.233,연예인,M,청년,Y,Y,2024,1,10
824,이정은,227,892000,6.233,연예인,F,중년,Y,Y,2024,1,10
825,장현성,227,892000,6.233,연예인,M,중년,Y,Y,2024,1,10
826,윤상,228,892000,4.912,연예인,M,중년,N,Y,2024,1,17
827,앤톤,228,894000,4.912,연예인,M,청소년,N,Y,2024,1,17
828,류의식,228,894000,4.912,예술인,M,청년,Y,N,2024,1,17
829,강지강,228,894000,4.912,전문기술,F,청년,Y,N,2024,1,17
830,유연수,228,894000,4.912,운동선수,M,청년,Y,Y,2024,1,17
831,박인비,228,894000,4.912,운동선수,F,청년,Y,Y,2024,1,17
832,김영옥,229,897000,4.468,연예인,F,노년,Y,Y,2024,1,24
833,나문희,229,897000,4.468,연예인,F,노년,Y,Y,2024,1,24
834,신영철,229,897000,4.468,사회복지,M,노년,Y,N,2024,1,24
835,민형기,230,897000,,전문기술,M,중년,Y,Y,2024,2,7
835,민형기,230,897000,,전문기술,M,중년,Y,N,2024,2,7