,name,gender,age,episode,episode_date,upload_date,subscriber_count,likes,comments,term,job,topic,rating
0,이충규,M,중년,40.0,20191022.0,20200729.0,0,6186.0,224.0,1290.0,전문기술,That's Life,2.6
1,양경우,W,청년,40.0,20191022.0,20200729.0,0,0.0,0.0,1290.0,기타,That's Life,2.6
2,이명자,W,노인,40.0,20191022.0,20200729.0,0,1.0,1.0,1290.0,기타,That's Life,2.6
3,임재윤,M,청년,40.0,20191022.0,20200902.0,100000,292.0,25.0,1255.0,기타,That's Life,2.6
4,박준형,M,중년,40.0,20191022.0,20200729.0,0,6.0,0.0,1290.0,연예인,That's Life,2.6
5,이시연,W,노인,40.0,20191022.0,20200729.0,0,7.0,1.0,1290.0,기타,That's Life,2.6
6,최연애,W,중년,41.0,20191029.0,20200908.0,120000,165.0,9.0,1249.0,서비스,청춘(靑春),2.7
7,박완용,M,청년,41.0,20191029.0,20200729.0,0,0.0,0.0,1290.0,운동선수,청춘(靑春),2.7
8,박정훈,M,청년,41.0,20191029.0,20200729.0,0,0.0,0.0,1290.0,운동선수,청춘(靑春),2.7
9,김희숙,W,중년,41.0,20191029.0,20200729.0,0,4.0,0.0,1290.0,기타,청춘(靑春),2.7
10,이인봉,M,청년,41.0,20191029.0,20200729.0,0,4.0,0.0,1290.0,기타,청춘(靑春),2.7
11,임서준,M,청년,41.0,20191029.0,20200729.0,0,0.0,0.0,1290.0,운동선수,청춘(靑春),2.7
12,최설아,W,청년,41.0,20191029.0,20200729.0,0,4.0,1.0,1290.0,기타,청춘(靑春),2.7
13,김태연,W,청년,41.0,20191029.0,20200729.0,0,4.0,1.0,1290.0,연예인,청춘(靑春),2.7
14,배한욱,W,청년,41.0,20191029.0,20200729.0,0,4.0,1.0,1290.0,전문기술,청춘(靑春),2.7
15,박지선,W,청년,41.0,20191029.0,20200729.0,0,4.0,1.0,1290.0,연예인,청춘(靑春),2.7
16,박지선,W,청년,41.0,20191029.0,20200729.0,0,4.0,1.0,1290.0,연예인,청춘(靑春),2.7
17,최종국,M,중년,41.0,20191029.0,20200729.0,0,4.0,1.0,1290.0,서비스,청춘(靑春),2.7
18,김미라,W,중년,41.0,20191029.0,20200729.0,0,4.0,1.0,1290.0,서비스,청춘(靑春),2.7
19,이진재,M,청년,41.0,20191029.0,20200729.0,0,4.0,0.0,1290.0,기타,청춘(靑春),2.7
20,길흥순,W,중년,42.0,20191105.0,20200817.0,60000,0.0,0.0,1271.0,산업,폴라로이드,2.3
21,길태후,M,어린이,42.0,20191105.0,20200817.0,60000,0.0,0.0,1271.0,기타,폴라로이드,2.3
22,홍보민,M,어린이,42.0,20191105.0,20200817.0,60000,0.0,0.0,1271.0,기타,폴라로이드,2.3
23,한정석,M,어린이,42.0,20191105.0,20200817.0,60000,0.0,0.0,1271.0,기타,폴라로이드,2.3
24,김만순,W,노인,42.0,20191105.0,20200817.0,60000,0.0,0.0,1271.0,기타,폴라로이드,2.3
25,전정자,W,중년,42.0,20191105.0,20200817.0,60000,0.0,0.0,1271.0,기타,폴라로이드,2.3
26,김유자,W,청년,42.0,20191105.0,20200817.0,60000,7.0,0.0,1271.0,기타,폴라로이드,2.3
27,김부연,W,중년,42.0,20191105.0,20200817.0,60000,68.0,6.0,1271.0,기타,폴라로이드,2.3
28,권성기,M,중년,42.0,20191105.0,20200817.0,60000,0.0,0.0,1271.0,서비스,폴라로이드,2.3
29,강충구,M,중년,42.0,20191105.0,20200817.0,60000,2.0,0.0,1271.0,기타,폴라로이드,2.3
30,이명진,M,청년,42.0,20191105.0,20200817.0,60000,2518.0,161.0,1271.0,서비스,폴라로이드,2.3
31,나영석,M,중년,42.0,20191105.0,20200817.0,60000,2518.0,161.0,1271.0,서비스,폴라로이드,2.3
32,Andy_Kibingwa,M,청년,43.0,20191112.0,20200729.0,0,0.0,0.0,1290.0,기타,Dreams,2.4
33,터키록,M,청년,43.0,20191112.0,20200729.0,0,2.0,0.0,1290.0,전문기술,Dreams,2.4
34,이준희,M,청년,43.0,20191112.0,20200729.0,0,2.0,0.0,1290.0,기타,Dreams,2.4
35,정인화,M,중년,43.0,20191112.0,20200729.0,0,1.0,0.0,1290.0,전문기술,Dreams,2.4
36,김명훈,M,청년,43.0,20191112.0,20200729.0,0,1.0,0.0,1290.0,서비스,Dreams,2.4
37,서경하,M,중년,43.0,20191112.0,20200925.0,160000,700.0,23.0,1232.0,서비스,Dreams,2.4
38,안다희,W,청년,43.0,20191112.0,20200729.0,0,1.0,0.0,1290.0,서비스,Dreams,2.4
39,유재신,M,중년,43.0,20191112.0,20200925.0,160000,700.0,23.0,1232.0,서비스,Dreams,2.4
40,메멧,M,청년,43.0,20191112.0,20200729.0,0,2.0,0.0,1290.0,서비스,Dreams,2.4
41,일마즈,M,청년,43.0,20191112.0,20200729.0,0,4.0,0.0,1290.0,서비스,Dreams,2.4
42,감런벡,M,청소년,43.0,20191112.0,20200729.0,0,1.0,0.0,1290.0,기타,Dreams,2.4
43,박상민,M,청년,44.0,20191119.0,20200908.0,120000,12.0,2.0,1249.0,산업,계절의 끝에서,3.2
44,이정숙,W,중년,44.0,20191119.0,20200908.0,120000,40.0,2.0,1249.0,서비스,계절의 끝에서,3.2
45,김범준,M,청년,44.0,20191119.0,20200908.0,120000,0.0,0.0,1249.0,기타,계절의 끝에서,3.2
46,김민재,M,청년,44.0,20191119.0,20210113.0,502491,1210.0,68.0,1122.0,연예인,계절의 끝에서,3.2
47,김민재,M,청년,44.0,20191119.0,20210113.0,502491,1210.0,68.0,1122.0,운동선수,계절의 끝에서,3.2
48,남진현,W,중년,44.0,20191119.0,20200908.0,120000,191.0,27.0,1249.0,기타,계절의 끝에서,3.2
49,유창종,M,청년,44.0,20191119.0,20210113.0,502491,1210.0,68.0,1122.0,사회복지,계절의 끝에서,3.2
50,고석교,M,중년,44.0,20191119.0,20200908.0,120000,0.0,0.0,1249.0,서비스,계절의 끝에서,3.2
51,김현이,W,청년,44.0,20191119.0,20200908.0,120000,0.0,0.0,1249.0,기타,계절의 끝에서,3.2
52,김현지,W,청년,44.0,20191119.0,20200908.0,120000,1.0,1.0,1249.0,기타,계절의 끝에서,3.2
53,윤주은,W,어린이,44.0,20191119.0,20200908.0,120000,329.0,28.0,1249.0,기타,계절의 끝에서,3.2
54,손희정,W,청년,45.0,20191126.0,20200729.0,0,0.0,0.0,1290.0,서비스,November Song,2.5
55,이종운,M,청년,45.0,20191126.0,20200729.0,0,1.0,0.0,1290.0,기타,November Song,2.5
56,홍서연,W,청년,45.0,20191126.0,20200729.0,0,7.0,0.0,1290.0,기타,November Song,2.5
57,이세돌,M,중년,45.0,20191126.0,20210108.0,500000,10422.0,1091.0,1127.0,운동선수,November Song,2.5
58,전하은,W,청년,45.0,20191126.0,20200729.0,0,2.0,0.0,1290.0,기타,November Song,2.5
59,전지안,W,청년,45.0,20191126.0,20200729.0,0,2.0,0.0,1290.0,기타,November Song,2.5
60,유영수,M,청년,45.0,20191126.0,20200729.0,0,2.0,0.0,1290.0,기타,November Song,2.5
61,유영수,M,청년,45.0,20191126.0,20200729.0,0,2.0,0.0,1290.0,서비스,November Song,2.5
62,승병일,M,노인,45.0,20191126.0,20200729.0,0,2.0,0.0,1290.0,기타,November Song,2.5
63,전재영,M,청년,45.0,20191126.0,20200729.0,0,1.0,0.0,1290.0,기타,November Song,2.5
64,김성수,M,중년,45.0,20191126.0,20200729.0,0,0.0,0.0,1290.0,전문기술,November Song,2.5
65,권수득,M,중년,46.0,20191203.0,20200817.0,60000,7.0,0.0,1271.0,서비스,너의 바다에 머무네,2.5
66,김한나,W,청년,46.0,20191203.0,20200817.0,60000,90.0,4.0,1271.0,기타,너의 바다에 머무네,2.5
67,박근정,W,청년,46.0,20191203.0,20200817.0,60000,403.0,31.0,1271.0,운동선수,너의 바다에 머무네,2.5
68,윤문현,M,중년,46.0,20191203.0,20210113.0,502491,11483.0,385.0,1122.0,서비스,너의 바다에 머무네,2.5
69,양예빈,W,청년,46.0,20191203.0,20200817.0,60000,90.0,4.0,1271.0,운동선수,너의 바다에 머무네,2.5
70,최영은,W,청년,46.0,20191203.0,20200817.0,60000,32.0,2.0,1271.0,예술가,너의 바다에 머무네,2.5
71,김지형,M,청년,46.0,20191203.0,20200817.0,60000,2.0,0.0,1271.0,서비스,너의 바다에 머무네,2.5
72,배한나,W,청년,46.0,20191203.0,20200817.0,60000,300.0,17.0,1271.0,운동선수,너의 바다에 머무네,2.5
73,정준호,M,중년,46.0,20191203.0,20210113.0,502491,11483.0,385.0,1122.0,예술가,너의 바다에 머무네,2.5
74,"벤자민, 베티, 에베네제",M,청년,46.0,20191203.0,20200826.0,80000,729.0,68.0,1262.0,예술가,너의 바다에 머무네,2.5
75,정종윤,M,중년,46.0,20191203.0,20210113.0,502491,11483.0,385.0,1122.0,예술가,너의 바다에 머무네,2.5
76,강명은,W,청년,46.0,20191203.0,20200826.0,80000,729.0,68.0,1262.0,기타,너의 바다에 머무네,2.5
77,최아인,W,청소년,47.0,20200311.0,20200729.0,0,12.0,0.0,1290.0,기타,Warriors (전사들),2.606
78,최용국,M,청년,47.0,20200311.0,20200729.0,0,10.0,0.0,1290.0,서비스,Warriors (전사들),2.606
79,허준혁,M,청소년,47.0,20200311.0,20200729.0,0,0.0,0.0,1290.0,기타,Warriors (전사들),2.606
80,정글라라,W,청년,47.0,20200311.0,20200729.0,0,3.0,1.0,1290.0,사회복지,Warriors (전사들),2.606
81,임진희,W,청년,47.0,20200311.0,20200729.0,0,1.0,0.0,1290.0,사회복지,Warriors (전사들),2.606
82,이풍요,M,청년,47.0,20200311.0,20200729.0,0,1.0,0.0,1290.0,서비스,Warriors (전사들),2.606
83,최준원,M,청년,47.0,20200311.0,20200729.0,0,0.0,0.0,1290.0,전문기술,Warriors (전사들),2.606
84,김길수,M,청년,47.0,20200311.0,20200729.0,0,0.0,0.0,1290.0,서비스,Warriors (전사들),2.606
85,서경덕,M,노인,47.0,20200311.0,20200729.0,0,997.0,143.0,1290.0,기타,Warriors (전사들),2.606
86,김백운,M,청년,47.0,20200311.0,20200729.0,0,19.0,0.0,1290.0,사회복지,Warriors (전사들),2.606
87,이동요,M,청년,47.0,20200311.0,20200729.0,0,1.0,0.0,1290.0,서비스,Warriors (전사들),2.606
88,강순자,W,청년,48.0,20200318.0,20200729.0,0,1.0,0.0,1290.0,기타,Into the Unknown,2.2
89,임공혁,M,청년,48.0,20200318.0,20200729.0,0,17.0,2.0,1290.0,예술가,Into the Unknown,2.2
90,오갑수,W,노인,48.0,20200318.0,20200729.0,0,17.0,2.0,1290.0,기타,Into the Unknown,2.2
91,백진우,M,청년,48.0,20200318.0,20200729.0,0,12.0,0.0,1290.0,전문기술,Into the Unknown,2.2
92,장유정,W,청년,48.0,20200318.0,20200729.0,0,13.0,1.0,1290.0,기타,Into the Unknown,2.2
93,장유정,W,청년,48.0,20200318.0,20200729.0,0,13.0,1.0,1290.0,기타,Into the Unknown,2.2
94,김창연,M,중년,48.0,20200318.0,20200729.0,0,2.0,0.0,1290.0,기타,Into the Unknown,2.2
95,차승원,M,중년,49.0,20200325.0,20200729.0,0,42.0,3.0,1290.0,연예인,Dear Mr. Fantasy,2.5
96,류근오,M,노인,49.0,20200325.0,20200729.0,0,53.0,3.0,1290.0,전문기술,Dear Mr. Fantasy,2.5
97,김건호,M,청년,49.0,20200325.0,20200729.0,0,5.0,1.0,1290.0,기타,Dear Mr. Fantasy,2.5
98,전지희,W,청소년,49.0,20200325.0,20200729.0,0,21.0,1.0,1290.0,운동선수,Dear Mr. Fantasy,2.5
99,박우곤,M,청년,49.0,20200325.0,20200729.0,0,21.0,1.0,1290.0,기타,Dear Mr. Fantasy,2.5
100,윤혜린,W,청년,49.0,20200325.0,20200729.0,0,14.0,0.0,1290.0,전문기술,Dear Mr. Fantasy,2.5
101,이현지,W,청년,50.0,20200415.0,20200729.0,0,56.0,2.0,1290.0,기타,한 페이지가 될 수 있게,2.323
102,윤준서,M,청년,50.0,20200415.0,20200729.0,0,3.0,0.0,1290.0,기타,한 페이지가 될 수 있게,2.323
103,방승대,M,청년,50.0,20200415.0,20200729.0,0,3.0,0.0,1290.0,기타,한 페이지가 될 수 있게,2.323
104,신임순,M,중년,50.0,20200415.0,20200729.0,0,6.0,0.0,1290.0,전문기술,한 페이지가 될 수 있게,2.323
105,정후란,M,청년,50.0,20200415.0,20200729.0,0,2.0,0.0,1290.0,기타,한 페이지가 될 수 있게,2.323
106,이송식,M,청년,50.0,20200415.0,20200729.0,0,2.0,0.0,1290.0,기타,한 페이지가 될 수 있게,2.323
107,박진수,M,노인,50.0,20200415.0,20200729.0,0,1.0,0.0,1290.0,기타,한 페이지가 될 수 있게,2.323
108,이기향,W,청년,51.0,20200422.0,20200729.0,0,75.0,1.0,1290.0,기타,업글인간 특집,2.735
109,강민정,W,아동,51.0,20200422.0,20200729.0,0,14.0,0.0,1290.0,기타,업글인간 특집,2.735
110,황윤섭,M,청소년,51.0,20200422.0,20200729.0,0,22.0,0.0,1290.0,기타,업글인간 특집,2.735
111,송민건,M,청소년,51.0,20200422.0,20200729.0,0,16.0,0.0,1290.0,기타,업글인간 특집,2.735
112,현정석,M,청년,52.0,20200429.0,20200729.0,0,15.0,3.0,1290.0,예술가,그들이 알고 싶다 특집,2.601
113,유장용유영순,W,중년,52.0,20200429.0,20200729.0,0,34.0,7.0,1290.0,기타,그들이 알고 싶다 특집,2.601
114,장병순,W,노인,52.0,20200429.0,20200729.0,0,434.0,22.0,1290.0,기타,그들이 알고 싶다 특집,2.601
115,윤예빈,W,청년,52.0,20200429.0,20200729.0,0,63.0,5.0,1290.0,기타,그들이 알고 싶다 특집,2.601
116,양민석,M,청년,52.0,20200429.0,20200729.0,0,81.0,4.0,1290.0,기타,그들이 알고 싶다 특집,2.601
117,최원준,M,청년,52.0,20200429.0,20200729.0,0,18.0,3.0,1290.0,전문기술,그들이 알고 싶다 특집,2.601
118,송지인,W,청년,52.0,20200429.0,20200729.0,0,10.0,0.0,1290.0,예술가,그들이 알고 싶다 특집,2.601
119,김찬희,M,중년,52.0,20200429.0,20200729.0,0,4.0,0.0,1290.0,사회복지,그들이 알고 싶다 특집,2.601
120,황수연,W,중년,53.0,20200506.0,20200729.0,0,19.0,0.0,1290.0,전문기술,사랑의 꽃 배달 특집,2.009
121,김형진,M,청년,53.0,20200506.0,20200729.0,0,39.0,5.0,1290.0,전문기술,사랑의 꽃 배달 특집,2.009
122,조영학,M,중년,53.0,20200506.0,20200729.0,0,99.0,8.0,1290.0,전문기술,사랑의 꽃 배달 특집,2.009
123,김광선,M,중년,53.0,20200506.0,20200729.0,0,113.0,2.0,1290.0,운동선수,사랑의 꽃 배달 특집,2.009
124,주려진,W,중년,53.0,20200506.0,20200908.0,120000,189.0,15.0,1249.0,서비스,사랑의 꽃 배달 특집,2.009
125,황관용,M,중년,53.0,20200506.0,20200729.0,0,107.0,7.0,1290.0,기타,사랑의 꽃 배달 특집,2.009
126,김순자,W,중년,54.0,20200513.0,20200729.0,0,32.0,0.0,1290.0,기타,스승의 날 특집,2.095
127,위성돈,M,노인,54.0,20200513.0,20200729.0,0,370.0,21.0,1290.0,전문기술,스승의 날 특집,2.095
128,박성규,M,중년,54.0,20200513.0,20200729.0,0,58.0,2.0,1290.0,기타,스승의 날 특집,2.095
129,박종현,M,청년,54.0,20200513.0,20200729.0,0,10.0,0.0,1290.0,기타,스승의 날 특집,2.095
130,장유정,W,청년,54.0,20200513.0,20200729.0,0,3.0,1.0,1290.0,기타,스승의 날 특집,2.095
131,장유정,W,청년,54.0,20200513.0,20200729.0,0,3.0,1.0,1290.0,기타,스승의 날 특집,2.095
132,조용래,M,청년,55.0,20200520.0,20200729.0,0,11.0,0.0,1290.0,전문기술,인생의 단짝 특집,2.357
133,조윤호,M,청년,55.0,20200520.0,20200729.0,0,443.0,19.0,1290.0,기타,인생의 단짝 특집,2.357
134,전다희,W,청년,56.0,20200527.0,20200729.0,0,451.0,26.0,1290.0,기타,슬기로운 의사생활 특집,3.109
135,홍도원,M,청년,56.0,20200527.0,20200729.0,0,18.0,2.0,1290.0,기타,슬기로운 의사생활 특집,3.109
136,박수빈,W,청년,56.0,20200527.0,20200729.0,0,18.0,2.0,1290.0,기타,슬기로운 의사생활 특집,3.109
137,신영돈,M,청년,57.0,20200603.0,20200729.0,0,4105.0,105.0,1290.0,기타,목소리 특집,3.086
138,이승수,M,청년,57.0,20200603.0,20200729.0,0,274.0,12.0,1290.0,운동선수,목소리 특집,3.086
139,조현우,M,청년,59.0,20200617.0,20200729.0,0,1289.0,73.0,1290.0,운동선수,하나뿐인 자기님 특집,2.398
140,손하윤,W,아동,60.0,20200624.0,20200729.0,0,40.0,0.0,1290.0,기타,경찰 특집,2.852
141,손하영,W,아동,60.0,20200624.0,20200729.0,0,720.0,22.0,1290.0,기타,경찰 특집,2.852
142,남지영,W,청년,61.0,20200701.0,20200729.0,0,497.0,25.0,1290.0,전문기술,K 특집,2.520
143,주언규,M,청년,61.0,20200701.0,20210208.0,514944,2477.0,361.0,1096.0,예술가,K 특집,2.520
144,전서이,W,아동,61.0,20200701.0,20200729.0,0,2890.0,103.0,1290.0,기타,K 특집,2.520
145,스테파노,M,청년,62.0,20200708.0,20200729.0,0,72.0,6.0,1290.0,기타,개그맨 특집,2.753
146,스테파노,M,청년,62.0,20200708.0,20200729.0,0,72.0,6.0,1290.0,기타,개그맨 특집,2.753
147,스쿠치마라,M,청년,63.0,20200715.0,20200729.0,0,720.0,33.0,1290.0,기타,제헌절 특집,3.241
148,아브랄,M,청년,63.0,20200715.0,20200729.0,0,67.0,1.0,1290.0,기타,제헌절 특집,3.241
149,부주바,M,청년,64.0,20200722.0,20200729.0,0,186.0,8.0,1290.0,기타,돈 특집,3.241
150,강영권,M,중년,64.0,20200722.0,20210526.0,564759,456.0,49.0,989.0,산업,돈 특집,3.241
151,로타,M,청년,64.0,20200722.0,20200729.0,0,22.0,0.0,1290.0,기타,돈 특집,3.241
152,존리,M,청년,65.0,20200729.0,20201202.0,380000,18288.0,3002.0,1164.0,연예인,직업 특집,3.466
153,바우어,M,청년,65.0,20200729.0,20200729.0,0,1104.0,111.0,1290.0,운동선수,직업 특집,3.466
154,서태종,M,노인,65.0,20200729.0,20200729.0,0,458.0,22.0,1290.0,예술가,직업 특집,3.466
155,박묘순,W,노인,65.0,20200729.0,20200729.0,0,234.0,20.0,1290.0,예술가,직업 특집,3.466
156,김정자,W,노인,65.0,20200729.0,20200729.0,0,2385.0,180.0,1290.0,예술가,직업 특집,3.466
157,김정자,W,노인,65.0,20200729.0,20200729.0,0,2385.0,180.0,1290.0,기타,직업 특집,3.466
158,김지환,M,청년,66.0,20200805.0,20200805.0,20000,62.0,0.0,1283.0,운동선수,직업 특집 2탄,2.736
159,박정우,M,청년,66.0,20200805.0,20200805.0,20000,458.0,34.0,1283.0,운동선수,직업 특집 2탄,2.736
160,이순자,W,청년,66.0,20200805.0,20200805.0,20000,781.0,90.0,1283.0,운동선수,직업 특집 2탄,2.736
161,이예림,W,청년,66.0,20200805.0,20200805.0,20000,4153.0,289.0,1283.0,운동선수,직업 특집 2탄,2.736
162,황찬섭,M,청년,66.0,20200805.0,20200805.0,20000,2470.0,351.0,1283.0,운동선수,직업 특집 2탄,2.736
163,김장우,M,청년,67.0,20200812.0,20200813.0,40000,604.0,97.0,1275.0,운동선수,광복절 특집,2.174
164,이희진,W,청년,67.0,20200812.0,20200813.0,40000,1750.0,244.0,1275.0,운동선수,광복절 특집,2.174
165,신수영,M,청년,67.0,20200812.0,20200813.0,40000,2405.0,230.0,1275.0,운동선수,광복절 특집,2.174
166,장선영,W,청년,67.0,20200812.0,20200813.0,40000,91.0,4.0,1275.0,연예인,광복절 특집,2.174
167,여다경,W,청년,67.0,20200812.0,20200813.0,40000,625.0,40.0,1275.0,운동선수,광복절 특집,2.174
168,송광호,M,청년,68.0,20200819.0,20200817.0,60000,105.0,9.0,1271.0,연예인,살면서 안 만났으면 좋을 사람,3.617
169,홍시율,M,청년,68.0,20200819.0,20200817.0,60000,612.0,105.0,1271.0,사회복지,살면서 안 만났으면 좋을 사람,3.617
170,홍동규,M,중년,68.0,20200819.0,20200817.0,60000,7765.0,812.0,1271.0,사회복지,살면서 안 만났으면 좋을 사람,3.617
171,함범녀,W,노인,68.0,20200819.0,20200817.0,60000,12852.0,908.0,1271.0,기타,살면서 안 만났으면 좋을 사람,3.617
172,함범녀,W,노인,68.0,20200819.0,20200817.0,60000,12852.0,908.0,1271.0,서비스,살면서 안 만났으면 좋을 사람,3.617
173,김정순,W,중년,68.0,20200819.0,20200817.0,60000,9364.0,1205.0,1271.0,기타,살면서 안 만났으면 좋을 사람,3.617
174,서담희,W,청년,69.0,20200826.0,20200826.0,80000,958.0,70.0,1262.0,기타,이거 누가 만들었지?,3.867
175,이재원,M,청년,69.0,20200826.0,20200826.0,80000,251.0,29.0,1262.0,기타,이거 누가 만들었지?,3.867
176,정영석,M,청년,69.0,20200826.0,20200826.0,80000,2228.0,348.0,1262.0,예술가,이거 누가 만들었지?,3.867
177,전종안,M,중년,69.0,20200826.0,20200826.0,80000,1427.0,92.0,1262.0,사회복지,이거 누가 만들었지?,3.867
178,김기숙,W,중년,69.0,20200826.0,20200826.0,80000,31.0,4.0,1262.0,기타,이거 누가 만들었지?,3.867
179,세나,W,청년,69.0,20200826.0,20200826.0,80000,86.0,14.0,1262.0,기타,이거 누가 만들었지?,3.867
180,이규형,M,청년,70.0,20200902.0,20200902.0,100000,163.0,21.0,1255.0,기타,세대 특집,2.906
181,이현주,W,청년,70.0,20200902.0,20200902.0,100000,779.0,104.0,1255.0,기타,세대 특집,2.906
182,오진우,M,청년,70.0,20200902.0,20200902.0,100000,779.0,104.0,1255.0,기타,세대 특집,2.906
183,조재동,M,중년,70.0,20200902.0,20200902.0,100000,289.0,17.0,1255.0,서비스,세대 특집,2.906
184,이민희,W,중년,70.0,20200902.0,20200902.0,100000,83.0,8.0,1255.0,서비스,세대 특집,2.906
185,김춘식,M,중년,70.0,20200902.0,20200902.0,100000,90.0,14.0,1255.0,서비스,세대 특집,2.906
186,남숙현,W,청년,70.0,20200902.0,20200902.0,100000,163.0,21.0,1255.0,산업,세대 특집,2.906
187,고대영,M,청년,71.0,20200909.0,20200908.0,120000,9879.0,911.0,1249.0,기타,문과 vs 이과 특집,3.398
188,현순심,W,중년,71.0,20200909.0,20200908.0,120000,50.0,31.0,1249.0,서비스,문과 vs 이과 특집,3.398
189,고병선,W,중년,71.0,20200909.0,20200908.0,120000,284.0,16.0,1249.0,서비스,문과 vs 이과 특집,3.398
190,김지희,W,중년,71.0,20200909.0,20200908.0,120000,230.0,13.0,1249.0,서비스,문과 vs 이과 특집,3.398
191,정만택,M,중년,71.0,20200909.0,20200908.0,120000,8201.0,681.0,1249.0,서비스,문과 vs 이과 특집,3.398
192,김동일,M,청년,71.0,20200909.0,20200908.0,120000,230.0,13.0,1249.0,기타,문과 vs 이과 특집,3.398
193,이태석,M,중년,71.0,20200909.0,20200908.0,120000,9879.0,911.0,1249.0,서비스,문과 vs 이과 특집,3.398
194,현정호,M,어린이,72.0,20200916.0,20200916.0,140000,3106.0,222.0,1241.0,기타,미생 특집,3.689
195,윤석영,M,어린이,72.0,20200916.0,20200916.0,140000,3106.0,222.0,1241.0,기타,미생 특집,3.689
196,권범,M,어린이,72.0,20200916.0,20200916.0,140000,21795.0,1859.0,1241.0,기타,미생 특집,3.689
197,김혜진,W,청년,72.0,20200916.0,20200916.0,140000,954.0,136.0,1241.0,기타,미생 특집,3.689
198,진성호,M,청년,72.0,20200916.0,20200916.0,140000,727.0,84.0,1241.0,사회복지,미생 특집,3.689
199,김현진,W,청년,73.0,20200923.0,20200925.0,160000,89.0,7.0,1232.0,서비스,소통의 기술 특집,4.032
200,유영수,M,중년,73.0,20200923.0,20200925.0,160000,6437.0,271.0,1232.0,기타,소통의 기술 특집,4.032
201,유영수,M,중년,73.0,20200923.0,20200925.0,160000,6437.0,271.0,1232.0,서비스,소통의 기술 특집,4.032
202,강미연,W,중년,73.0,20200923.0,20200925.0,160000,170.0,5.0,1232.0,서비스,소통의 기술 특집,4.032
203,차금덕,W,중년,73.0,20200923.0,20200925.0,160000,126.0,6.0,1232.0,서비스,소통의 기술 특집,4.032
204,임연진,W,청년,73.0,20200923.0,20200925.0,160000,46.0,4.0,1232.0,서비스,소통의 기술 특집,4.032
205,박응경,M,중년,74.0,20200930.0,20200930.0,180000,39388.0,5576.0,1227.0,서비스,추석 - 조선의 힙스터,2.487
206,이동훈,M,청년,74.0,20200930.0,20200930.0,180000,32179.0,1761.0,1227.0,전문기술,추석 - 조선의 힙스터,2.487
207,나태복,M,중년,74.0,20200930.0,20200930.0,180000,9879.0,443.0,1227.0,서비스,추석 - 조선의 힙스터,2.487
208,신덕순,W,중년,74.0,20200930.0,20200930.0,180000,10580.0,391.0,1227.0,서비스,추석 - 조선의 힙스터,2.487
209,스테파노,M,청년,74.0,20200930.0,20200930.0,180000,725.0,99.0,1227.0,기타,추석 - 조선의 힙스터,2.487
210,스테파노,M,청년,74.0,20200930.0,20200930.0,180000,725.0,99.0,1227.0,기타,추석 - 조선의 힙스터,2.487
211,함범녀,W,중년,75.0,20201007.0,20201010.0,220000,1928.0,352.0,1217.0,기타,금손 특집,3.188
212,함범녀,W,중년,75.0,20201007.0,20201010.0,220000,1928.0,352.0,1217.0,서비스,금손 특집,3.188
213,이지연,W,청년,75.0,20201007.0,20201010.0,220000,291.0,15.0,1217.0,전문기술,금손 특집,3.188
214,이지연,W,청년,75.0,20201007.0,20201010.0,220000,291.0,15.0,1217.0,서비스,금손 특집,3.188
215,배용호,M,중년,75.0,20201007.0,20201010.0,220000,2652.0,225.0,1217.0,서비스,금손 특집,3.188
216,정대례,W,청년,75.0,20201007.0,20201010.0,220000,881.0,740.0,1217.0,전문기술,금손 특집,3.188
217,김슬기,W,청년,75.0,20201007.0,20201010.0,220000,1331.0,81.0,1217.0,전문기술,금손 특집,3.188
218,서명옥,W,청년,76.0,20201014.0,20201015.0,240000,16144.0,992.0,1212.0,전문기술,공무원 특집,3.542
219,임소진,W,청년,76.0,20201014.0,20201015.0,240000,4899.0,232.0,1212.0,전문기술,공무원 특집,3.542
220,최자영,W,청년,76.0,20201014.0,20201015.0,240000,1303.0,236.0,1212.0,기타,공무원 특집,3.542
221,최정희,W,청년,76.0,20201014.0,20201015.0,240000,814.0,60.0,1212.0,서비스,공무원 특집,3.542
222,김한슬,W,청년,77.0,20201021.0,20201021.0,260000,2871.0,216.0,1206.0,전문기술,독특한 이력서,4.009
223,김건태,M,청년,77.0,20201021.0,20201021.0,260000,765.0,113.0,1206.0,전문기술,독특한 이력서,4.009
224,김지헌,W,청년,77.0,20201021.0,20201021.0,260000,7010.0,827.0,1206.0,기타,독특한 이력서,4.009
225,최희화,W,청년,77.0,20201021.0,20201021.0,260000,4331.0,262.0,1206.0,운동선수,독특한 이력서,4.009
226,신원호,M,청년,78.0,20201028.0,20201029.0,280000,1575.0,119.0,1198.0,서비스,맛있는 녀석들 특집,3.737
227,이명한,M,중년,78.0,20201028.0,20201029.0,280000,352.0,16.0,1198.0,서비스,맛있는 녀석들 특집,3.737
228,김대주,W,청년,78.0,20201028.0,20201029.0,280000,1726.0,176.0,1198.0,예술가,맛있는 녀석들 특집,3.737
229,김란주,W,청년,78.0,20201028.0,20201029.0,280000,13401.0,803.0,1198.0,예술가,맛있는 녀석들 특집,3.737
230,정종연,M,청년,78.0,20201028.0,20201029.0,280000,13831.0,1432.0,1198.0,서비스,맛있는 녀석들 특집,3.737
231,재재,W,청년,79.0,20201104.0,20201105.0,300000,353.0,5.0,1191.0,연예인,국과수 특집,3.382
232,이윤수,W,청년,79.0,20201104.0,20201105.0,300000,5580.0,752.0,1191.0,기타,국과수 특집,3.382
233,김민주,W,청년,79.0,20201104.0,20201105.0,300000,34143.0,2629.0,1191.0,기타,국과수 특집,3.382
234,이준서,M,청년,79.0,20201104.0,20201105.0,300000,34143.0,2629.0,1191.0,기타,국과수 특집,3.382
235,박서현,W,청년,79.0,20201104.0,20201105.0,300000,2576.0,85.0,1191.0,기타,국과수 특집,3.382
236,박영서,W,청년,79.0,20201104.0,20201105.0,300000,4215.0,173.0,1191.0,기타,국과수 특집,3.382
237,장명숙,W,노인,80.0,20201111.0,20201111.0,320000,80.0,1.0,1185.0,예술가,"First In, Last Out 특집",3.328
238,이다영,W,청년,80.0,20201111.0,20201111.0,320000,625.0,55.0,1185.0,운동선수,"First In, Last Out 특집",3.328
239,오동고,M,청년,80.0,20201111.0,20201111.0,320000,332.0,40.0,1185.0,기타,"First In, Last Out 특집",3.328
240,프란시스 응고메 오켈로,M,청년,80.0,20201111.0,20201111.0,320000,283.0,44.0,1185.0,서비스,"First In, Last Out 특집",3.328
241,이재영,W,청년,80.0,20201111.0,20201111.0,320000,1114.0,102.0,1185.0,운동선수,"First In, Last Out 특집",3.328
242,김정기,W,청년,81.0,20201118.0,20201118.0,340000,35070.0,1617.0,1178.0,서비스,어쩌다 특집,3.637
243,진용진,M,청년,81.0,20201118.0,20201118.0,340000,12468.0,753.0,1178.0,예술가,어쩌다 특집,3.637
244,유성호,M,중년,81.0,20201118.0,20201118.0,340000,796.0,30.0,1178.0,사회복지,어쩌다 특집,3.637
245,박지선,W,청년,81.0,20201118.0,20201118.0,340000,688.0,23.0,1178.0,연예인,어쩌다 특집,3.637
246,박지선,W,청년,81.0,20201118.0,20201118.0,340000,688.0,23.0,1178.0,연예인,어쩌다 특집,3.637
247,엄윤재,M,청년,81.0,20201118.0,20201118.0,340000,428.0,20.0,1178.0,기타,어쩌다 특집,3.637
248,표창원,M,중년,81.0,20201118.0,20201118.0,340000,428.0,20.0,1178.0,전문기술,어쩌다 특집,3.637
249,이명학,M,청년,82.0,20201125.0,20201125.0,360000,2321.0,171.0,1173.0,연예인,어떻게 살 것인가 특집,4.866
250,송미경,W,청년,82.0,20201125.0,20201125.0,360000,16868.0,821.0,1172.0,사회복지,어떻게 살 것인가 특집,4.866
251,장효인,W,청년,82.0,20201125.0,20201125.0,360000,513.0,15.0,1171.0,사회복지,어떻게 살 것인가 특집,4.866
252,김선기,M,청년,82.0,20201125.0,20201125.0,360000,396.0,36.0,1171.0,기타,어떻게 살 것인가 특집,4.866
253,이봉수,M,노인,82.0,20201125.0,20201125.0,360000,825.0,58.0,1171.0,기타,어떻게 살 것인가 특집,4.866
254,김한규,M,청년,83.0,20201202.0,20201202.0,380000,832.0,80.0,1164.0,전문기술,'world class' 특집,4.422
255,송은이,W,중년,83.0,20201202.0,20201202.0,380000,4060.0,208.0,1164.0,연예인,'world class' 특집,4.422
256,김다비,W,중년,83.0,20201202.0,20201202.0,380000,8414.0,864.0,1164.0,기타,'world class' 특집,4.422
257,이상엽,M,청년,83.0,20201202.0,20201202.0,380000,18288.0,3002.0,1164.0,연예인,'world class' 특집,4.422
258,이상엽,M,청년,83.0,20201202.0,20201202.0,380000,18288.0,3002.0,1164.0,전문기술,'world class' 특집,4.422
259,조범수,M,청년,83.0,20201202.0,20201202.0,380000,170.0,17.0,1164.0,전문기술,'world class' 특집,4.422
260,장보은,W,청년,83.0,20201202.0,20201202.0,380000,237.0,11.0,1164.0,전문기술,'world class' 특집,4.422
261,김동식,M,중년,84.0,20201209.0,20201209.0,400000,449.0,32.0,1157.0,전문기술,'world class 2' 특집,5.033
262,안은진,W,청년,84.0,20201209.0,20201209.0,400000,7655.0,679.0,1157.0,연예인,'world class 2' 특집,5.033
263,안은진,W,청년,84.0,20201209.0,20201209.0,400000,7655.0,679.0,1157.0,연예인,'world class 2' 특집,5.033
264,정문성,M,청년,84.0,20201209.0,20201209.0,400000,9915.0,564.0,1157.0,연예인,'world class 2' 특집,5.033
265,최석재,M,중년,85.0,20201216.0,20201219.0,440000,1061.0,161.0,1147.0,전문기술,그것이 알고 싶다2,5.120
266,송석원,M,중년,85.0,20201216.0,20201219.0,440000,504.0,47.0,1147.0,전문기술,그것이 알고 싶다2,5.120
267,남궁헤륜,W,청년,85.0,20201216.0,20201219.0,440000,4849.0,1032.0,1147.0,전문기술,그것이 알고 싶다2,5.120
268,김민혜,W,중년,85.0,20201216.0,20201219.0,440000,4464.0,494.0,1147.0,연예인,그것이 알고 싶다2,5.120
269,김호중,M,청년,86.0,20201223.0,20201226.0,460000,293.0,16.0,1140.0,연예인,<오늘 하루> 특집,3.982
270,김종하,M,중년,86.0,20201223.0,20201226.0,460000,471.0,49.0,1140.0,서비스,<오늘 하루> 특집,3.982
271,차태현,M,중년,86.0,20201223.0,20201226.0,460000,122.0,9.0,1140.0,연예인,<오늘 하루> 특집,3.982
272,박일환,M,노인,86.0,20201223.0,20210203.0,512454,5836.0,323.0,1101.0,사회복지,<오늘 하루> 특집,3.982
273,박선영,W,청년,86.0,20201223.0,20201226.0,460000,751.0,51.0,1140.0,예술가,<오늘 하루> 특집,3.982
274,김슬아,W,청년,87.0,20201230.0,20210102.0,480000,1146.0,317.0,1133.0,서비스,<시작과 끝> 특집,4.609
275,김보민,W,중년,87.0,20201230.0,20210102.0,480000,9127.0,771.0,1133.0,예술가,<시작과 끝> 특집,4.609
276,전진서,M,청년,87.0,20201230.0,20210102.0,480000,2023.0,180.0,1133.0,연예인,<시작과 끝> 특집,4.609
277,박태훈,M,중년,87.0,20201230.0,20210102.0,480000,395.0,46.0,1133.0,서비스,<시작과 끝> 특집,4.609
278,김이중,M,중년,88.0,20210106.0,20210102.0,480000,963.0,82.0,1133.0,사회복지,담다 특집,4.492
279,이예랑,W,중년,88.0,20210106.0,20210102.0,480000,438.0,20.0,1133.0,서비스,담다 특집,4.492
280,김세호,M,중년,88.0,20210106.0,20210102.0,480000,3260.0,2461.0,1133.0,서비스,담다 특집,4.492
281,김동희,M,중년,88.0,20210106.0,20210102.0,480000,4091.0,530.0,1133.0,연예인,담다 특집,4.492
282,여주희,W,중년,88.0,20210106.0,20210102.0,480000,4091.0,530.0,1133.0,서비스,담다 특집,4.492
283,조우상,M,중년,88.0,20210106.0,20210102.0,480000,2467.0,213.0,1133.0,사회복지,담다 특집,4.492
284,윤석호,M,중년,89.0,20210113.0,20210113.0,502491,340.0,23.0,1122.0,사회복지,겨울방학 탐구생활,4.671
285,문한빛,M,청년,89.0,20210113.0,20210113.0,502491,1721.0,126.0,1122.0,사회복지,겨울방학 탐구생활,4.671
286,천종호,M,노인,89.0,20210113.0,20210203.0,512454,3207.0,127.0,1101.0,사회복지,겨울방학 탐구생활,4.671
287,고건,M,청년,89.0,20210113.0,20210113.0,502491,168.0,11.0,1122.0,사회복지,겨울방학 탐구생활,4.671
288,백현,M,청년,90.0,20210120.0,20210120.0,504981,2494.0,287.0,1115.0,연예인,소의 해,4.357
289,김진용,M,중년,90.0,20210120.0,20210120.0,504981,954.0,34.0,1115.0,전문기술,소의 해,4.357
290,임하룡,M,중년,90.0,20210120.0,20210120.0,504981,347.0,27.0,1115.0,연예인,소의 해,4.357
291,김민경,W,중년,90.0,20210120.0,20210120.0,504981,237.0,17.0,1115.0,연예인,소의 해,4.357
292,이재율,M,청년,90.0,20210120.0,20210120.0,504981,237.0,17.0,1115.0,연예인,소의 해,4.357
293,강기문,M,중년,90.0,20210120.0,20210120.0,504981,3125.0,942.0,1115.0,서비스,소의 해,4.357
294,손민수,M,청년,91.0,20210127.0,20210130.0,509963,198.0,19.0,1105.0,예술가,<언성 히어로> 특집,4.3
295,이진호,M,청년,91.0,20210127.0,20210130.0,509963,230.0,9.0,1105.0,연예인,<언성 히어로> 특집,4.3
296,이용진,M,청년,91.0,20210127.0,20210130.0,509963,6579.0,472.0,1105.0,연예인,<언성 히어로> 특집,4.3
297,전수희,W,청년,91.0,20210127.0,20210130.0,509963,32649.0,3215.0,1105.0,연예인,<언성 히어로> 특집,4.3
298,임라라,W,청년,91.0,20210127.0,20210130.0,509963,80.0,11.0,1105.0,예술가,<언성 히어로> 특집,4.3
299,최유나,W,청년,92.0,20210203.0,20210203.0,512454,3299.0,448.0,1101.0,전문기술,<육감> 특집,4.731
300,류철호,M,노인,92.0,20210203.0,20210203.0,512454,2486.0,136.0,1101.0,사회복지,<육감> 특집,4.731
301,박준영,M,청년,92.0,20210203.0,20210203.0,512454,172.0,11.0,1101.0,전문기술,<육감> 특집,4.731
302,남형도,M,청년,92.0,20210203.0,20210226.0,524907,7064.0,572.0,1078.0,서비스,<육감> 특집,4.731
303,이종학,M,중년,93.0,20210210.0,20210208.0,514944,3691.0,196.0,1096.0,금융,'ㅇㅇ에 진심인 사람들',4.880
304,송정민,M,중년,93.0,20210210.0,20210208.0,514944,3671.0,248.0,1096.0,전문기술,'ㅇㅇ에 진심인 사람들',4.880
305,이용범,M,중년,93.0,20210210.0,20210208.0,514944,2048.0,143.0,1096.0,사회복지,'ㅇㅇ에 진심인 사람들',4.880
306,신상주,M,중년,93.0,20210210.0,20210208.0,514944,401.0,47.0,1096.0,사회복지,'ㅇㅇ에 진심인 사람들',4.880
307,권문현,M,청년,93.0,20210210.0,20210217.0,519926,28953.0,2382.0,1087.0,서비스,'ㅇㅇ에 진심인 사람들',4.880
308,황상만,M,중년,94.0,20210217.0,20210217.0,519926,227.0,9.0,1087.0,사회복지,<국가 보안시설> 특집,4.762
309,정우성,M,중년,94.0,20210217.0,20210217.0,519926,9181.0,546.0,1087.0,연예인,<국가 보안시설> 특집,4.762
310,김호진,M,중년,94.0,20210217.0,20210217.0,519926,2307.0,141.0,1087.0,연예인,<국가 보안시설> 특집,4.762
311,조석,M,중년,94.0,20210217.0,20210217.0,519926,694.0,121.0,1087.0,예술가,<국가 보안시설> 특집,4.762
312,김예지,W,중년,95.0,20210224.0,20210226.0,524907,4864.0,453.0,1078.0,사회복지,<맛의 전쟁> 특집,4.701
313,김창한,M,청년,95.0,20210224.0,20210226.0,524907,3209.0,590.0,1078.0,전문기술,<맛의 전쟁> 특집,4.701
314,김새별,W,청년,95.0,20210224.0,20210226.0,524907,65.0,4.0,1078.0,연예인,<맛의 전쟁> 특집,4.701
315,박건호,M,중년,95.0,20210224.0,20210226.0,524907,63.0,13.0,1078.0,예술가,<맛의 전쟁> 특집,4.701
316,박진영,M,중년,96.0,20210303.0,20210303.0,527398,235.0,20.0,1073.0,연예인,<시대를 잘 못 타고난> 특집,3.793
317,박진영,M,중년,96.0,20210303.0,20210303.0,527398,235.0,20.0,1073.0,연예인,<시대를 잘 못 타고난> 특집,3.793
318,박정호,M,중년,96.0,20210303.0,20210303.0,527398,235.0,20.0,1073.0,사회복지,<시대를 잘 못 타고난> 특집,3.793
319,서권순,W,중년,96.0,20210303.0,20210303.0,527398,65.0,5.0,1073.0,연예인,<시대를 잘 못 타고난> 특집,3.793
320,한순옥,W,노인,96.0,20210303.0,20210303.0,527398,2411.0,835.0,1073.0,기타,<시대를 잘 못 타고난> 특집,3.793
321,문수일,M,노인,96.0,20210303.0,20210303.0,527398,5204.0,484.0,1073.0,기타,<시대를 잘 못 타고난> 특집,3.793
322,김동우,M,중년,96.0,20210303.0,20210303.0,527398,831.0,128.0,1073.0,예술가,<시대를 잘 못 타고난> 특집,3.793
323,이승훈,M,중년,97.0,20210310.0,20210310.0,529889,1496.0,126.0,1066.0,전문기술,<이직의 기술> 특집,4.909
324,이승훈,M,중년,97.0,20210310.0,20210310.0,529889,1496.0,126.0,1066.0,연예인,<이직의 기술> 특집,4.909
325,심은이,W,중년,97.0,20210310.0,20210310.0,529889,1740.0,79.0,1066.0,서비스,<이직의 기술> 특집,4.909
326,윤석덕,M,중년,97.0,20210310.0,20210310.0,529889,525.0,80.0,1066.0,산업,<이직의 기술> 특집,4.909
327,윤종계,M,노인,97.0,20210310.0,20210310.0,529889,213.0,4.0,1066.0,산업,<이직의 기술> 특집,4.909
328,권용태,M,중년,97.0,20210310.0,20210310.0,529889,105.0,1.0,1066.0,전문기술,<이직의 기술> 특집,4.909
329,양재명,M,중년,98.0,20210317.0,20210317.0,532380,23292.0,2435.0,1059.0,산업,<끝까지 간다> 특집,5.302
330,범녀할머니,W,노인,98.0,20210317.0,20210317.0,532380,4039.0,176.0,1059.0,기타,<끝까지 간다> 특집,5.302
331,송수연,W,중년,98.0,20210317.0,20210317.0,532380,2111.0,93.0,1059.0,사회복지,<끝까지 간다> 특집,5.302
332,이승주,M,어린이,98.0,20210317.0,20210317.0,532380,1047.0,60.0,1059.0,기타,<끝까지 간다> 특집,5.302
333,진현우,M,청년,98.0,20210317.0,20210317.0,532380,672.0,35.0,1059.0,운동선수,<끝까지 간다> 특집,5.302
334,오지우,M,청년,99.0,20210324.0,20210324.0,534870,1137001.0,31668.0,1052.0,운동선수,피 땀 눈물#,6.740[578]
335,임두원,M,중년,100.0,20210331.0,20210401.0,544833,2785.0,115.0,1044.0,전문기술,<ㅇㅇ의 현실판> 특집,5.773
336,이욱진,W,청년,100.0,20210331.0,20210401.0,544833,29262.0,2203.0,1044.0,전문기술,<ㅇㅇ의 현실판> 특집,5.773
337,이정희,W,중년,100.0,20210331.0,20210401.0,544833,39980.0,2563.0,1044.0,사회복지,<ㅇㅇ의 현실판> 특집,5.773
338,민석기,M,중년,100.0,20210331.0,20210401.0,544833,2560.0,286.0,1044.0,산업,<ㅇㅇ의 현실판> 특집,5.773
339,서지음,W,청년,101.0,20210407.0,20210407.0,547324,10299.0,994.0,1038.0,예술가,<시간의 마술사들> 특집,4.580
340,김성민,M,어린이,101.0,20210407.0,20210407.0,547324,452.0,20.0,1038.0,기타,<시간의 마술사들> 특집,4.580
341,최현민,M,어린이,101.0,20210407.0,20210407.0,547324,318.0,20.0,1038.0,기타,<시간의 마술사들> 특집,4.580
342,김지명,M,청년,101.0,20210407.0,20210407.0,547324,377.0,24.0,1038.0,기타,<시간의 마술사들> 특집,4.580
343,민준홍,M,청년,101.0,20210407.0,20210407.0,547324,59.0,10.0,1038.0,기타,<시간의 마술사들> 특집,4.580
344,백희나,W,중년,102.0,20210414.0,20210414.0,549815,15049.0,994.0,1031.0,예술가,<한 줄로 설명되는> 특집,4.478
345,변상희,W,청년,102.0,20210414.0,20210414.0,549815,1873.0,144.0,1031.0,금융,<한 줄로 설명되는> 특집,4.478
346,소재현,W,중년,102.0,20210414.0,20210414.0,549815,1048.0,95.0,1031.0,서비스,<한 줄로 설명되는> 특집,4.478
347,김송준,M,청년,102.0,20210414.0,20210414.0,549815,353.0,18.0,1031.0,서비스,<한 줄로 설명되는> 특집,4.478
348,박용준,M,청년,103.0,20210421.0,20210421.0,552306,412.0,35.0,1024.0,서비스,<은밀한 이중생활> 특집,4.523
349,신민아,W,청년,103.0,20210421.0,20210421.0,552306,328.0,15.0,1024.0,연예인,<은밀한 이중생활> 특집,4.523
350,유꽃비,W,청년,103.0,20210421.0,20210421.0,552306,2276.0,93.0,1024.0,서비스,<은밀한 이중생활> 특집,4.523
351,박광주,M,청년,103.0,20210421.0,20210421.0,552306,951.0,67.0,1024.0,서비스,<은밀한 이중생활> 특집,4.523
352,이금주,W,청년,104.0,20210428.0,20210421.0,552306,1078.0,53.0,1024.0,서비스,<법의 날> 특집,4.521
353,김선태,M,청년,104.0,20210428.0,20210421.0,552306,184.0,3.0,1024.0,사회복지,<법의 날> 특집,4.521
354,김태현,M,노인,104.0,20210428.0,20210428.0,554796,7145.0,689.0,1017.0,사회복지,<법의 날> 특집,4.521
355,김춘재,M,청년,104.0,20210428.0,20210421.0,552306,1877.0,117.0,1024.0,서비스,<법의 날> 특집,4.521
356,이날치,W,중년,105.0,20210505.0,20210505.0,557287,16819.0,1299.0,1010.0,예술가,말하는 대로,5.831
357,이수영,M,노인,105.0,20210505.0,20210505.0,557287,2401.0,111.0,1010.0,산업,말하는 대로,5.831
358,올레디,W,청년,105.0,20210505.0,20210505.0,557287,104.0,12.0,1010.0,예술가,말하는 대로,5.831
359,페이커,M,청년,106.0,20210512.0,20210513.0,559778,1589.0,149.0,1002.0,서비스,<N주년> 특집,4.115
360,이봉식,M,노인,106.0,20210512.0,20210513.0,559778,1054.0,120.0,1002.0,기타,<N주년> 특집,4.115
361,권동호,M,중년,106.0,20210512.0,20210513.0,559778,508.0,39.0,1002.0,전문기술,<N주년> 특집,4.115
362,권지안,W,청년,106.0,20210512.0,20210513.0,559778,198.0,18.0,1002.0,서비스,<N주년> 특집,4.115
363,김철민,M,청년,107.0,20210519.0,20210519.0,562269,104.0,5.0,996.0,사회복지,<가족입니다> 특집,5.875
364,이제길,M,청년,107.0,20210519.0,20210519.0,562269,255.0,18.0,996.0,사회복지,<가족입니다> 특집,5.875
365,윤선영,W,청년,107.0,20210519.0,20210519.0,562269,1390.0,88.0,996.0,예술가,<가족입니다> 특집,5.875
366,석노기,M,중년,107.0,20210519.0,20210519.0,562269,414.0,34.0,996.0,예술가,<가족입니다> 특집,5.875
367,김관훈,M,청년,107.0,20210519.0,20210519.0,562269,1390.0,88.0,996.0,서비스,<가족입니다> 특집,5.875
368,박정민,M,청년,107.0,20210519.0,20210519.0,562269,255.0,18.0,996.0,연예인,<가족입니다> 특집,5.875
369,박정민,M,청년,107.0,20210519.0,20210519.0,562269,255.0,18.0,996.0,연예인,<가족입니다> 특집,5.875
370,김규현,M,청년,108.0,20210526.0,20210526.0,564759,4231.0,243.0,989.0,사회복지,<드림하이> 특집,4.657
371,김찬석,M,중년,108.0,20210526.0,20210526.0,564759,151.0,6.0,989.0,사회복지,<드림하이> 특집,4.657
372,박승희,W,청년,108.0,20210526.0,20210526.0,564759,131.0,9.0,989.0,전문기술,<드림하이> 특집,4.657
373,울프,M,청년,109.0,20210602.0,20210602.0,567250,789.0,48.0,982.0,기타,<끝날 때까지 끝난 것이 아니다> 특집,4.633
374,권진성,M,중년,109.0,20210602.0,20210602.0,567250,977.0,40.0,982.0,전문기술,<끝날 때까지 끝난 것이 아니다> 특집,4.633
375,김기환,M,중년,109.0,20210602.0,20210602.0,567250,677.0,38.0,982.0,서비스,<끝날 때까지 끝난 것이 아니다> 특집,4.633
376,김영삼,M,중년,109.0,20210602.0,20210602.0,567250,1105.0,88.0,982.0,전문기술,<끝날 때까지 끝난 것이 아니다> 특집,4.633
377,송지헌,W,청년,109.0,20210602.0,20210602.0,567250,1105.0,88.0,982.0,기타,<끝날 때까지 끝난 것이 아니다> 특집,4.633
378,이동섭,M,청년,110.0,20210609.0,20210609.0,569741,213.0,20.0,975.0,전문기술,<감독의 세계> 특집,3.964
379,김용덕,M,중년,110.0,20210609.0,20210609.0,569741,286.0,17.0,975.0,서비스,<감독의 세계> 특집,3.964
380,김재연,M,청년,110.0,20210609.0,20210609.0,569741,5066.0,96.0,975.0,서비스,<감독의 세계> 특집,3.964
381,김지민,W,청년,110.0,20210609.0,20210609.0,569741,745.0,39.0,975.0,산업,<감독의 세계> 특집,3.964
382,김희송,M,중년,111.0,20210616.0,20210616.0,572231,1548.0,80.0,968.0,전문기술,<신묘한 씨앗 사전> 특집,4.408
383,김의주,W,청년,111.0,20210616.0,20210616.0,572231,309.0,15.0,968.0,전문기술,<신묘한 씨앗 사전> 특집,4.408
384,곽유진,M,청년,111.0,20210616.0,20210616.0,572231,190.0,13.0,968.0,예술가,<신묘한 씨앗 사전> 특집,4.408
385,이동계,M,중년,111.0,20210616.0,20210616.0,572231,55.0,7.0,968.0,전문기술,<신묘한 씨앗 사전> 특집,4.408
386,박남규,M,중년,112.0,20210623.0,20210623.0,574722,876.0,37.0,961.0,전문기술,<신들의 전쟁> 특집,4.398
387,박남규,M,중년,112.0,20210623.0,20210623.0,574722,876.0,37.0,961.0,사회복지,<신들의 전쟁> 특집,4.398
388,조진영,W,청년,112.0,20210623.0,20210623.0,574722,168.0,15.0,961.0,사회복지,<신들의 전쟁> 특집,4.398
389,신미애,W,청년,112.0,20210623.0,20210623.0,574722,253.0,9.0,961.0,사회복지,<신들의 전쟁> 특집,4.398
390,김진선,W,청년,112.0,20210623.0,20210623.0,574722,78.0,5.0,961.0,사회복지,<신들의 전쟁> 특집,4.398
391,정상훈,M,청년,113.0,20210630.0,20210703.0,577213,6258.0,330.0,951.0,사회복지,<빅마마와 국민 남편 TOP3> 특집,5.022
392,한상원,M,청년,113.0,20210630.0,20210703.0,577213,1040.0,98.0,951.0,예술가,<빅마마와 국민 남편 TOP3> 특집,5.022
393,박치우,M,청년,113.0,20210630.0,20210703.0,577213,19425.0,2395.0,951.0,사회복지,<빅마마와 국민 남편 TOP3> 특집,5.022
394,김명배,M,중년,113.0,20210630.0,20210703.0,577213,6258.0,330.0,951.0,사회복지,<빅마마와 국민 남편 TOP3> 특집,5.022
395,장기하,M,중년,114.0,20210707.0,20210711.0,579704,4740.0,238.0,943.0,연예인,여름방학 특집! <광클 수업>,4.631
396,김정현,W,중년,114.0,20210707.0,20210711.0,579704,2472.0,66.0,943.0,연예인,여름방학 특집! <광클 수업>,4.631
397,조규태,M,중년,114.0,20210707.0,20210711.0,579704,1845.0,54.0,943.0,기타,여름방학 특집! <광클 수업>,4.631
398,조민기,M,청년,114.0,20210707.0,20210711.0,579704,161.0,18.0,943.0,기타,여름방학 특집! <광클 수업>,4.631
399,김지용,M,중년,115.0,20210714.0,20210718.0,582194,9759.0,417.0,936.0,전문기술,<지구촌 능력자들> 특집,4.558
400,이종효,M,청년,115.0,20210714.0,20210718.0,582194,997.0,66.0,936.0,서비스,<지구촌 능력자들> 특집,4.558
401,월호,M,중년,115.0,20210714.0,20210718.0,582194,493.0,44.0,936.0,사회복지,<지구촌 능력자들> 특집,4.558
402,강방천,M,노인,115.0,20210714.0,20210718.0,582194,251.0,11.0,936.0,산업,<지구촌 능력자들> 특집,4.558
403,공유,M,중년,115.0,20210714.0,20210718.0,582194,251.0,11.0,936.0,연예인,<지구촌 능력자들> 특집,4.558
404,최소라,W,청년,116.0,20210721.0,20210725.0,584685,235.0,11.0,929.0,연예인,<대기업의 맛> 특집,4.988
405,김명중,M,청년,116.0,20210721.0,20210725.0,584685,166.0,12.0,929.0,예술가,<대기업의 맛> 특집,4.988
406,야옹이,W,청년,116.0,20210721.0,20210725.0,584685,467.0,25.0,929.0,예술가,<대기업의 맛> 특집,4.988
407,유영광,M,청년,116.0,20210721.0,20210725.0,584685,1096.0,59.0,929.0,예술가,<대기업의 맛> 특집,4.988
408,신진서,M,어린이,116.0,20210721.0,20210725.0,584685,467.0,25.0,929.0,기타,<대기업의 맛> 특집,4.988
409,이승규,M,청년,117.0,20210728.0,20210731.0,587176,32135.0,1761.0,923.0,서비스,<메신저> 특집,6.258
410,안태양,W,청년,117.0,20210728.0,20210731.0,587176,3570.0,223.0,923.0,산업,<메신저> 특집,6.258
411,주지훈,M,청년,117.0,20210728.0,20210731.0,587176,2812.0,128.0,923.0,연예인,<메신저> 특집,6.258
412,김은희,W,중년,118.0,20210811.0,20210814.0,592157,3875.0,123.0,909.0,예술가,<1초의 승부사> 특집,5.362
413,이수정,W,중년,118.0,20210811.0,20210814.0,592157,1288.0,82.0,909.0,사회복지,<1초의 승부사> 특집,5.362
414,이진숙,W,중년,118.0,20210811.0,20210814.0,592157,1170.0,51.0,909.0,사회복지,<1초의 승부사> 특집,5.362
415,황민구,M,중년,118.0,20210811.0,20210814.0,592157,588.0,24.0,909.0,전문기술,<1초의 승부사> 특집,5.362
416,금동건,M,중년,119.0,20210818.0,20210821.0,594648,715.0,28.0,902.0,예술가,"Another Level
<국가대표> 특집",6.711
417,정인성,M,청년,119.0,20210818.0,20210821.0,594648,1151.0,45.0,902.0,서비스,"Another Level
<국가대표> 특집",6.711
418,김유진,W,청년,119.0,20210818.0,20210821.0,594648,1151.0,45.0,902.0,서비스,"Another Level
<국가대표> 특집",6.711
419,노희원,W,중년,119.0,20210818.0,20210821.0,594648,1367.0,83.0,902.0,서비스,"Another Level
<국가대표> 특집",6.711
420,권일용,M,중년,119.0,20210818.0,20210821.0,594648,2723.0,259.0,902.0,전문기술,"Another Level
<국가대표> 특집",6.711
421,박현준,M,청년,119.0,20210818.0,20210821.0,594648,1151.0,45.0,902.0,기타,"Another Level
<국가대표> 특집",6.711
422,류승연,W,청년,120.0,20210825.0,20210828.0,597139,13526.0,845.0,895.0,기타,"Champion
<국가대표2> 특집",6.748
423,송재익,M,중년,120.0,20210825.0,20210828.0,597139,3809.0,184.0,895.0,서비스,"Champion
<국가대표2> 특집",6.748
424,강상희,M,중년,120.0,20210825.0,20210828.0,597139,3809.0,184.0,895.0,사회복지,"Champion
<국가대표2> 특집",6.748
425,허필용,M,노인,120.0,20210825.0,20210828.0,597139,1920.0,74.0,895.0,전문기술,"Champion
<국가대표2> 특집",6.748
426,이승재,M,청년,120.0,20210825.0,20210828.0,597139,1920.0,74.0,895.0,서비스,"Champion
<국가대표2> 특집",6.748
427,신우석,M,청년,120.0,20210825.0,20210828.0,597139,1920.0,74.0,895.0,예술가,"Champion
<국가대표2> 특집",6.748
428,원태연,M,청년,120.0,20210825.0,20210828.0,597139,971.0,58.0,895.0,예술가,"Champion
<국가대표2> 특집",6.748
429,신재문,M,청년,120.0,20210825.0,20210828.0,597139,343.0,21.0,895.0,기타,"Champion
<국가대표2> 특집",6.748
430,주미자,W,중년,120.0,20210825.0,20210828.0,597139,229.0,11.0,895.0,예술가,"Champion
<국가대표2> 특집",6.748
431,이유자,W,중년,120.0,20210825.0,20210828.0,597139,210.0,10.0,895.0,예술가,"Champion
<국가대표2> 특집",6.748
432,정세랑,W,중년,120.0,20210825.0,20210828.0,597139,204.0,15.0,895.0,예술가,"Champion
<국가대표2> 특집",6.748
433,이정화,W,중년,121.0,20210901.0,20210904.0,599630,1159.0,107.0,888.0,예술가,"다시 만난 세계
<국가대표3> 특집",5.924
434,무릎,M,청년,121.0,20210901.0,20210904.0,599630,7157.0,446.0,888.0,예술가,"다시 만난 세계
<국가대표3> 특집",5.924
435,이욱정,M,중년,121.0,20210901.0,20210904.0,599630,16649.0,1287.0,888.0,서비스,"다시 만난 세계
<국가대표3> 특집",5.924
436,강문종,M,중년,121.0,20210901.0,20210904.0,599630,7157.0,446.0,888.0,사회복지,"다시 만난 세계
<국가대표3> 특집",5.924
437,배두나,W,청년,121.0,20210901.0,20210904.0,599630,7157.0,446.0,888.0,연예인,"다시 만난 세계
<국가대표3> 특집",5.924
438,김민수,M,청년,122.0,20210908.0,20210911.0,602120,3303.0,513.0,881.0,연예인,"<그리고, 남겨진 것들> 특집",5.534
439,김해준,M,청년,122.0,20210908.0,20210911.0,602120,2166.0,106.0,881.0,연예인,"<그리고, 남겨진 것들> 특집",5.534
440,이한경,M,중년,122.0,20210908.0,20210911.0,602120,1162.0,58.0,881.0,전문기술,"<그리고, 남겨진 것들> 특집",5.534
441,김진호,M,청년,122.0,20210908.0,20210911.0,602120,254.0,19.0,881.0,연예인,"<그리고, 남겨진 것들> 특집",5.534
442,김진호,M,청년,122.0,20210908.0,20210911.0,602120,254.0,19.0,881.0,전문기술,"<그리고, 남겨진 것들> 특집",5.534
443,김태영,M,중년,123.0,20210915.0,20210918.0,604611,3203.0,208.0,874.0,연예인,<나만의 세계> 특집,5.299
444,안다훈,M,청년,123.0,20210915.0,20210918.0,604611,2242.0,150.0,874.0,기타,<나만의 세계> 특집,5.299
445,김영선,W,청년,123.0,20210915.0,20210918.0,604611,1801.0,295.0,874.0,연예인,<나만의 세계> 특집,5.299
446,김선웅,M,중년,123.0,20210915.0,20210918.0,604611,1801.0,295.0,874.0,예술가,<나만의 세계> 특집,5.299
447,이종열,M,노인,123.0,20210915.0,20210918.0,604611,362.0,19.0,874.0,예술가,<나만의 세계> 특집,5.299
448,변남석,M,중년,124.0,20210929.0,20210925.0,607102,90.0,5.0,867.0,예술가,<나는 OO입니다> 특집,4.698
449,강승구,M,청년,124.0,20210929.0,20210925.0,607102,825.0,44.0,867.0,사회복지,<나는 OO입니다> 특집,4.698
450,김민지,W,청년,124.0,20210929.0,20210925.0,607102,2515.0,309.0,867.0,전문기술,<나는 OO입니다> 특집,4.698
451,정미순,W,중년,124.0,20210929.0,20210925.0,607102,2598.0,411.0,867.0,전문기술,<나는 OO입니다> 특집,4.698
452,강수진,W,중년,125.0,20211006.0,20211009.0,612083,1135.0,129.0,853.0,예술가,<팔도 리포터> 특집,4.403
453,양승찬,M,청년,125.0,20211006.0,20211009.0,612083,452.0,15.0,853.0,산업,<팔도 리포터> 특집,4.403
454,권오길,M,청년,125.0,20211006.0,20211009.0,612083,611.0,70.0,853.0,서비스,<팔도 리포터> 특집,4.403
455,곽재식,M,청년,125.0,20211006.0,20211009.0,612083,461.0,71.0,853.0,전문기술,<팔도 리포터> 특집,4.403
456,지진희,M,중년,126.0,20211013.0,20211019.0,614574,3779.0,196.0,843.0,연예인,<이게 가능하다고?> 특집,4.157
457,윤재원,M,청년,126.0,20211013.0,20211019.0,614574,1400.0,184.0,843.0,전문기술,<이게 가능하다고?> 특집,4.157
458,윤재원,M,청년,126.0,20211013.0,20211019.0,614574,1400.0,184.0,843.0,사회복지,<이게 가능하다고?> 특집,4.157
459,최현욱,M,청년,126.0,20211013.0,20211019.0,614574,687.0,39.0,843.0,전문기술,<이게 가능하다고?> 특집,4.157
460,허린,M,청년,126.0,20211013.0,20211019.0,614574,452.0,27.0,843.0,전문기술,<이게 가능하다고?> 특집,4.157
461,김하경,W,중년,127.0,20211020.0,20211024.0,617065,76.0,1.0,838.0,서비스,<소문의 진실> 특집,5.248
462,윤재원,M,청년,127.0,20211020.0,20211024.0,617065,1787.0,127.0,838.0,전문기술,<소문의 진실> 특집,5.248
463,윤재원,M,청년,127.0,20211020.0,20211024.0,617065,1787.0,127.0,838.0,사회복지,<소문의 진실> 특집,5.248
464,황순원,M,청년,127.0,20211020.0,20211024.0,617065,6414.0,504.0,838.0,산업,<소문의 진실> 특집,5.248
465,김재훈,M,중년,127.0,20211020.0,20211024.0,617065,6041.0,209.0,838.0,산업,<소문의 진실> 특집,5.248
466,박찬암,M,청년,127.0,20211020.0,20211024.0,617065,6041.0,209.0,838.0,전문기술,<소문의 진실> 특집,5.248
467,천상현,M,청년,127.0,20211020.0,20211024.0,617065,6195.0,301.0,838.0,사회복지,<소문의 진실> 특집,5.248
468,맹성렬,M,중년,128.0,20211027.0,20211030.0,619556,1721.0,41.0,832.0,전문기술,<수확의 계절> 특집,5.100
469,이호림,M,중년,128.0,20211027.0,20211030.0,619556,1721.0,41.0,832.0,예술가,<수확의 계절> 특집,5.100
470,김경준,M,중년,128.0,20211027.0,20211030.0,619556,539.0,26.0,832.0,예술가,<수확의 계절> 특집,5.100
471,정우덕,M,중년,128.0,20211027.0,20211030.0,619556,394.0,20.0,832.0,전문기술,<수확의 계절> 특집,5.100
472,최상식,M,중년,129.0,20211103.0,20211106.0,622046,28986.0,1299.0,825.0,예술가,<스트릿 힙 파이터> 특집,4.367
473,비정지훈,M,중년,129.0,20211103.0,20211106.0,622046,643.0,38.0,825.0,연예인,<스트릿 힙 파이터> 특집,4.367
474,김진호,M,중년,130.0,20211110.0,20211113.0,624537,2836.0,139.0,818.0,연예인,<이름값; 운명을 따르는 자> 특집,4.529
475,김진호,M,중년,130.0,20211110.0,20211113.0,624537,2836.0,139.0,818.0,전문기술,<이름값; 운명을 따르는 자> 특집,4.529
476,김인현,M,중년,130.0,20211110.0,20211113.0,624537,1107.0,42.0,818.0,전문기술,<이름값; 운명을 따르는 자> 특집,4.529
477,박미경,W,중년,130.0,20211110.0,20211113.0,624537,546.0,39.0,818.0,전문기술,<이름값; 운명을 따르는 자> 특집,4.529
478,권오철,M,청년,130.0,20211110.0,20211113.0,624537,577.0,16.0,818.0,기타,<이름값; 운명을 따르는 자> 특집,4.529
479,진기주,W,청년,130.0,20211110.0,20211113.0,624537,550.0,44.0,818.0,기타,<이름값; 운명을 따르는 자> 특집,4.529
480,성귀수,M,청년,131.0,20211117.0,20211122.0,627028,302.0,9.0,809.0,전문기술,<D-DAY> 특집,5.122
481,김영미,W,청년,131.0,20211117.0,20211122.0,627028,2093.0,127.0,809.0,서비스,<D-DAY> 특집,5.122
482,전재홍,M,청년,131.0,20211117.0,20211122.0,627028,6172.0,563.0,809.0,사회복지,<D-DAY> 특집,5.122
483,정희석,M,청년,131.0,20211117.0,20211122.0,627028,2294.0,201.0,809.0,사회복지,<D-DAY> 특집,5.122
484,브레이브걸스,W,청년,132.0,20211124.0,20211127.0,629519,2139.0,109.0,804.0,연예인,<상속자들> 특집,4.437
485,방탄소년단,M,청년,132.0,20211124.0,20211127.0,629519,262.0,35.0,804.0,연예인,<상속자들> 특집,4.437
486,김태형,M,청년,132.0,20211124.0,20211127.0,629519,248.0,20.0,804.0,연예인,<상속자들> 특집,4.437
487,랩몬스터,M,청년,132.0,20211124.0,20211127.0,629519,262.0,35.0,804.0,연예인,<상속자들> 특집,4.437
488,정호석,M,청년,132.0,20211124.0,20211127.0,629519,248.0,20.0,804.0,연예인,<상속자들> 특집,4.437
489,박지민,M,청년,132.0,20211124.0,20211127.0,629519,201.0,19.0,804.0,연예인,<상속자들> 특집,4.437
490,전정국,M,청년,132.0,20211124.0,20211127.0,629519,44.0,1.0,804.0,연예인,<상속자들> 특집,4.437
491,민윤기,M,청년,132.0,20211124.0,20211127.0,629519,56.0,0.0,804.0,연예인,<상속자들> 특집,4.437
492,김석진,M,청년,132.0,20211124.0,20211127.0,629519,41.0,4.0,804.0,연예인,<상속자들> 특집,4.437
493,이철희,M,노인,133.0,20211201.0,20211204.0,632009,123.0,9.0,797.0,사회복지,<내년에 큰일 낼 사람들> 특집,4.432
494,이지은(아이유),W,청년,133.0,20211201.0,20211204.0,632009,1998.0,62.0,797.0,연예인,<내년에 큰일 낼 사람들> 특집,4.432
495,김유빈,W,청년,133.0,20211201.0,20211204.0,632009,6536.0,449.0,797.0,운동선수,<내년에 큰일 낼 사람들> 특집,4.432
496,이선,W,청년,133.0,20211201.0,20211204.0,632009,4371.0,99.0,797.0,예술가,<내년에 큰일 낼 사람들> 특집,4.432
497,이종화,M,중년,133.0,20211201.0,20211204.0,632009,1998.0,62.0,797.0,사회복지,<내년에 큰일 낼 사람들> 특집,4.432
498,김갑연,W,노인,134.0,20211208.0,20211211.0,634500,15871.0,968.0,790.0,사회복지,<DNA> 특집,5.702
499,한민홍,M,노인,134.0,20211208.0,20211211.0,634500,3032.0,211.0,790.0,전문기술,<DNA> 특집,5.702
500,강종익,M,중년,134.0,20211208.0,20211211.0,634500,1359.0,153.0,790.0,서비스,<DNA> 특집,5.702
501,김범석,M,중년,134.0,20211208.0,20211211.0,634500,161.0,14.0,790.0,전문기술,<DNA> 특집,5.702
502,박대성,M,중년,134.0,20211208.0,20211211.0,634500,54.0,3.0,790.0,사회복지,<DNA> 특집,5.702
503,나태주,M,노인,135.0,20211215.0,20211215.0,636991,6280.0,352.0,786.0,예술가,<나도 모르게> 특집,5.314
504,니키 리,W,중년,135.0,20211215.0,20211215.0,636991,1576.0,67.0,786.0,예술가,<나도 모르게> 특집,5.314
505,이동진,M,중년,135.0,20211215.0,20211215.0,636991,533.0,21.0,786.0,예술가,<나도 모르게> 특집,5.314
506,조명신,M,중년,135.0,20211215.0,20211215.0,636991,118.0,0.0,786.0,예술가,<나도 모르게> 특집,5.314
507,데이비드 린튼인대위,M,중년,136.0,20211222.0,20211222.0,639481,122.0,9.0,779.0,사회복지,<크리스마스 선물> 특집,4.780
508,윤병임,W,중년,136.0,20211222.0,20211222.0,639481,5139.0,255.0,779.0,전문기술,<크리스마스 선물> 특집,4.780
509,신계숙,W,중년,136.0,20211222.0,20211222.0,639481,2444.0,134.0,779.0,사회복지,<크리스마스 선물> 특집,4.780
510,핲기,M,중년,136.0,20211222.0,20211222.0,639481,6563.0,309.0,779.0,예술가,<크리스마스 선물> 특집,4.780
511,이문수,M,중년,136.0,20211222.0,20211222.0,639481,287.0,17.0,779.0,사회복지,<크리스마스 선물> 특집,4.780
512,서아람,W,중년,137.0,20220112.0,20220112.0,646954,14709.0,913.0,758.0,사회복지,<베네핏이 있나요> 특집,5.662
513,김동현,M,중년,137.0,20220112.0,20220112.0,646954,364.0,13.0,758.0,운동선수,<베네핏이 있나요> 특집,5.662
514,남창희,M,중년,137.0,20220112.0,20220112.0,646954,87.0,6.0,758.0,연예인,<베네핏이 있나요> 특집,5.662
515,지석진,M,중년,137.0,20220112.0,20220112.0,646954,26.0,2.0,758.0,연예인,<베네핏이 있나요> 특집,5.662
516,김영희,W,중년,138.0,20220119.0,20220119.0,649444,2685.0,162.0,751.0,연예인,<명의; 환자의 마음을 여는 사람들> 특집,5.088
517,여준영,W,어린이,138.0,20220119.0,20220119.0,649444,601.0,56.0,751.0,기타,<명의; 환자의 마음을 여는 사람들> 특집,5.088
518,김연진,M,중년,138.0,20220119.0,20220119.0,649444,183.0,9.0,751.0,사회복지,<명의; 환자의 마음을 여는 사람들> 특집,5.088
519,이상배,M,노인,138.0,20220119.0,20220119.0,649444,207.0,8.0,751.0,서비스,<명의; 환자의 마음을 여는 사람들> 특집,5.088
520,박준,M,청년,139.0,20220126.0,20220129.0,654426,68.0,4.0,741.0,예술가,<어차피 레이스는 길다> 특집,4.855
521,이기진,M,중년,139.0,20220126.0,20220129.0,654426,316.0,12.0,741.0,사회복지,<어차피 레이스는 길다> 특집,4.855
522,이준수,M,어린이,139.0,20220126.0,20220129.0,654426,1090.0,49.0,741.0,기타,<어차피 레이스는 길다> 특집,4.855
523,이광형,M,노인,139.0,20220126.0,20220129.0,654426,9831.0,525.0,741.0,사회복지,<어차피 레이스는 길다> 특집,4.855
524,박상수,M,노인,140.0,20220202.0,20220205.0,656917,1423.0,74.0,734.0,서비스,<평생 간직하고픈 글> 특집,3.810
525,홍진경,W,중년,140.0,20220202.0,20220205.0,656917,791.0,30.0,734.0,연예인,<평생 간직하고픈 글> 특집,3.810
526,김라엘,W,어린이,140.0,20220202.0,20220205.0,656917,213.0,17.0,734.0,기타,<평생 간직하고픈 글> 특집,3.810
527,송주석,M,중년,140.0,20220202.0,20220205.0,656917,126.0,4.0,734.0,전문기술,<평생 간직하고픈 글> 특집,3.810
528,선용원,M,중년,141.0,20220209.0,20220209.0,659407,8262.0,1405.0,730.0,사회복지,<재야의 고수> 특집,3.160
529,정유정,W,중년,141.0,20220209.0,20220209.0,659407,2219.0,89.0,730.0,예술가,<재야의 고수> 특집,3.160
530,조수미,W,중년,141.0,20220209.0,20220209.0,659407,2173.0,353.0,730.0,예술가,<재야의 고수> 특집,3.160
531,박정민,M,청년,141.0,20220209.0,20220209.0,659407,1082.0,90.0,730.0,연예인,<재야의 고수> 특집,3.160
532,박정민,M,청년,141.0,20220209.0,20220209.0,659407,1082.0,90.0,730.0,연예인,<재야의 고수> 특집,3.160
533,윤성원,M,청년,142.0,20220216.0,20220216.0,661898,128.0,19.0,723.0,예술가,<내 머릿속에 OOO> 특집,3.418
534,김세훈,M,ㅇ년,142.0,20220216.0,20220216.0,661898,1126.0,152.0,723.0,예술가,<내 머릿속에 OOO> 특집,3.418
535,이종필,M,청년,142.0,20220216.0,20220216.0,661898,202.0,7.0,723.0,예술가,<내 머릿속에 OOO> 특집,3.418
536,윤여순,W,노인,142.0,20220216.0,20220216.0,661898,6449.0,871.0,723.0,서비스,<내 머릿속에 OOO> 특집,3.418
537,김영달,M,노인,142.0,20220216.0,20220216.0,661898,10283.0,812.0,723.0,사회복지,<내 머릿속에 OOO> 특집,3.418
538,신승건,M,중년,142.0,20220216.0,20220216.0,661898,1126.0,152.0,723.0,전문기술,<내 머릿속에 OOO> 특집,3.418
539,김가람,W,청년,143.0,20220223.0,20220223.0,664389,2051.0,122.0,716.0,예술가,<신의 한 수> 특집,5.539
540,이예준,M,청년,143.0,20220223.0,20220223.0,664389,961.0,54.0,716.0,기타,<신의 한 수> 특집,5.539
541,이하얀,W,중년,143.0,20220223.0,20220223.0,664389,801.0,105.0,716.0,서비스,<신의 한 수> 특집,5.539
542,노기화,W,중년,143.0,20220223.0,20220223.0,664389,527.0,34.0,716.0,사회복지,<신의 한 수> 특집,5.539
543,토마스 티반 아콧,M,중년,144.0,20220302.0,20220302.0,666880,6287.0,328.0,709.0,사회복지,<동계올림픽> 특집,5.662
544,고건우,M,어린이,144.0,20220302.0,20220302.0,666880,1821.0,96.0,709.0,기타,<동계올림픽> 특집,5.662
545,황인,M,청년,144.0,20220302.0,20220302.0,666880,1095.0,25.0,709.0,서비스,<동계올림픽> 특집,5.662
546,백승권,M,청년,144.0,20220302.0,20220302.0,666880,247.0,27.0,709.0,사회복지,<동계올림픽> 특집,5.662
547,신하균,M,중년,144.0,20220302.0,20220302.0,666880,268.0,11.0,709.0,연예인,<동계올림픽> 특집,5.662
548,도경완,M,청년,144.0,20220302.0,20220302.0,666880,235.0,9.0,709.0,연예인,<동계올림픽> 특집,5.662
549,신종호,M,노인,145.0,20220316.0,20220319.0,671861,400.0,21.0,692.0,사회복지,<살짝 놀랐어> 특집,4.543
550,이상순,M,중년,145.0,20220316.0,20220319.0,671861,337.0,11.0,692.0,연예인,<살짝 놀랐어> 특집,4.543
551,빅마마,W,중년,145.0,20220316.0,20220319.0,671861,4404.0,308.0,692.0,연예인,<살짝 놀랐어> 특집,4.543
552,신정호,M,중년,145.0,20220316.0,20220319.0,671861,17782.0,1067.0,692.0,사회복지,<살짝 놀랐어> 특집,4.543
553,배정원,W,중년,146.0,20220323.0,20220326.0,674352,6053.0,275.0,685.0,사회복지,<아이콘> 특집,5.840
554,박새롬,W,청년,146.0,20220323.0,20220326.0,674352,3296.0,140.0,685.0,연예인,<아이콘> 특집,5.840
555,이호,M,중년,146.0,20220323.0,20220326.0,674352,437.0,46.0,685.0,사회복지,<아이콘> 특집,5.840
556,한재민,M,청년,147.0,20220330.0,20220402.0,676843,11385.0,493.0,678.0,예술가,<뜻밖의 재능> 특집,5.124
557,송미라,W,청년,147.0,20220330.0,20220402.0,676843,11385.0,493.0,678.0,운동선수,<뜻밖의 재능> 특집,5.124
558,이찬민,M,청년,147.0,20220330.0,20220402.0,676843,2222.0,71.0,678.0,운동선수,<뜻밖의 재능> 특집,5.124
559,강형원,M,중년,147.0,20220330.0,20220402.0,676843,3753.0,294.0,678.0,예술가,<뜻밖의 재능> 특집,5.124
560,서동순,W,중년,148.0,20220406.0,20220409.0,679333,194.0,4.0,671.0,전문기술,<그날> 특집,4.810
561,김무년,M,중년,148.0,20220406.0,20220409.0,679333,1808.0,176.0,671.0,전문기술,<그날> 특집,4.810
562,김성언,M,중년,148.0,20220406.0,20220409.0,679333,1808.0,176.0,671.0,전문기술,<그날> 특집,4.810
563,박세영,M,중년,148.0,20220406.0,20220409.0,679333,1548.0,163.0,671.0,서비스,<그날> 특집,4.810
564,김은주,W,중년,148.0,20220406.0,20220409.0,679333,5992.0,491.0,671.0,전문기술,<그날> 특집,4.810
565,최소망,W,청년,148.0,20220406.0,20220409.0,679333,1808.0,176.0,671.0,전문기술,<그날> 특집,4.810
566,샤론 최,W,청년,149.0,20220413.0,20220416.0,681824,1193.0,106.0,664.0,전문기술,<현장 출동> 특집,3.824
567,SG워너비,M,청년,149.0,20220413.0,20220416.0,681824,443.0,655.0,664.0,연예인,<현장 출동> 특집,3.824
568,조승우,M,중년,149.0,20220413.0,20220416.0,681824,449.0,71.0,664.0,연예인,<현장 출동> 특집,3.824
569,문성준,M,청년,149.0,20220413.0,20220416.0,681824,285.0,19.0,664.0,사회복지,<현장 출동> 특집,3.824
570,임세영,W,청년,150.0,20220420.0,20220423.0,684315,2945.0,157.0,657.0,서비스,<어느 날 갑자기> 특집,4.405
571,고길석,M,중년,150.0,20220420.0,20220423.0,684315,2913.0,146.0,657.0,서비스,<어느 날 갑자기> 특집,4.405
572,신혜림,W,청년,150.0,20220420.0,20220423.0,684315,720.0,84.0,657.0,서비스,<어느 날 갑자기> 특집,4.405
573,안산,W,청년,151.0,20220427.0,20220430.0,686806,282.0,27.0,650.0,운동선수,<너의 일기장> 특집,3.546
574,안창림,M,청년,151.0,20220427.0,20220430.0,686806,2722.0,466.0,650.0,운동선수,<너의 일기장> 특집,3.546
575,강채영,W,청년,151.0,20220427.0,20220430.0,686806,1777.0,101.0,650.0,운동선수,<너의 일기장> 특집,3.546
576,장민희,W,청년,151.0,20220427.0,20220430.0,686806,361.0,25.0,650.0,운동선수,<너의 일기장> 특집,3.546
577,신재환,M,청년,152.0,20220504.0,20220504.0,689296,477.0,93.0,646.0,운동선수,<HERO> 특집,5.451
578,정연식,M,청년,152.0,20220504.0,20220504.0,689296,7757.0,416.0,646.0,운동선수,<HERO> 특집,5.451
579,코퀴야드 안드레 진,M,청년,152.0,20220504.0,20220504.0,689296,34561.0,1718.0,646.0,운동선수,<HERO> 특집,5.451
580,여서정,W,청년,153.0,20220511.0,20220512.0,691787,10209.0,0.0,638.0,운동선수,<내 손을 잡아> 특집,3.676
581,오진혁,M,중년,153.0,20220511.0,20220512.0,691787,10209.0,0.0,638.0,운동선수,<내 손을 잡아> 특집,3.676
582,김우진,M,청년,153.0,20220511.0,20220512.0,691787,3943.0,173.0,638.0,운동선수,<내 손을 잡아> 특집,3.676
583,김제덕,M,청년,153.0,20220511.0,20220512.0,691787,10209.0,0.0,638.0,운동선수,<내 손을 잡아> 특집,3.676
584,황정민,M,중년,153.0,20220511.0,20220512.0,691787,3943.0,173.0,638.0,연예인,<내 손을 잡아> 특집,3.676
585,조구함,M,청년,153.0,20220511.0,20220512.0,691787,1203.0,101.0,638.0,운동선수,<내 손을 잡아> 특집,3.676
586,김수지,W,청년,153.0,20220511.0,20220512.0,691787,736.0,21.0,638.0,운동선수,<내 손을 잡아> 특집,3.676
587,김수지,W,청년,153.0,20220511.0,20220512.0,691787,736.0,21.0,638.0,예술가,<내 손을 잡아> 특집,3.676
588,백미경,W,청년,154.0,20220518.0,20220519.0,694278,58.0,3.0,631.0,예술가,<꾼> 특집,3.583
589,소녀시대,W,청년,154.0,20220518.0,20220519.0,694278,117.0,5.0,631.0,연예인,<꾼> 특집,3.583
590,오지영,W,청년,154.0,20220518.0,20220519.0,694278,7268.0,122.0,631.0,운동선수,<꾼> 특집,3.583
591,양효진,W,청년,154.0,20220518.0,20220519.0,694278,3195.0,113.0,631.0,운동선수,<꾼> 특집,3.583
592,장항준,M,중년,155.0,20220525.0,20220526.0,696769,7895.0,423.0,624.0,예술가,<ㅇㅇ의 비밀> 특집,3.810
593,박지성,M,중년,155.0,20220525.0,20220526.0,696769,3857.0,242.0,624.0,운동선수,<ㅇㅇ의 비밀> 특집,3.810
594,김석중,M,중년,155.0,20220525.0,20220526.0,696769,4011.0,183.0,624.0,서비스,<ㅇㅇ의 비밀> 특집,3.810
595,김고은,W,청년,155.0,20220525.0,20220526.0,696769,349.0,25.0,624.0,연예인,<ㅇㅇ의 비밀> 특집,3.810
596,배윤슬,W,청년,155.0,20220525.0,20220526.0,696769,349.0,25.0,624.0,전문기술,<ㅇㅇ의 비밀> 특집,3.810
597,허석김보성,M,중년,155.0,20220525.0,20220526.0,696769,349.0,25.0,624.0,연예인,<ㅇㅇ의 비밀> 특집,3.810
598,최현준,M,청년,155.0,20220525.0,20220526.0,696769,35.0,4.0,624.0,연예인,<ㅇㅇ의 비밀> 특집,3.810
599,한기웅,M,중년,156.0,20220608.0,20220608.0,699259,55.0,1.0,611.0,예술가,<두 사람> 특집,4.212
600,이PD,M,중년,156.0,20220608.0,20220608.0,699259,55.0,1.0,611.0,예술가,<두 사람> 특집,4.212
601,다리오 조셉 리,M,중년,156.0,20220608.0,20220608.0,699259,124.0,8.0,611.0,예술가,<두 사람> 특집,4.212
602,이정용,M,청년,156.0,20220608.0,20220608.0,699259,124.0,8.0,611.0,예술가,<두 사람> 특집,4.212
603,김다현,W,중년,156.0,20220608.0,20220608.0,699259,515.0,31.0,611.0,기타,<두 사람> 특집,4.212
604,전준한,M,중년,156.0,20220608.0,20220608.0,699259,8338.0,423.0,611.0,서비스,<두 사람> 특집,4.212
605,이소영,W,청년,156.0,20220608.0,20220608.0,699259,8338.0,423.0,611.0,예술가,<두 사람> 특집,4.212
606,한동기,M,노인,156.0,20220608.0,20220608.0,699259,515.0,31.0,611.0,기타,<두 사람> 특집,4.212
607,옥효진,W,중년,157.0,20220615.0,20220616.0,701750,1395.0,78.0,603.0,사회복지,<똑바로 살기> 특집,3.979
608,이예진,W,청년,157.0,20220615.0,20220616.0,701750,2306.0,168.0,603.0,연예인,<똑바로 살기> 특집,3.979
609,백낙삼,M,노인,157.0,20220615.0,20220616.0,701750,723.0,31.0,603.0,사회복지,<똑바로 살기> 특집,3.979
610,최인아,W,중년,157.0,20220615.0,20220616.0,701750,592.0,58.0,603.0,서비스,<똑바로 살기> 특집,3.979
611,이강빈,M,청년,158.0,20220622.0,20220623.0,704241,472.0,29.0,596.0,예술가,<이것은 실화다> 특집,5.182
612,조현권,M,노인,158.0,20220622.0,20220623.0,704241,1648.0,122.0,596.0,사회복지,<이것은 실화다> 특집,5.182
613,이슬빈,W,청년,158.0,20220622.0,20220623.0,704241,263.0,19.0,596.0,예술가,<이것은 실화다> 특집,5.182
614,김쌍식,M,중년,158.0,20220622.0,20220623.0,704241,70.0,5.0,596.0,전문기술,<이것은 실화다> 특집,5.182
615,김기훈,M,중년,159.0,20220629.0,20220630.0,706731,88.0,7.0,589.0,전문기술,<OO 잡는 OO> 특집,4.238
616,천혜린,W,청년,159.0,20220629.0,20220630.0,706731,357.0,0.0,589.0,서비스,<OO 잡는 OO> 특집,4.238
617,정호연,M,중년,159.0,20220629.0,20220630.0,706731,3012.0,214.0,589.0,연예인,<OO 잡는 OO> 특집,4.238
618,신승재,M,청년,159.0,20220629.0,20220630.0,706731,4954.0,459.0,589.0,서비스,<OO 잡는 OO> 특집,4.238
619,임신복,M,중년,160.0,20220706.0,20220706.0,709222,45.0,0.0,583.0,전문기술,<훔치고 싶은 재능> 특집,4.255
620,김노동,M,노인,160.0,20220706.0,20220706.0,709222,91.0,4.0,583.0,사회복지,<훔치고 싶은 재능> 특집,4.255
621,박격포,M,중년,160.0,20220706.0,20220706.0,709222,68.0,5.0,583.0,사회복지,<훔치고 싶은 재능> 특집,4.255
622,오세용,M,중년,160.0,20220706.0,20220706.0,709222,91.0,4.0,583.0,사회복지,<훔치고 싶은 재능> 특집,4.255
623,임형규,M,중년,160.0,20220706.0,20220706.0,709222,739.0,45.0,583.0,서비스,<훔치고 싶은 재능> 특집,4.255
624,루시드폴,M,청년,160.0,20220706.0,20220706.0,709222,739.0,55.0,583.0,전문기술,<훔치고 싶은 재능> 특집,4.255
625,박혜란,W,노인,160.0,20220706.0,20220706.0,709222,5707.0,347.0,583.0,기타,<훔치고 싶은 재능> 특집,4.255
626,스트릿 우먼 파이터 출연팀,W,청년,160.0,20220706.0,20220706.0,709222,739.0,45.0,583.0,예술가,<훔치고 싶은 재능> 특집,4.255
627,배태랑,M,청년,160.0,20220706.0,20220706.0,709222,61.0,4.0,583.0,사회복지,<훔치고 싶은 재능> 특집,4.255
628,전만배,M,청년,161.0,20220713.0,20220714.0,711713,326.0,25.0,575.0,서비스,<개척자들> 특집,3.511
629,우영미,M,중년,161.0,20220713.0,20220714.0,711713,3767.0,270.0,575.0,전문기술,<개척자들> 특집,3.511
630,윤계상,M,중년,161.0,20220713.0,20220714.0,711713,2710.0,195.0,575.0,연예인,<개척자들> 특집,3.511
631,CCT,M,청년,161.0,20220713.0,20220714.0,711713,3767.0,270.0,575.0,사회복지,<개척자들> 특집,3.511
632,여준석,M,청년,161.0,20220713.0,20220714.0,711713,12928.0,526.0,575.0,운동선수,<개척자들> 특집,3.511
633,전종렬,M,노인,162.0,20220720.0,20220721.0,714204,2910.0,165.0,568.0,서비스,<여름방학> 특집,3.298
634,장종수,M,청년,162.0,20220720.0,20220721.0,714204,696.0,24.0,568.0,서비스,<여름방학> 특집,3.298
635,패트릭 반 올핏,M,청년,162.0,20220720.0,20220721.0,714204,464.0,37.0,568.0,서비스,<여름방학> 특집,3.298
636,김선자,W,중년,162.0,20220720.0,20220721.0,714204,96.0,0.0,568.0,서비스,<여름방학> 특집,3.298
637,박은순,W,청년,163.0,20221005.0,20221006.0,726657,29085.0,1850.0,491.0,서비스,<한우물> 특집,5.735
638,육지승,M,어린이,163.0,20221005.0,20221006.0,726657,2493.0,56.0,491.0,기타,<한우물> 특집,5.735
639,김수원,M,청년,163.0,20221005.0,20221006.0,726657,1215.0,42.0,491.0,서비스,<한우물> 특집,5.735
640,이지연,W,청년,163.0,20221005.0,20221006.0,726657,1008.0,37.0,491.0,전문기술,<한우물> 특집,5.735
641,이지연,W,청년,163.0,20221005.0,20221006.0,726657,1008.0,37.0,491.0,서비스,<한우물> 특집,5.735
642,오지헌,M,중년,164.0,20221012.0,20221013.0,729148,1074.0,82.0,484.0,연예인,<천의 얼굴> 특집,3.993
643,오승훈,M,청년,164.0,20221012.0,20221013.0,729148,282.0,13.0,484.0,전문기술,<천의 얼굴> 특집,3.993
644,오승훈,M,청년,164.0,20221012.0,20221013.0,729148,282.0,13.0,484.0,전문기술,<천의 얼굴> 특집,3.993
645,민희진,W,청년,164.0,20221012.0,20221013.0,729148,10331.0,388.0,484.0,서비스,<천의 얼굴> 특집,3.993
646,최우식,M,청년,164.0,20221012.0,20221013.0,729148,716.0,22.0,484.0,연예인,<천의 얼굴> 특집,3.993
647,윤후,M,어린이,165.0,20221019.0,20221020.0,731639,19872.0,1953.0,477.0,기타,<죽어야 사는 사람> 특집,4.096
648,이정후,M,청년,165.0,20221019.0,20221020.0,731639,4524.0,283.0,477.0,운동선수,<죽어야 사는 사람> 특집,4.096
649,이찬혁,M,청년,165.0,20221019.0,20221020.0,731639,419.0,36.0,477.0,연예인,<죽어야 사는 사람> 특집,4.096
650,이수현,M,청년,165.0,20221019.0,20221020.0,731639,173.0,4.0,477.0,연예인,<죽어야 사는 사람> 특집,4.096
651,황지연,M,청년,166.0,20221026.0,20221027.0,734130,7196.0,824.0,470.0,서비스,<해가 서쪽에서 뜬다면> 특집,3.900
652,원주연,M,청년,166.0,20221026.0,20221027.0,734130,7646.0,414.0,470.0,전문기술,<해가 서쪽에서 뜬다면> 특집,3.900
653,이성호,M,청년,166.0,20221026.0,20221027.0,734130,5220.0,400.0,470.0,전문기술,<해가 서쪽에서 뜬다면> 특집,3.900
654,구교환,M,청년,166.0,20221026.0,20221027.0,734130,1433.0,214.0,470.0,연예인,<해가 서쪽에서 뜬다면> 특집,3.900
655,최영형,M,청년,167.0,20221109.0,20221110.0,736620,12577.0,531.0,456.0,서비스,<아는 만큼 보인다> 특집,5.370
656,유나영,W,청년,167.0,20221109.0,20221110.0,736620,1908.0,89.0,456.0,서비스,<아는 만큼 보인다> 특집,5.370
657,유용욱,M,청년,167.0,20221109.0,20221110.0,736620,1893.0,139.0,456.0,서비스,<아는 만큼 보인다> 특집,5.370
658,임민영,W,청년,168.0,20221116.0,20221117.0,739111,1067.0,72.0,449.0,서비스,<해내야죠> 특집,4.336
659,문성욱,M,중년,168.0,20221116.0,20221117.0,739111,90.0,5.0,449.0,서비스,<해내야죠> 특집,4.336
660,박경재,M,청년,168.0,20221116.0,20221117.0,739111,2165.0,105.0,449.0,전문기술,<해내야죠> 특집,4.336
661,이동욱,M,중년,168.0,20221116.0,20221117.0,739111,15158.0,631.0,449.0,연예인,<해내야죠> 특집,4.336
662,이정재,M,중년,169.0,20221123.0,20221124.0,741602,1758.0,107.0,442.0,연예인,<신입사원> 특집,4.019
663,전종관,M,중년,169.0,20221123.0,20221124.0,741602,1762.0,111.0,442.0,전문기술,<신입사원> 특집,4.019
664,김미란,M,중년,169.0,20221123.0,20221124.0,741602,421.0,32.0,442.0,전문기술,<신입사원> 특집,4.019
665,강창무,M,중년,169.0,20221123.0,20221124.0,741602,70.0,4.0,442.0,전문기술,<신입사원> 특집,4.019
666,양창모,M,중년,169.0,20221123.0,20221124.0,741602,80.0,9.0,442.0,전문기술,<신입사원> 특집,4.019
667,두봉,M,노인,170.0,20221130.0,20221201.0,744093,452.0,30.0,435.0,사회복지,<나의 연구일지> 특집,5.108
668,김현무,M,중년,170.0,20221130.0,20221201.0,744093,452.0,30.0,435.0,전문기술,<나의 연구일지> 특집,5.108
669,이말년,M,중년,170.0,20221130.0,20221201.0,744093,452.0,30.0,435.0,예술가,<나의 연구일지> 특집,5.108
670,황선우,M,청년,170.0,20221130.0,20221201.0,744093,1019.0,58.0,435.0,운동선수,<나의 연구일지> 특집,5.108
671,황선우,M,청년,170.0,20221130.0,20221201.0,744093,1019.0,58.0,435.0,운동선수,<나의 연구일지> 특집,5.108
672,임택,M,중년,170.0,20221130.0,20221201.0,744093,2253.0,95.0,435.0,예술가,<나의 연구일지> 특집,5.108
673,조용문,M,노인,171.0,20221207.0,20221208.0,746583,18023.0,709.0,428.0,사회복지,<촛불 하나> 특집,5.336
674,박강빈,M,청년,171.0,20221207.0,20221208.0,746583,9987.0,452.0,428.0,기타,<촛불 하나> 특집,5.336
675,호원숙,M,중년,171.0,20221207.0,20221208.0,746583,2297.0,113.0,428.0,예술가,<촛불 하나> 특집,5.336
676,키크니,M,청년,172.0,20221214.0,20221215.0,749074,41517.0,4017.0,421.0,예술가,<어텐션> 특집,6.603
677,정경교,M,노인,172.0,20221214.0,20221215.0,749074,39096.0,1922.0,421.0,기타,<어텐션> 특집,6.603
678,임기종,M,노인,172.0,20221214.0,20221215.0,749074,338.0,30.0,421.0,사회복지,<어텐션> 특집,6.603
679,엄규민,M,청년,173.0,20221221.0,20221222.0,751565,1906.0,162.0,414.0,사회복지,<이게 되네?> 특집,5.830
680,이건수,M,중년,173.0,20221221.0,20221222.0,751565,257.0,26.0,414.0,사회복지,<이게 되네?> 특집,5.830
681,김도윤,M,청년,173.0,20221221.0,20221222.0,751565,1906.0,162.0,414.0,전문기술,<이게 되네?> 특집,5.830
682,이대양,M,청년,173.0,20221221.0,20221222.0,751565,257.0,26.0,414.0,예술가,<이게 되네?> 특집,5.830
683,손예진,W,중년,173.0,20221221.0,20221222.0,751565,14793.0,928.0,414.0,연예인,<이게 되네?> 특집,5.830
684,고수,M,중년,173.0,20221221.0,20221222.0,751565,14793.0,928.0,414.0,연예인,<이게 되네?> 특집,5.830
685,김대수,M,중년,173.0,20221221.0,20221222.0,751565,10501.0,671.0,414.0,전문기술,<이게 되네?> 특집,5.830
686,김나영,W,중년,173.0,20221221.0,20221222.0,751565,257.0,26.0,414.0,연예인,<이게 되네?> 특집,5.830
687,김나영,W,중년,173.0,20221221.0,20221222.0,751565,257.0,26.0,414.0,연예인,<이게 되네?> 특집,5.830
688,박재민,M,청년,174.0,20221228.0,20221229.0,754056,2428.0,197.0,407.0,연예인,<신과 함께> 특집,5.553
689,박재민,M,청년,174.0,20221228.0,20221229.0,754056,2428.0,197.0,407.0,연예인,<신과 함께> 특집,5.553
690,쇼트트랙_국가대표_선수단,M,청년,174.0,20221228.0,20221229.0,754056,2428.0,197.0,407.0,운동선수,<신과 함께> 특집,5.553
691,쇼트트랙_국가대표_선수단,M,청년,174.0,20221228.0,20221229.0,754056,2428.0,197.0,407.0,운동선수,<신과 함께> 특집,5.553
692,차준환,M,청년,174.0,20221228.0,20221229.0,754056,2428.0,197.0,407.0,운동선수,<신과 함께> 특집,5.553
693,차준환,M,청년,174.0,20221228.0,20221229.0,754056,2428.0,197.0,407.0,운동선수,<신과 함께> 특집,5.553
694,황석희,M,청년,174.0,20221228.0,20221229.0,754056,10933.0,528.0,407.0,전문기술,<신과 함께> 특집,5.553
695,황석희,M,청년,174.0,20221228.0,20221229.0,754056,10933.0,528.0,407.0,전문기술,<신과 함께> 특집,5.553
696,유성원,M,청년,174.0,20221228.0,20221229.0,754056,6936.0,424.0,407.0,전문기술,<신과 함께> 특집,5.553
697,유성원,M,청년,174.0,20221228.0,20221229.0,754056,6936.0,424.0,407.0,전문기술,<신과 함께> 특집,5.553
698,홍진호,M,중년,175.0,20230104.0,20230105.0,756546,1064.0,24.0,400.0,예술가,<내 인생의 한 장면> 특집,5.546
699,홍진호,M,중년,175.0,20230104.0,20230105.0,756546,1064.0,24.0,400.0,예술가,<내 인생의 한 장면> 특집,5.546
700,이민정,M,중년,175.0,20230104.0,20230105.0,756546,7477.0,599.0,400.0,연예인,<내 인생의 한 장면> 특집,5.546
701,이민정,M,중년,175.0,20230104.0,20230105.0,756546,7477.0,599.0,400.0,연예인,<내 인생의 한 장면> 특집,5.546
702,임재혁,M,청년,175.0,20230104.0,20230105.0,756546,8259.0,204.0,400.0,연예인,<내 인생의 한 장면> 특집,5.546
703,임재혁,M,청년,175.0,20230104.0,20230105.0,756546,8259.0,204.0,400.0,연예인,<내 인생의 한 장면> 특집,5.546
704,컬링_여자_국가대표_선수단,W,청년,175.0,20230104.0,20230105.0,756546,7477.0,599.0,400.0,운동선수,<내 인생의 한 장면> 특집,5.546
705,컬링_여자_국가대표_선수단,W,청년,175.0,20230104.0,20230105.0,756546,7477.0,599.0,400.0,운동선수,<내 인생의 한 장면> 특집,5.546
706,정지웅,M,청년,175.0,20230104.0,20230105.0,756546,1064.0,24.0,400.0,연예인,<내 인생의 한 장면> 특집,5.546
707,정지웅,M,청년,175.0,20230104.0,20230105.0,756546,1064.0,24.0,400.0,연예인,<내 인생의 한 장면> 특집,5.546
708,입짧은햇님,W,중년,176.0,20230111.0,20230112.0,759037,8068.0,492.0,393.0,예술가,<인생 드라마> 특집,6.281
709,입짧은햇님,W,중년,176.0,20230111.0,20230112.0,759037,8068.0,492.0,393.0,예술가,<인생 드라마> 특집,6.281
710,윤여정,W,노인,176.0,20230111.0,20230112.0,759037,5708.0,264.0,393.0,연예인,<인생 드라마> 특집,6.281
711,윤여정,W,노인,176.0,20230111.0,20230112.0,759037,5708.0,264.0,393.0,연예인,<인생 드라마> 특집,6.281
712,임익강,M,청년,177.0,20230118.0,20230119.0,761528,4587.0,293.0,386.0,전문기술,<빼앗긴 인재> 특집,4.925
713,임익강,M,청년,177.0,20230118.0,20230119.0,761528,4587.0,293.0,386.0,전문기술,<빼앗긴 인재> 특집,4.925
714,조나단,M,청년,177.0,20230118.0,20230119.0,761528,3366.0,193.0,386.0,예술가,<빼앗긴 인재> 특집,4.925
715,조나단,M,청년,177.0,20230118.0,20230119.0,761528,3366.0,193.0,386.0,예술가,<빼앗긴 인재> 특집,4.925
716,파트리샤,W,청년,177.0,20230118.0,20230119.0,761528,651.0,28.0,386.0,예술가,<빼앗긴 인재> 특집,4.925
717,파트리샤,W,청년,177.0,20230118.0,20230119.0,761528,651.0,28.0,386.0,예술가,<빼앗긴 인재> 특집,4.925
718,구본진,M,중년,177.0,20230118.0,20230119.0,761528,78.0,16.0,386.0,전문기술,<빼앗긴 인재> 특집,4.925
719,구본진,M,중년,177.0,20230118.0,20230119.0,761528,78.0,16.0,386.0,전문기술,<빼앗긴 인재> 특집,4.925
720,한문철,M,중년,178.0,20230125.0,20230126.0,764019,456.0,56.0,379.0,전문기술,<라이벌전> 특집,6.162
721,한문철,M,중년,178.0,20230125.0,20230126.0,764019,456.0,56.0,379.0,전문기술,<라이벌전> 특집,6.162
722,임종령,M,청년,178.0,20230125.0,20230126.0,764019,456.0,56.0,379.0,전문기술,<라이벌전> 특집,6.162
723,임종령,M,청년,178.0,20230125.0,20230126.0,764019,456.0,56.0,379.0,전문기술,<라이벌전> 특집,6.162
724,황규호,M,중년,178.0,20230125.0,20230126.0,764019,3154.0,294.0,379.0,사회복지,<라이벌전> 특집,6.162
725,황규호,M,중년,178.0,20230125.0,20230126.0,764019,3154.0,294.0,379.0,사회복지,<라이벌전> 특집,6.162
726,채기준,M,중년,178.0,20230125.0,20230126.0,764019,23127.0,3281.0,379.0,사회복지,<라이벌전> 특집,6.162
727,채기준,M,중년,178.0,20230125.0,20230126.0,764019,23127.0,3281.0,379.0,사회복지,<라이벌전> 특집,6.162
728,박희순,M,중년,178.0,20230125.0,20230126.0,764019,23127.0,3281.0,379.0,사회복지,<라이벌전> 특집,6.162
729,박희순,M,중년,178.0,20230125.0,20230126.0,764019,23127.0,3281.0,379.0,사회복지,<라이벌전> 특집,6.162
730,이상돈,M,중년,178.0,20230125.0,20230126.0,764019,4854.0,265.0,379.0,사회복지,<라이벌전> 특집,6.162
731,이상돈,M,중년,178.0,20230125.0,20230126.0,764019,4854.0,265.0,379.0,사회복지,<라이벌전> 특집,6.162
732,김종기,M,중년,179.0,20230201.0,20230202.0,766509,17568.0,2414.0,372.0,사회복지,<세상에 그런 일이> 특집,5.702
733,김종기,M,중년,179.0,20230201.0,20230202.0,766509,17568.0,2414.0,372.0,사회복지,<세상에 그런 일이> 특집,5.702
734,김영태,M,청년,179.0,20230201.0,20230202.0,766509,5115.0,617.0,372.0,사회복지,<세상에 그런 일이> 특집,5.702
735,김영태,M,청년,179.0,20230201.0,20230202.0,766509,5115.0,617.0,372.0,사회복지,<세상에 그런 일이> 특집,5.702
736,김진영,M,중년,179.0,20230201.0,20230202.0,766509,5115.0,617.0,372.0,사회복지,<세상에 그런 일이> 특집,5.702
737,김진영,M,중년,179.0,20230201.0,20230202.0,766509,5115.0,617.0,372.0,사회복지,<세상에 그런 일이> 특집,5.702
738,안병헌,M,중년,179.0,20230201.0,20230202.0,766509,1273.0,71.0,372.0,사회복지,<세상에 그런 일이> 특집,5.702
739,안병헌,M,중년,179.0,20230201.0,20230202.0,766509,1273.0,71.0,372.0,사회복지,<세상에 그런 일이> 특집,5.702
740,라상훈,M,중년,179.0,20230201.0,20230202.0,766509,83.0,1.0,372.0,사회복지,<세상에 그런 일이> 특집,5.702
741,라상훈,M,중년,179.0,20230201.0,20230202.0,766509,83.0,1.0,372.0,사회복지,<세상에 그런 일이> 특집,5.702
742,이소은,W,노인,180.0,20230208.0,20230209.0,"769,000",8638.0,791.0,365.0,사회복지,<신이 아닌가> 특집,4.703
743,이소은,W,노인,180.0,20230208.0,20230209.0,"769,000",8638.0,791.0,365.0,사회복지,<신이 아닌가> 특집,4.703
744,임세아,W,노인,180.0,20230208.0,20230209.0,"769,000",509.0,32.0,365.0,전문기술,<신이 아닌가> 특집,4.703
745,임세아,W,노인,180.0,20230208.0,20230209.0,"769,000",509.0,32.0,365.0,전문기술,<신이 아닌가> 특집,4.703
746,이성엽,M,청년,180.0,20230208.0,20230209.0,"769,000",140.0,5.0,365.0,금융,<신이 아닌가> 특집,4.703
747,이성엽,M,청년,180.0,20230208.0,20230209.0,"769,000",140.0,5.0,365.0,금융,<신이 아닌가> 특집,4.703
748,박재민,M,청년,181.0,20230215.0,20230216.0,"772,000",106.0,1.0,358.0,연예인,<비상> 특집,4.889
749,박재민,M,청년,181.0,20230215.0,20230216.0,"772,000",106.0,1.0,358.0,연예인,<비상> 특집,4.889
750,유성원,M,청년,181.0,20230215.0,20230216.0,"770,000",1681.0,131.0,358.0,전문기술,<비상> 특집,4.889
751,유성원,M,청년,181.0,20230215.0,20230216.0,"770,000",1681.0,131.0,358.0,전문기술,<비상> 특집,4.889
752,쇼트트랙_국가대표_선수단,M,청년,181.0,20230215.0,20230216.0,"770,000",654.0,44.0,358.0,운동선수,<비상> 특집,4.889
753,쇼트트랙_국가대표_선수단,M,청년,181.0,20230215.0,20230216.0,"770,000",654.0,44.0,358.0,운동선수,<비상> 특집,4.889
754,김나영,W,중년,181.0,20230215.0,20230216.0,"770,000",1681.0,131.0,358.0,연예인,<비상> 특집,4.889
755,김나영,W,중년,181.0,20230215.0,20230216.0,"770,000",1681.0,131.0,358.0,연예인,<비상> 특집,4.889
756,윤석열,M,노인,181.0,20230215.0,20230216.0,"769,000",5139.0,255.0,358.0,사회복지,<비상> 특집,4.889
757,윤석열,M,노인,181.0,20230215.0,20230216.0,"769,000",5139.0,255.0,358.0,사회복지,<비상> 특집,4.889
758,황석희,M,청년,181.0,20230215.0,20230216.0,"770,000",1681.0,131.0,358.0,전문기술,<비상> 특집,4.889
759,황석희,M,청년,181.0,20230215.0,20230216.0,"770,000",1681.0,131.0,358.0,전문기술,<비상> 특집,4.889
760,차준환,M,청년,182.0,20230222.0,20230224.0,"772,000",7724.0,506.0,350.0,운동선수,<천재와 싸워 이기는 법> 특집,4.774
761,차준환,M,청년,182.0,20230222.0,20230224.0,"772,000",7724.0,506.0,350.0,운동선수,<천재와 싸워 이기는 법> 특집,4.774
762,임재혁,M,청년,183.0,20230301.0,20230303.0,"772,000",5397.0,1085.0,343.0,연예인,<위대한 유산> 특집,6.067
763,임재혁,M,청년,183.0,20230301.0,20230303.0,"772,000",5397.0,1085.0,343.0,연예인,<위대한 유산> 특집,6.067
764,컬링_여자_국가대표_선수단,W,청년,183.0,20230301.0,20230303.0,"772,000",3868.0,213.0,343.0,운동선수,<위대한 유산> 특집,6.067
765,컬링_여자_국가대표_선수단,W,청년,183.0,20230301.0,20230303.0,"772,000",3868.0,213.0,343.0,운동선수,<위대한 유산> 특집,6.067
766,정지웅,M,청년,183.0,20230301.0,20230303.0,"772,000",3587.0,0.0,343.0,연예인,<위대한 유산> 특집,6.067
767,정지웅,M,청년,183.0,20230301.0,20230303.0,"772,000",3587.0,0.0,343.0,연예인,<위대한 유산> 특집,6.067
768,이민정,W,중년,184.0,20230308.0,20230310.0,"773,000",15920.0,1276.0,336.0,연예인,<괜찮아유> 특집,4.884
769,이민정,W,중년,184.0,20230308.0,20230310.0,"773,000",15920.0,1276.0,336.0,연예인,<괜찮아유> 특집,4.884
770,홍진호,M,중년,184.0,20230308.0,20230310.0,"773,000",4852.0,600.0,336.0,예술가,<괜찮아유> 특집,4.884
771,홍진호,M,중년,184.0,20230308.0,20230310.0,"773,000",4852.0,600.0,336.0,예술가,<괜찮아유> 특집,4.884
772,입짧은햇님,W,중년,184.0,20230308.0,20230310.0,"773,000",1976.0,53.0,336.0,예술가,<괜찮아유> 특집,4.884
773,입짧은햇님,W,중년,184.0,20230308.0,20230310.0,"773,000",1976.0,53.0,336.0,예술가,<괜찮아유> 특집,4.884
774,윤여정,W,노인,184.0,20230308.0,20230310.0,"773,000",152.0,8.0,336.0,연예인,<괜찮아유> 특집,4.884
775,윤여정,W,노인,184.0,20230308.0,20230310.0,"773,000",152.0,8.0,336.0,연예인,<괜찮아유> 특집,4.884
776,채기준,M,중년,185.0,20230315.0,20230317.0,"774,000",1518.0,58.0,329.0,사회복지,<내공:100> 특집,4.324
777,채기준,M,중년,185.0,20230315.0,20230317.0,"774,000",1518.0,58.0,329.0,사회복지,<내공:100> 특집,4.324
778,박희순,M,중년,185.0,20230315.0,20230317.0,"774,000",1518.0,58.0,329.0,사회복지,<내공:100> 특집,4.324
779,박희순,M,중년,185.0,20230315.0,20230317.0,"774,000",1518.0,58.0,329.0,사회복지,<내공:100> 특집,4.324
780,구본진,M,중년,185.0,20230315.0,20230317.0,"774,000",1518.0,58.0,329.0,전문기술,<내공:100> 특집,4.324
781,구본진,M,중년,185.0,20230315.0,20230317.0,"774,000",1518.0,58.0,329.0,전문기술,<내공:100> 특집,4.324
782,파트리샤,W,청년,185.0,20230315.0,20230317.0,"774,000",1518.0,58.0,329.0,예술가,<내공:100> 특집,4.324
783,파트리샤,W,청년,185.0,20230315.0,20230317.0,"774,000",1518.0,58.0,329.0,예술가,<내공:100> 특집,4.324
784,임익강,M,청년,185.0,20230315.0,20230317.0,"774,000",36195.0,3216.0,329.0,전문기술,<내공:100> 특집,4.324
785,임익강,M,청년,185.0,20230315.0,20230317.0,"774,000",36195.0,3216.0,329.0,전문기술,<내공:100> 특집,4.324
786,조나단,M,청년,185.0,20230315.0,20230317.0,"774,000",7417.0,463.0,329.0,예술가,<내공:100> 특집,4.324
787,조나단,M,청년,185.0,20230315.0,20230317.0,"774,000",7417.0,463.0,329.0,예술가,<내공:100> 특집,4.324
788,이상돈,M,중년,186.0,20230322.0,20230323.0,"778,000",22286.0,1108.0,323.0,사회복지,<lucky happy enjoy> 특집,5.483
789,이상돈,M,중년,186.0,20230322.0,20230323.0,"778,000",22286.0,1108.0,323.0,사회복지,<lucky happy enjoy> 특집,5.483
790,황규호,M,중년,186.0,20230322.0,20230323.0,"778,000",7098.0,510.0,323.0,사회복지,<lucky happy enjoy> 특집,5.483
791,황규호,M,중년,186.0,20230322.0,20230323.0,"778,000",7098.0,510.0,323.0,사회복지,<lucky happy enjoy> 특집,5.483
792,임종령,M,청년,186.0,20230322.0,20230323.0,"778,000",8312.0,581.0,323.0,전문기술,<lucky happy enjoy> 특집,5.483
793,임종령,M,청년,186.0,20230322.0,20230323.0,"778,000",8312.0,581.0,323.0,전문기술,<lucky happy enjoy> 특집,5.483
794,한문철,M,청년,187.0,20230329.0,20230330.0,"778,000",13163.0,957.0,316.0,전문기술,<명불허전> 특집,6.024
795,한문철,M,청년,187.0,20230329.0,20230330.0,"778,000",13163.0,957.0,316.0,전문기술,<명불허전> 특집,6.024
796,김종기,M,청년,187.0,20230329.0,20230330.0,"783,000",5275.0,652.0,316.0,사회복지,<명불허전> 특집,6.024
797,김종기,M,청년,187.0,20230329.0,20230330.0,"783,000",5275.0,652.0,316.0,사회복지,<명불허전> 특집,6.024
798,김영태,M,청년,188.0,20230405.0,20230406.0,"783,000",40462.0,2207.0,309.0,사회복지,<선을 넘는 사람들> 특집,5.241
799,김영태,M,청년,188.0,20230405.0,20230406.0,"783,000",40462.0,2207.0,309.0,사회복지,<선을 넘는 사람들> 특집,5.241
800,김진영,M,중년,188.0,20230405.0,20230406.0,"783,000",14705.0,1173.0,309.0,사회복지,<선을 넘는 사람들> 특집,5.241
801,김진영,M,중년,188.0,20230405.0,20230406.0,"783,000",14705.0,1173.0,309.0,사회복지,<선을 넘는 사람들> 특집,5.241
802,안병헌,M,중년,188.0,20230405.0,20230406.0,"787,000",1317.0,65.0,309.0,사회복지,<선을 넘는 사람들> 특집,5.241
803,안병헌,M,중년,188.0,20230405.0,20230406.0,"787,000",1317.0,65.0,309.0,사회복지,<선을 넘는 사람들> 특집,5.241
804,라상훈,M,중년,188.0,20230405.0,20230406.0,"787,000",953.0,168.0,309.0,사회복지,<선을 넘는 사람들> 특집,5.241
805,라상훈,M,중년,188.0,20230405.0,20230406.0,"787,000",953.0,168.0,309.0,사회복지,<선을 넘는 사람들> 특집,5.241
806,윤석열,M,노인,189.0,20230412.0,20230413.0,"793,000",1462.0,61.0,302.0,사회복지,<일당백> 특집,5.153
807,윤석열,M,노인,189.0,20230412.0,20230413.0,"793,000",1462.0,61.0,302.0,사회복지,<일당백> 특집,5.153
808,이성엽,M,청년,189.0,20230412.0,20230413.0,"793,000",1969.0,143.0,302.0,금융,<일당백> 특집,5.153
809,이성엽,M,청년,189.0,20230412.0,20230413.0,"793,000",1969.0,143.0,302.0,금융,<일당백> 특집,5.153
810,임세아,W,노인,189.0,20230412.0,20230413.0,"787,000",1969.0,143.0,302.0,전문기술,<일당백> 특집,5.153
811,임세아,W,노인,189.0,20230412.0,20230413.0,"787,000",1969.0,143.0,302.0,전문기술,<일당백> 특집,5.153
812,이소은,W,노인,189.0,20230412.0,20230413.0,"787,000",6408.0,384.0,302.0,사회복지,<일당백> 특집,5.153
813,이소은,W,노인,189.0,20230412.0,20230413.0,"787,000",6408.0,384.0,302.0,사회복지,<일당백> 특집,5.153
814,김어진,M,청년,190.0,20230419.0,20230420.0,"793,000",8410.0,541.0,295.0,기타,<영광의 시대> 특집,4.952
815,정영미,M,중년,190.0,20230419.0,20230420.0,"793,000",5948.0,428.0,295.0,전문기술,<영광의 시대> 특집,4.952
816,명업식,M,중년,190.0,20230419.0,20230420.0,"793,000",483.0,0.0,295.0,기타,<영광의 시대> 특집,4.952
817,박보영,W,청년,191.0,20230426.0,20230427.0,"793,000",9766.0,740.0,288.0,연예인,<태양은 가득히> 특집,4.561
818,강형욱,M,중년,191.0,20230426.0,20230427.0,"797,000",9510.0,680.0,288.0,전문기술,<태양은 가득히> 특집,4.561
819,정찬성,M,청년,191.0,20230426.0,20230427.0,"797,000",104.0,5.0,288.0,운동선수,<태양은 가득히> 특집,4.561
820,임영웅,M,청년,192.0,20230503.0,20230504.0,"797,000",14729.0,1378.0,281.0,연예인,<생애 뜨거운 만남> 특집,4.498
821,김민섭,M,청년,192.0,20230503.0,20230504.0,"797,000",7639.0,852.0,281.0,예술가,<생애 뜨거운 만남> 특집,4.498
822,김민섭,M,청년,192.0,20230503.0,20230504.0,"797,000",7639.0,852.0,281.0,예술가,<생애 뜨거운 만남> 특집,4.498
823,김민섭,M,청년,192.0,20230503.0,20230504.0,"799,000",7639.0,852.0,281.0,예술가,<생애 뜨거운 만남> 특집,4.498
824,김민섭,M,청년,192.0,20230503.0,20230504.0,"799,000",7639.0,852.0,281.0,예술가,<생애 뜨거운 만남> 특집,4.498
825,한경록,M,청년,192.0,20230503.0,20230504.0,"799,000",7788.0,634.0,281.0,기타,<생애 뜨거운 만남> 특집,4.498
826,윤수임,W,청소년,193.0,20230510.0,20230511.0,"801,000",3240.0,359.0,274.0,기타,<일상의 히어로> 특집,4.353
827,김도현,M,청소년,193.0,20230510.0,20230511.0,"801,000",3264.0,124.0,274.0,기타,<일상의 히어로> 특집,4.353
828,권혜정,W,청소년,193.0,20230510.0,20230511.0,"799,000",8876.0,424.0,274.0,기타,<일상의 히어로> 특집,4.353
829,최재천,M,중년,194.0,20230517.0,20230518.0,"801,000",7190.0,838.0,267.0,사회복지,<사생결단> 특집,4.335
830,마포,W,청년,194.0,20230517.0,20230518.0,"801,000",4447.0,62.0,267.0,기타,<사생결단> 특집,4.335
831,로르,W,청년,194.0,20230517.0,20230518.0,"805,000",449.0,30.0,267.0,기타,<사생결단> 특집,4.335
832,김수지,W,청년,195.0,20230524.0,20230525.0,"805,000",7445.0,179.0,260.0,운동선수,<금희야 옥이야> 특집,4.709
833,김수지,W,청년,195.0,20230524.0,20230525.0,"805,000",7445.0,179.0,260.0,예술가,<금희야 옥이야> 특집,4.709
834,조근식,M,청년,195.0,20230524.0,20230525.0,"805,000",5333.0,178.0,260.0,전문기술,<금희야 옥이야> 특집,4.709
835,김영하,M,중년,195.0,20230524.0,20230525.0,"809,000",2058.0,90.0,260.0,예술가,<금희야 옥이야> 특집,4.709
836,허태균,M,중년,195.0,20230524.0,20230525.0,"809,000",2058.0,90.0,260.0,사회복지,<금희야 옥이야> 특집,4.709
837,박향자,M,중년,195.0,20230524.0,20230525.0,"809,000",1980.0,112.0,260.0,기타,<금희야 옥이야> 특집,4.709
838,김영자,M,중년,196.0,20230531.0,20230601.0,"809,000",18730.0,1594.0,253.0,기타,<모든 걸 걸고> 특집,4.798
839,백성자,M,중년,196.0,20230531.0,20230601.0,"809,000",5678.0,267.0,253.0,기타,<모든 걸 걸고> 특집,4.798
840,신순규,M,청년,196.0,20230531.0,20230601.0,"809,000",1437.0,0.0,253.0,전문기술,<모든 걸 걸고> 특집,4.798
841,조헌주,W,청년,197.0,20230607.0,20230608.0,"812,000",541.0,59.0,246.0,예술가,<포기하지 마> 특집,4.893
842,CL,W,청년,197.0,20230607.0,20230608.0,"809,000",3596.0,264.0,246.0,연예인,<포기하지 마> 특집,4.893
843,이명희,M,청년,197.0,20230607.0,20230608.0,"812,000",4715.0,310.0,246.0,예술가,<포기하지 마> 특집,4.893
844,아룰,M,중년,198.0,20230614.0,20230615.0,"812,000",5910.0,331.0,239.0,사회복지,<러브 다이브> 특집,4.111
845,아룰,M,중년,198.0,20230614.0,20230615.0,"812,000",5910.0,331.0,239.0,사회복지,<러브 다이브> 특집,4.111
846,제임스,M,중년,198.0,20230614.0,20230615.0,"812,000",800.0,97.0,239.0,사회복지,<러브 다이브> 특집,4.111
847,아룰,M,중년,198.0,20230614.0,20230615.0,"814,000",800.0,97.0,239.0,사회복지,<러브 다이브> 특집,4.111
848,아룰,M,중년,198.0,20230614.0,20230615.0,"814,000",800.0,97.0,239.0,사회복지,<러브 다이브> 특집,4.111
849,하비에르,M,중년,198.0,20230614.0,20230615.0,"814,000",800.0,97.0,239.0,사회복지,<러브 다이브> 특집,4.111
850,김선민,M,중년,198.0,20230614.0,20230615.0,"814,000",800.0,97.0,239.0,운동선수,<러브 다이브> 특집,4.111
851,김원식,M,중년,198.0,20230614.0,20230615.0,"814,000",291.0,0.0,239.0,운동선수,<러브 다이브> 특집,4.111
852,이해리,W,청년,198.0,20230614.0,20230615.0,"814,000",291.0,0.0,239.0,연예인,<러브 다이브> 특집,4.111
853,강민경,W,청년,198.0,20230614.0,20230615.0,"814,000",60.0,0.0,239.0,연예인,<러브 다이브> 특집,4.111
854,유지태,M,중년,199.0,20230621.0,20230622.0,"817,000",1247.0,47.0,232.0,연예인,<당신이 모르는 사이에> 특집,4.44
855,박주영,M,중년,199.0,20230621.0,20230622.0,"817,000",1602.0,74.0,232.0,전문기술,<당신이 모르는 사이에> 특집,4.44
856,임천숙,W,청년,199.0,20230621.0,20230622.0,"817,000",1602.0,74.0,232.0,예술가,<당신이 모르는 사이에> 특집,4.44
857,정선근,M,중년,199.0,20230621.0,20230622.0,"814,000",7117.0,654.0,232.0,사회복지,<당신이 모르는 사이에> 특집,4.44
858,오건영,M,중년,200.0,20230628.0,20230628.0,"817,000",2984.0,136.0,226.0,전문기술,<200회> 특집,5.829
859,루나,W,청년,200.0,20230628.0,20230628.0,"817,000",2943.0,127.0,226.0,연예인,<200회> 특집,5.829
860,곽상은,W,청년,200.0,20230628.0,20230628.0,"817,000",432.0,27.0,226.0,예술가,<200회> 특집,5.829
861,구준엽,M,중년,201.0,20230705.0,20230706.0,"817,000",2247.0,127.0,218.0,연예인,<웬만해선 그들을 막을 수 없다> 특집,4.563
862,임채원,M,중년,201.0,20230705.0,20230706.0,"817,000",944.0,178.0,218.0,전문기술,<웬만해선 그들을 막을 수 없다> 특집,4.563
863,김성권,M,중년,201.0,20230705.0,20230706.0,"818,000",1751.0,104.0,218.0,사회복지,<웬만해선 그들을 막을 수 없다> 특집,4.563
864,이주영,M,청소년,201.0,20230705.0,20230706.0,"818,000",241.0,14.0,218.0,운동선수,<웬만해선 그들을 막을 수 없다> 특집,4.563
865,조진현,M,중년,202.0,20230712.0,20230713.0,"820,000",794.0,46.0,211.0,예술가,<위대한 발견> 특집,3.962
866,송낙훈,M,중년,202.0,20230712.0,20230713.0,"820,000",161.0,0.0,211.0,예술가,<위대한 발견> 특집,3.962
867,이준호,M,청년,202.0,20230712.0,20230713.0,"818,000",4961.0,189.0,211.0,연예인,<위대한 발견> 특집,3.962
868,박세령,W,중년,202.0,20230712.0,20230713.0,"818,000",1592.0,50.0,211.0,연예인,<위대한 발견> 특집,3.962
869,노영선,W,청년,203.0,20230719.0,20230720.0,"821,000",147.0,8.0,204.0,전문기술,<열정 열정 열정!> 특집,4.061
870,박경림,W,중년,203.0,20230719.0,20230720.0,"821,000",102.0,7.0,204.0,연예인,<열정 열정 열정!> 특집,4.061
871,박항서,M,중년,203.0,20230719.0,20230720.0,"820,000",8937.0,380.0,204.0,예술가,<열정 열정 열정!> 특집,4.061
872,한지민,W,청년,203.0,20230719.0,20230720.0,"820,000",2308.0,124.0,204.0,연예인,<열정 열정 열정!> 특집,4.061
873,김상욱,M,중년,204.0,20230726.0,20230727.0,"821,000",8168.0,1045.0,197.0,전문기술,<해결사> 특집,4.043
874,배철수,M,중년,204.0,20230726.0,20230727.0,"821,000",4377.0,346.0,197.0,연예인,<해결사> 특집,4.043
875,구창모,M,중년,204.0,20230726.0,20230727.0,"823,000",4377.0,346.0,197.0,연예인,<해결사> 특집,4.043
876,이정원,W,청년,204.0,20230726.0,20230727.0,"823,000",3186.0,148.0,197.0,예술가,<해결사> 특집,4.043
877,앨런,M,청소년,205.0,20230802.0,20230803.0,"823,000",22320.0,317.0,190.0,예술가,<너의 목소리가 들려> 특집,3.927
878,킴,M,청소년,205.0,20230802.0,20230803.0,"823,000",3724.0,201.0,190.0,예술가,<너의 목소리가 들려> 특집,3.927
879,킴,M,청소년,205.0,20230802.0,20230803.0,"823,000",3724.0,201.0,190.0,기타,<너의 목소리가 들려> 특집,3.927
880,김신영,W,청년,205.0,20230802.0,20230803.0,"823,000",620.0,26.0,190.0,연예인,<너의 목소리가 들려> 특집,3.927
881,고정환,M,중년,206.0,20230809.0,20230810.0,"823,000",4217.0,227.0,183.0,전문기술,<그것만이 내 세상> 특집,5.654
882,하준우,M,청소년,206.0,20230809.0,20230810.0,"823,000",7834.0,0.0,183.0,기타,<그것만이 내 세상> 특집,5.654
883,김신욱,W,청년,206.0,20230809.0,20230810.0,"823,000",2478.0,402.0,183.0,예술가,<그것만이 내 세상> 특집,5.654
884,문상훈,M,청년,207.0,20230816.0,20230817.0,"823,000",197.0,12.0,176.0,예술가,<대체불가> 특집,4.977
885,장원석,M,청년,207.0,20230816.0,20230817.0,"823,000",198.0,12.0,176.0,예술가,<대체불가> 특집,4.977
886,김한민,M,중년,207.0,20230816.0,20230817.0,"823,000",1564.0,182.0,176.0,예술가,<대체불가> 특집,4.977
887,박은빈,W,청년,207.0,20230816.0,20230817.0,"823,000",674.0,0.0,176.0,연예인,<대체불가> 특집,4.977
888,정나래,W,청년,208.0,20230823.0,20230824.0,"823,000",1055.0,71.0,169.0,예술가,<무장해제> 특집,4.485
889,소지섭,M,청년,208.0,20230823.0,20230824.0,"823,000",1529.0,187.0,169.0,연예인,<무장해제> 특집,4.485
890,김결,M,청년,208.0,20230823.0,20230824.0,"824,000",943.0,0.0,169.0,전문기술,<무장해제> 특집,4.485
891,김한겸,M,중년,208.0,20230823.0,20230824.0,"824,000",943.0,0.0,169.0,전문기술,<무장해제> 특집,4.485
892,이혜리,W,청년,208.0,20230823.0,20230824.0,"824,000",943.0,0.0,169.0,연예인,<무장해제> 특집,4.485
893,주호민,M,중년,208.0,20230823.0,20230824.0,"824,000",166.0,10.0,169.0,예술가,<무장해제> 특집,4.485
894,배유진,W,청년,209.0,20230830.0,20230831.0,"836,000",1369.0,126.0,162.0,예술가,<최후의 기회> 특집,4.403
895,최원호,M,중년,209.0,20230830.0,20230831.0,"836,000",1133.0,0.0,162.0,기타,<최후의 기회> 특집,4.403
896,진선규,M,청년,209.0,20230830.0,20230831.0,"836,000",431.0,64.0,162.0,연예인,<최후의 기회> 특집,4.403
897,이대호,M,중년,209.0,20230830.0,20230831.0,"836,000",74.0,5.0,162.0,운동선수,<최후의 기회> 특집,4.403
898,정윤,M,청소년,210.0,20230906.0,20230907.0,"854,000",62.0,4.0,155.0,기타,<세계를 흔든다> 특집,4.258
899,오세연,W,중년,210.0,20230906.0,20230907.0,"854,000",62.0,4.0,155.0,예술가,<세계를 흔든다> 특집,4.258
900,이서진,M,청년,210.0,20230906.0,20230907.0,"854,000",115.0,6.0,155.0,연예인,<세계를 흔든다> 특집,4.258
901,김,M,청년,210.0,20230906.0,20230907.0,"854,000",720.0,36.0,155.0,연예인,<세계를 흔든다> 특집,4.258
902,폴,M,청년,210.0,20230906.0,20230907.0,"854,000",53231.0,2042.0,155.0,연예인,<세계를 흔든다> 특집,4.258
903,유홍준,M,중년,210.0,20230906.0,20230907.0,"854,000",720.0,36.0,155.0,사회복지,<세계를 흔든다> 특집,4.258
904,이범식,M,중년,211.0,20230913.0,20230914.0,"856,000",18111.0,1739.0,148.0,사회복지,<그날이 왔다> 특집,4.783
905,유해진,M,청년,211.0,20230913.0,20230914.0,"856,000",4530.0,364.0,148.0,연예인,<그날이 왔다> 특집,4.783
906,조혜송,M,청년,211.0,20230913.0,20230914.0,"856,000",4530.0,364.0,148.0,전문기술,<그날이 왔다> 특집,4.783
907,유택근,M,청년,211.0,20230913.0,20230914.0,"856,000",3002.0,582.0,148.0,전문기술,<그날이 왔다> 특집,4.783
908,김붕년,M,중년,212.0,20230920.0,20230921.0,"860,000",848.0,0.0,141.0,사회복지,<강한 자들> 특집,3.9
909,남유진,W,청년,212.0,20230920.0,20230921.0,"860,000",584.0,135.0,141.0,예술가,<강한 자들> 특집,3.9
910,배혜지,W,청년,212.0,20230920.0,20230921.0,"860,000",848.0,0.0,141.0,연예인,<강한 자들> 특집,3.9
911,오요안나,W,청년,212.0,20230920.0,20230921.0,"860,000",848.0,0.0,141.0,운동선수,<강한 자들> 특집,3.9
912,킴,W,중년,212.0,20230920.0,20230921.0,"860,000",3478.0,264.0,141.0,예술가,<강한 자들> 특집,3.9
913,킴,W,중년,212.0,20230920.0,20230921.0,"860,000",3478.0,264.0,141.0,기타,<강한 자들> 특집,3.9
914,로이스,W,중년,212.0,20230920.0,20230921.0,"860,000",16234.0,1087.0,141.0,기타,<강한 자들> 특집,3.9
915,션,M,중년,212.0,20230920.0,20230921.0,"860,000",584.0,135.0,141.0,연예인,<강한 자들> 특집,3.9
916,손석구,M,청년,213.0,20230927.0,20230928.0,"861,000",1852.0,80.0,134.0,연예인,<추석 특집>,3.476
917,박정하,M,청년,213.0,20230927.0,20230928.0,"861,000",1113.0,67.0,134.0,전문기술,<추석 특집>,3.476
918,권하은,W,청소년,214.0,20231011.0,20231012.0,"863,000",2096.0,71.0,120.0,기타,<할 수 있다> 특집,4.132
919,이동원,M,청년,214.0,20231011.0,20231012.0,"863,000",6113.0,310.0,120.0,전문기술,<할 수 있다> 특집,4.132
920,god,M,중년,214.0,20231011.0,20231012.0,"863,000",3081.0,236.0,120.0,연예인,<할 수 있다> 특집,4.132
921,김상규,M,중년,214.0,20231011.0,20231012.0,"863,000",3634.0,132.0,120.0,기타,<할 수 있다> 특집,4.132
922,뉴진스,W,청년,214.0,20231011.0,20231012.0,"863,000",2096.0,71.0,120.0,연예인,<할 수 있다> 특집,4.132
923,손웅정,M,청년,214.0,20231011.0,20231012.0,"863,000",2096.0,71.0,120.0,운동선수,<할 수 있다> 특집,4.132
924,최수혁,M,청소년,214.0,20231011.0,20231012.0,"863,000",2096.0,71.0,120.0,기타,<할 수 있다> 특집,4.132
925,오승훈,M,청년,215.0,20231018.0,20231019.0,"864,000",306.0,53.0,113.0,전문기술,<쨍하고 해 뜰 날> 특집,3.903
926,오승훈,M,청년,215.0,20231018.0,20231019.0,"864,000",306.0,53.0,113.0,전문기술,<쨍하고 해 뜰 날> 특집,3.903
927,서정윤,M,청년,215.0,20231018.0,20231019.0,"864,000",782.0,77.0,113.0,기타,<쨍하고 해 뜰 날> 특집,3.903
928,김연후,W,청년,215.0,20231018.0,20231019.0,"864,000",6117.0,696.0,113.0,기타,<쨍하고 해 뜰 날> 특집,3.903
929,임지호,M,청년,215.0,20231018.0,20231019.0,"864,000",4494.0,191.0,113.0,전문기술,<쨍하고 해 뜰 날> 특집,3.903
930,황인범,M,청년,216.0,20231025.0,20231026.0,"865,000",2806.0,233.0,106.0,운동선수,<실전은 기세다> 특집,3.548
931,김민재,M,청년,216.0,20231025.0,20231026.0,"865,000",2365.0,76.0,106.0,연예인,<실전은 기세다> 특집,3.548
932,김민재,M,청년,216.0,20231025.0,20231026.0,"865,000",2365.0,76.0,106.0,운동선수,<실전은 기세다> 특집,3.548
933,진명,M,중년,216.0,20231025.0,20231026.0,"865,000",1534.0,85.0,106.0,사회복지,<실전은 기세다> 특집,3.548
934,스님,M,중년,216.0,20231025.0,20231026.0,"865,000",2365.0,76.0,106.0,사회복지,<실전은 기세다> 특집,3.548
935,김진,M,중년,216.0,20231025.0,20231026.0,"865,000",1534.0,85.0,106.0,사회복지,<실전은 기세다> 특집,3.548
936,목사,M,중년,216.0,20231025.0,20231026.0,"865,000",269.0,47.0,106.0,사회복지,<실전은 기세다> 특집,3.548
937,차바우나,M,중년,217.0,20231101.0,20231102.0,"871,000",17495.0,1190.0,99.0,사회복지,<운명적 만남> 특집,6.537
938,신부,M,중년,217.0,20231101.0,20231102.0,"871,000",18246.0,1589.0,99.0,사회복지,<운명적 만남> 특집,6.537
939,포레스텔라,M,청년,217.0,20231101.0,20231102.0,"871,000",17495.0,1190.0,99.0,연예인,<운명적 만남> 특집,6.537
940,조규성,M,청년,217.0,20231101.0,20231102.0,"871,000",18246.0,1589.0,99.0,운동선수,<운명적 만남> 특집,6.537
941,조정석,M,청년,218.0,20231108.0,20231109.0,"874,000",300.0,22.0,92.0,연예인,<왕이 나타났다!> 특집,3.659
942,서혜정,W,청년,218.0,20231108.0,20231109.0,"874,000",202.0,18.0,92.0,사회복지,<왕이 나타났다!> 특집,3.659
943,국태익,M,청년,218.0,20231108.0,20231109.0,"874,000",3491.0,380.0,92.0,운동선수,<왕이 나타났다!> 특집,3.659
944,주현서,M,청년,218.0,20231108.0,20231109.0,"874,000",195.0,21.0,92.0,운동선수,<왕이 나타났다!> 특집,3.659
945,김진수,M,청년,218.0,20231108.0,20231109.0,"874,000",195.0,21.0,92.0,사회복지,<왕이 나타났다!> 특집,3.659
946,저스트,M,청년,219.0,20231115.0,20231116.0,"876,000",6018.0,346.0,85.0,예술가,<슈퍼 세이브> 특집,4.738
947,절크,M,청년,219.0,20231115.0,20231116.0,"876,000",3188.0,269.0,85.0,예술가,<슈퍼 세이브> 특집,4.738
948,김혜자,W,노인,219.0,20231115.0,20231116.0,"876,000",1980.0,106.0,85.0,연예인,<슈퍼 세이브> 특집,4.738
949,이하늬,W,청년,220.0,20231122.0,20231123.0,"879,000",862.0,79.0,78.0,연예인,<온 힘을 다해> 특집,4.632
950,나종호,M,중년,220.0,20231122.0,20231123.0,"879,000",7010.0,242.0,78.0,사회복지,<온 힘을 다해> 특집,4.632
951,페퍼톤스,M,중년,220.0,20231122.0,20231123.0,"879,000",3923.0,313.0,78.0,연예인,<온 힘을 다해> 특집,4.632
952,민병철,M,중년,220.0,20231122.0,20231123.0,"879,000",3923.0,313.0,78.0,전문기술,<온 힘을 다해> 특집,4.632
953,곽튜브,M,청년,221.0,20231129.0,20231130.0,"880,000",1321.0,190.0,71.0,예술가,<내 눈앞에 나타나> 특집,4.486
954,원지,W,청년,221.0,20231129.0,20231130.0,"880,000",152.0,13.0,71.0,예술가,<내 눈앞에 나타나> 특집,4.486
955,설채현,W,청년,221.0,20231129.0,20231130.0,"880,000",1594.0,186.0,71.0,전문기술,<내 눈앞에 나타나> 특집,4.486
956,나응식,W,청년,221.0,20231129.0,20231130.0,"880,000",1562.0,77.0,71.0,예술가,<내 눈앞에 나타나> 특집,4.486
957,이성민,M,청년,222.0,20231206.0,20231207.0,"881,000",2814.0,228.0,64.0,전문기술,<뚝심> 특집,5.2
958,이명현,W,청년,222.0,20231206.0,20231207.0,"881,000",1427.0,70.0,64.0,전문기술,<뚝심> 특집,5.2
959,이따끔,W,청년,222.0,20231206.0,20231207.0,"881,000",547.0,66.0,64.0,전문기술,<뚝심> 특집,5.2
960,조정식,M,청년,223.0,20231213.0,20231214.0,"882,000",3420.0,179.0,57.0,연예인,<가장 넓은 길은 언제나 내 마음속에> 특집,4.818
961,김민정,W,청년,223.0,20231213.0,20231214.0,"882,000",652.0,16.0,57.0,전문기술,<가장 넓은 길은 언제나 내 마음속에> 특집,4.818
962,정성일,M,중년,223.0,20231213.0,20231214.0,"882,000",1482.0,59.0,57.0,연예인,<가장 넓은 길은 언제나 내 마음속에> 특집,4.818
963,장정민,W,중년,224.0,20231220.0,20231221.0,"885,000",10308.0,610.0,50.0,전문기술,<산타클로스의 선물> 특집,4.621
964,데니스,M,청년,224.0,20231220.0,20231221.0,"885,000",5272.0,344.0,50.0,전문기술,<산타클로스의 선물> 특집,4.621
965,홍,M,청년,224.0,20231220.0,20231221.0,"885,000",722.0,0.0,50.0,전문기술,<산타클로스의 선물> 특집,4.621
966,김성근,M,중년,224.0,20231220.0,20231221.0,"885,000",722.0,0.0,50.0,운동선수,<산타클로스의 선물> 특집,4.621
967,이정욱,M,청년,225.0,20231227.0,20231228.0,"888,000",4268.0,371.0,43.0,전문기술,<해피엔딩> 특집,5.556
968,김영준,M,중년,225.0,20231227.0,20231228.0,"888,000",4768.0,347.0,43.0,전문기술,<해피엔딩> 특집,5.556
969,승효상,M,노인,225.0,20231227.0,20231228.0,"888,000",15549.0,338.0,43.0,예술가,<해피엔딩> 특집,5.556
970,이승훈,M,청년,225.0,20231227.0,20231228.0,"888,000",4768.0,347.0,43.0,전문기술,<해피엔딩> 특집,5.556
971,이승훈,M,청년,225.0,20231227.0,20231228.0,"888,000",4768.0,347.0,43.0,연예인,<해피엔딩> 특집,5.556
972,신호철,M,중년,226.0,20240103.0,20240104.0,"892,000",8396.0,895.0,36.0,전문기술,<최고의 선택> 특집,5.017
973,임시완,M,청년,226.0,20240103.0,20240104.0,"892,000",4415.0,224.0,36.0,연예인,<최고의 선택> 특집,5.017
974,정재일,M,중년,226.0,20240103.0,20240104.0,"892,000",870.0,0.0,36.0,예술가,<최고의 선택> 특집,5.017
975,장미란,M,청년,227.0,20240110.0,20240104.0,"892,000",3894.0,259.0,36.0,운동선수,<낭만의 시대> 특집,6.233
976,정하랑,M,청소년,227.0,20240110.0,20240104.0,"892,000",2031.0,133.0,36.0,기타,<낭만의 시대> 특집,6.233
977,조진웅,M,청년,227.0,20240110.0,20240104.0,"892,000",2060.0,165.0,36.0,연예인,<낭만의 시대> 특집,6.233
978,박성희,W,청년,227.0,20240110.0,20240104.0,"892,000",2060.0,165.0,36.0,기타,<낭만의 시대> 특집,6.233
979,김재근,M,청년,228.0,20240117.0,20240111.0,"894,000",500.0,36.0,29.0,사회복지,<가족> 특집,4.912
980,안세영,W,청년,228.0,20240117.0,20240111.0,"892,000",22759.0,796.0,29.0,운동선수,<가족> 특집,4.912
981,김윤경,W,중년,228.0,20240117.0,20240111.0,"894,000",22759.0,796.0,29.0,기타,<가족> 특집,4.912
982,최양락,M,노인,228.0,20240117.0,20240111.0,"894,000",834.0,43.0,29.0,연예인,<가족> 특집,4.912
983,황광희,M,청년,228.0,20240117.0,20240111.0,"894,000",834.0,43.0,29.0,연예인,<가족> 특집,4.912
984,안한별,M,중년,228.0,20240117.0,20240111.0,"894,000",2509.0,414.0,29.0,사회복지,<가족> 특집,4.912
985,김철현,M,청년,229.0,20240124.0,20240118.0,"897,000",5183.0,186.0,22.0,사회복지,<파수꾼> 특집,4.468
986,추성훈,M,중년,229.0,20240124.0,20240118.0,"897,000",2939.0,129.0,22.0,운동선수,<파수꾼> 특집,4.468
987,이기평,M,청년,229.0,20240124.0,20240118.0,"897,000",5183.0,186.0,22.0,사회복지,<파수꾼> 특집,4.468
988,이지선,W,중년,229.0,20240124.0,20240118.0,"897,000",1451.0,157.0,22.0,전문기술,<파수꾼> 특집,4.468
989,이도현,M,청년,,,,,,,,연예인,,
990,조성진,M,청년,,,,,,,,예술가,,
991,최창호,M,중년,,,,,,,,기타,,
992,전도연,W,청년,,,,,,,,연예인,,
993,김영진,W,청년,,,,,,,,예술가,,
994,알비올,M,청년,,,,,,,,전문기술,,
995,안드레스,M,청년,,,,,,,,전문기술,,
996,이진아,W,청년,,,,,,,,연예인,,
997,성시경,M,청년,,,,,,,,연예인,,
998,한정숙,W,청년,,,,,,,,전문기술,,
999,장혜진,W,청년,,,,,,,,전문기술,,
1000,윤수빈,W,청년,,,,,,,,전문기술,,
1001,김희애,W,중년,,,,,,,,연예인,,
1002,이채운,M,청년,,,,,,,,운동선수,,
1003,이병헌,M,중년,,,,,,,,연예인,,
1004,이병헌,M,중년,,,,,,,,연예인,,
1005,이제훈,M,청년,,,,,,,,연예인,,
1006,홍연진,W,청년,,,,,,,,운동선수,,
1007,궤도,M,청년,,,,,,,,전문기술,,
1008,태양,M,청년,,,,,,,,연예인,,
1009,에픽하이,M,청년,,,,,,,,연예인,,
1010,곽은진,W,청년,,,,,,,,전문기술,,
1011,이보미,W,청년,,,,,,,,전문기술,,
1012,김소연,W,청년,,,,,,,,연예인,,
1013,이유진,W,중년,,,,,,,,사회복지,,
1014,김수정,M,중년,,,,,,,,예술가,,
1015,김우빈,M,청년,,,,,,,,연예인,,
1016,유준하,M,청년,,,,,,,,운동선수,,
1017,김소정,M,청년,,,,,,,,전문기술,,
1018,류승범,M,청년,,,,,,,,연예인,,
1019,김환,M,청년,,,,,,,,기타,,
1020,박두레,M,청년,,,,,,,,기타,,
1021,이동규,M,중년,,,,,,,,사회복지,,
1022,이금희,W,중년,,,,,,,,예술가,,
1023,강철원,M,중년,,,,,,,,전문기술,,
1024,김우주,M,청소년,,,,,,,,기타,,
1025,정동식,M,청년,,,,,,,,운동선수,,
1026,김연경,W,청년,,,,,,,,운동선수,,
1027,카리미,M,중년,,,,,,,,전문기술,,
1028,안왈,M,중년,,,,,,,,전문기술,,
1029,문기호,M,중년,,,,,,,,전문기술,,
1030,엄정화,W,중년,,,,,,,,연예인,,
1031,강지호,M,청년,,,,,,,,운동선수,,
1032,이예주,W,청년,,,,,,,,운동선수,,
1033,김성면,M,중년,,,,,,,,연예인,,
1034,나들,M,중년,,,,,,,,연예인,,
1035,박승화,M,중년,,,,,,,,연예인,,
1036,이정봉,M,청년,,,,,,,,예술가,,
1037,정우철,M,청년,,,,,,,,예술가,,
1038,김병철,M,청년,,,,,,,,연예인,,
1039,유세웅,M,청년,,,,,,,,전문기술,,
1040,손창현,M,청년,,,,,,,,전문기술,,
1041,콜린,M,중년,,,,,,,,전문기술,,
1042,크룩스,M,중년,,,,,,,,전문기술,,
1043,이준혁,M,청년,,,,,,,,연예인,,
1044,백남문,M,노인,,,,,,,,사회복지,,
1045,김용만,M,중년,,,,,,,,연예인,,
1046,김용만,M,중년,,,,,,,,연예인,,
1047,김연아,Y,청년,,,,,,,,운동선수,,
1048,유창훈,M,중년,,,,,,,,사회복지,,
1049,장한나,W,청년,,,,,,,,예술가,,
1050,박남규,M,청년,,,,,,,,전문기술,,
1051,박남규,M,청년,,,,,,,,사회복지,,
1052,신구,M,노인,,,,,,,,연예인,,
1053,김웬디,M,청소년,,,,,,,,기타,,
1054,이상엽,M,중년,,,,,,,,연예인,,
1055,이상엽,M,중년,,,,,,,,전문기술,,
1056,정희원,M,청년,,,,,,,,전문기술,,
1057,강기영,M,청년,,,,,,,,연예인,,
1058,김현숙,W,노인,,,,,,,,기타,,
1059,한호용,M,중년,,,,,,,,예술가,,
1060,정명원,M,청년,,,,,,,,전문기술,,
1061,주현영,W,청년,,,,,,,,연예인,,
1062,이정태,M,청년,,,,,,,,전문기술,,
1063,오은석,M,청년,,,,,,,,전문기술,,
1064,조병영,M,청년,,,,,,,,사회복지,,
1065,남궁민,M,청년,,,,,,,,연예인,,
1066,안대성,M,중년,,,,,,,,사회복지,,
1067,손상모,M,중년,,,,,,,,전문기술,,
1068,임지연,W,청년,,,,,,,,연예인,,
1069,민시우,M,청소년,,,,,,,,예술가,,
1070,서려경,W,청년,,,,,,,,사회복지,,
1071,이병헌,M,중년,,,,,,,,연예인,,
1072,이병헌,M,중년,,,,,,,,연예인,,
1073,띠예,W,청소년,,,,,,,,예술가,,
1074,배수현,W,청년,,,,,,,,예술가,,
1075,허주행,M,청년,,,,,,,,사회복지,,
1076,김희선,W,청년,,,,,,,,연예인,,
1077,김강연,M,중년,,,,,,,,기타,,
1078,김택연,M,중년,,,,,,,,사회복지,,
1079,김기웅,M,청년,,,,,,,,사회복지,,
1080,안젤라,M,청년,,,,,,,,사회복지,,
1081,센,M,청년,,,,,,,,기타,,
1082,이대우,M,중년,,,,,,,,사회복지,,
1083,정유미,W,청년,,,,,,,,연예인,,
1084,김휘우,M,청소년,,,,,,,,기타,,
1085,윤순진,W,중년,,,,,,,,사회복지,,
1086,조영민,M,중년,,,,,,,,사회복지,,
1087,이준기,M,청년,,,,,,,,연예인,,
1088,신은수,M,청년,,,,,,,,전문기술,,
1089,조용인,M,청년,,,,,,,,전문기술,,
1090,천종원,M,청년,,,,,,,,운동선수,,
1091,김기호,M,중년,,,,,,,,예술가,,
1092,박수영,M,중년,,,,,,,,예술가,,
1093,뷔,M,청년,,,,,,,,연예인,,
1094,김정민,M,노인,,,,,,,,기타,,
1095,김자희,W,노인,,,,,,,,기타,,
1096,조선미,M,중년,,,,,,,,사회복지,,
1097,강동원,M,청년,,,,,,,,연예인,,
1098,김예빈,W,청소년,,,,,,,,기타,,
1099,박지솔,W,청소년,,,,,,,,기타,,
1100,홍연우,W,청소년,,,,,,,,기타,,
1101,덱스,M,청년,,,,,,,,연예인,,
1102,서승호,M,청년,,,,,,,,기타,,
1103,조영석,M,노인,,,,,,,,기타,,
1104,김남길,M,청년,,,,,,,,연예인,,
1105,윤도현,M,중년,,,,,,,,연예인,,
1106,박세리,W,청년,,,,,,,,운동선수,,
1107,이다슬,W,청년,,,,,,,,전문기술,,
1108,오상우,M,중년,,,,,,,,사회복지,,
1109,황선우,M,청년,,,,,,,,운동선수,,
1110,황선우,M,청년,,,,,,,,운동선수,,
1111,김우민,M,청년,,,,,,,,운동선수,,
1112,이호준,M,청년,,,,,,,,운동선수,,
1113,양재훈,M,청년,,,,,,,,운동선수,,
1114,오정세,M,청년,,,,,,,,연예인,,
1115,김성묵,M,청년,,,,,,,,기타,,
1116,구희아,W,청년,,,,,,,,기타,,
1117,김관우,M,청년,,,,,,,,운동선수,,
1118,신혜선,W,청년,,,,,,,,연예인,,
1119,윤두연,W,청년,,,,,,,,기타,,
1120,유병재,M,청년,,,,,,,,연예인,,
1121,유규선,M,청년,,,,,,,,연예인,,
1122,신유빈,W,청소년,,,,,,,,운동선수,,
1123,백승호,M,청년,,,,,,,,운동선수,,
1124,엄원상,M,청년,,,,,,,,운동선수,,
1125,송민규,M,청년,,,,,,,,운동선수,,
1126,이효철,M,청소년,,,,,,,,기타,,
1127,천애정,W,중년,,,,,,,,기타,,
1128,박진영,M,중년,,,,,,,,연예인,,
1129,박진영,M,중년,,,,,,,,연예인,,
1130,방시혁,M,중년,,,,,,,,연예인,,
1131,김용만,M,중년,,,,,,,,연예인,,
1132,김용만,M,중년,,,,,,,,연예인,,
1133,이은영,W,청년,,,,,,,,기타,,
1134,김인환,W,청년,,,,,,,,기타,,
1135,서용상,M,중년,,,,,,,,예술가,,
1136,최수종,M,노인,,,,,,,,연예인,,
1137,구철수,M,중년,,,,,,,,사회복지,,
1138,김하성,M,청년,,,,,,,,운동선수,,
1139,임수정,W,청년,,,,,,,,연예인,,
1140,서주향,W,청년,,,,,,,,예술가,,
1141,오지환,M,청년,,,,,,,,운동선수,,
1142,임찬규,M,청년,,,,,,,,운동선수,,
1143,유연석,M,청년,,,,,,,,연예인,,
1144,김지윤,W,청년,,,,,,,,사회복지,,
1145,서영갑,M,노인,,,,,,,,서비스,,
1146,양영철,M,중년,,,,,,,,사회복지,,
1147,하지원,W,청년,,,,,,,,연예인,,
1148,이진형,W,청년,,,,,,,,사회복지,,
1149,김록호,M,중년,,,,,,,,사회복지,,
1150,안은진,W,청년,,,,,,,,연예인,,
1151,안은진,W,청년,,,,,,,,연예인,,
1152,송태욱,M,청년,,,,,,,,사회복지,,
1153,김정자,W,노인,,,,,,,,예술가,,
1154,김정자,W,노인,,,,,,,,기타,,
1155,박서준,M,청년,,,,,,,,연예인,,
1156,유의배,M,노인,,,,,,,,사회복지,,
1157,김예화,W,청년,,,,,,,,서비스,,
1158,이채현,W,청년,,,,,,,,서비스,,
1159,이상혁,M,청년,,,,,,,,전문기술,,
1160,서진규,W,청년,,,,,,,,사회복지,,
1161,조성아,W,노인,,,,,,,,사회복지,,
1162,김창옥,M,중년,,,,,,,,연예인,,
1163,장나라,W,청년,,,,,,,,연예인,,
1164,이평화,M,청년,,,,,,,,기타,,
1165,오승은,W,청년,,,,,,,,사회복지,,
1166,공효진,W,청년,,,,,,,,연예인,,
1167,박학기,M,노인,,,,,,,,연예인,,
1168,이정은,W,중년,,,,,,,,연예인,,
1169,장현성,M,중년,,,,,,,,연예인,,
1170,이영림,W,노인,,,,,,,,사회복지,,
1171,김대호,M,청년,,,,,,,,연예인,,
1172,강지강,W,청년,,,,,,,,전문기술,,
1173,류의식,M,청년,,,,,,,,예술가,,
1174,유연수,M,청년,,,,,,,,운동선수,,
1175,윤상,M,중년,,,,,,,,연예인,,
1176,앤톤,M,청소년,,,,,,,,연예인,,
1177,박인비,W,청년,,,,,,,,운동선수,,
1178,기협,M,노인,,,,,,,,운동선수,,
1179,신영철,M,노인,,,,,,,,사회복지,,
1180,정소영,W,중년,,,,,,,,연예인,,
1181,김영옥,W,노인,,,,,,,,연예인,,
1182,나문희,W,노인,,,,,,,,연예인,,
