,rank,name,birth,team,year,gp,cg,sho,gs,win,loss,save,hold,inning,runs,earned_run,batter_faced,hits,base2,base3,home_run,walk,intentional_walk,hb,so,balk,wild,ERA,FIP,WHIP,ERAplus,FIPplus,WAR,WPA,salary
0,1.0,알칸타라,1992-12-04,Doosan Bears,2020,31.0,1.0,0.0,31.0,20.0,2.0,0.0,0.0,198.2,58.0,56.0,795.0,174.0,38.0,3.0,12.0,30.0,0.0,9.0,182.0,1.0,3.0,2.54,3.1,1.03,182.6,149.7,8.31,4.35,45000
1,2.0,양현종,1988-03-01,Kia Tigers,2015,32.0,1.0,1.0,31.0,15.0,6.0,0.0,1.0,184.1,52.0,50.0,756.0,150.0,27.0,2.0,18.0,78.0,0.0,7.0,157.0,0.0,6.0,2.44,4.57,1.24,202.1,108.5,8.14,3.94,75000
1,2.0,양현종,1988-03-01,Kia Tigers,2015,32.0,1.0,1.0,31.0,15.0,6.0,0.0,1.0,184.1,52.0,50.0,756.0,150.0,27.0,2.0,18.0,78.0,0.0,7.0,157.0,0.0,6.0,2.44,4.57,1.24,202.1,108.5,8.14,3.94,45000
1,2.0,양현종,1988-03-01,Kia Tigers,2015,32.0,1.0,1.0,31.0,15.0,6.0,0.0,1.0,184.1,52.0,50.0,756.0,150.0,27.0,2.0,18.0,78.0,0.0,7.0,157.0,0.0,6.0,2.44,4.57,1.24,202.1,108.5,8.14,3.94,125000
2,3.0,스트레일리,1988-12-01,Lotte Giants,2020,31.0,0.0,0.0,31.0,15.0,4.0,0.0,0.0,194.2,61.0,54.0,777.0,148.0,27.0,2.0,10.0,51.0,0.0,7.0,205.0,0.0,4.0,2.5,3.01,1.02,195.1,159.0,7.53,3.84,50000
3,4.0,양현종,1988-03-01,Kia Tigers,2019,29.0,2.0,2.0,29.0,16.0,8.0,0.0,0.0,184.2,56.0,47.0,731.0,165.0,32.0,1.0,6.0,33.0,0.0,2.0,163.0,0.0,1.0,2.29,2.63,1.07,183.1,160.3,7.35,3.81,3400
3,4.0,양현종,1988-03-01,Kia Tigers,2019,29.0,2.0,2.0,29.0,16.0,8.0,0.0,0.0,184.2,56.0,47.0,731.0,165.0,32.0,1.0,6.0,33.0,0.0,2.0,163.0,0.0,1.0,2.29,2.63,1.07,183.1,160.3,7.35,3.81,230000
5,6.0,린드블럼,1987-06-15,Doosan Bears,2019,30.0,0.0,0.0,30.0,20.0,3.0,0.0,0.0,194.2,57.0,54.0,773.0,165.0,22.0,3.0,13.0,29.0,0.0,6.0,189.0,0.0,7.0,2.5,2.87,1.0,164.4,141.5,6.86,4.44,2900
5,6.0,린드블럼,1987-06-15,Doosan Bears,2019,30.0,0.0,0.0,30.0,20.0,3.0,0.0,0.0,194.2,57.0,54.0,773.0,165.0,22.0,3.0,13.0,29.0,0.0,6.0,189.0,0.0,7.0,2.5,2.87,1.0,164.4,141.5,6.86,4.44,140000
6,7.0,린드블럼,1987-06-15,Doosan Bears,2018,26.0,0.0,0.0,26.0,15.0,4.0,0.0,0.0,168.2,56.0,54.0,681.0,142.0,33.0,2.0,16.0,38.0,0.0,8.0,157.0,0.0,10.0,2.88,4.02,1.07,175.4,125.2,6.81,2.06,210000
6,7.0,린드블럼,1987-06-15,Doosan Bears,2018,26.0,0.0,0.0,26.0,15.0,4.0,0.0,0.0,168.2,56.0,54.0,681.0,142.0,33.0,2.0,16.0,38.0,0.0,8.0,157.0,0.0,10.0,2.88,4.02,1.07,175.4,125.2,6.81,2.06,9000
6,7.0,린드블럼,1987-06-15,Doosan Bears,2018,26.0,0.0,0.0,26.0,15.0,4.0,0.0,0.0,168.2,56.0,54.0,681.0,142.0,33.0,2.0,16.0,38.0,0.0,8.0,157.0,0.0,10.0,2.88,4.02,1.07,175.4,125.2,6.81,2.06,140000
6,7.0,린드블럼,1987-06-15,Doosan Bears,2018,26.0,0.0,0.0,26.0,15.0,4.0,0.0,0.0,168.2,56.0,54.0,681.0,142.0,33.0,2.0,16.0,38.0,0.0,8.0,157.0,0.0,10.0,2.88,4.02,1.07,175.4,125.2,6.81,2.06,2900
6,7.0,린드블럼,1987-06-15,Doosan Bears,2018,26.0,0.0,0.0,26.0,15.0,4.0,0.0,0.0,168.2,56.0,54.0,681.0,142.0,33.0,2.0,16.0,38.0,0.0,8.0,157.0,0.0,10.0,2.88,4.02,1.07,175.4,125.2,6.81,2.06,170000
7,8.0,헥터,1987-01-26,Kia Tigers,2016,31.0,3.0,1.0,31.0,15.0,5.0,0.0,0.0,206.2,88.0,78.0,868.0,211.0,34.0,3.0,7.0,51.0,0.0,6.0,139.0,0.0,7.0,3.4,3.72,1.27,152.5,140.6,6.64,1.87,4000
8,9.0,린드블럼,1987-06-15,Lotte Giants,2015,32.0,2.0,1.0,32.0,13.0,11.0,0.0,0.0,210.0,86.0,83.0,861.0,196.0,32.0,3.0,28.0,52.0,0.0,12.0,180.0,0.0,12.0,3.56,4.55,1.18,141.7,108.6,6.48,1.95,85000
8,9.0,린드블럼,1987-06-15,Lotte Giants,2015,32.0,2.0,1.0,32.0,13.0,11.0,0.0,0.0,210.0,86.0,83.0,861.0,196.0,32.0,3.0,28.0,52.0,0.0,12.0,180.0,0.0,12.0,3.56,4.55,1.18,141.7,108.6,6.48,1.95,120000
8,9.0,린드블럼,1987-06-15,Lotte Giants,2015,32.0,2.0,1.0,32.0,13.0,11.0,0.0,0.0,210.0,86.0,83.0,861.0,196.0,32.0,3.0,28.0,52.0,0.0,12.0,180.0,0.0,12.0,3.56,4.55,1.18,141.7,108.6,6.48,1.95,4000
9,10.0,김광현,1988-07-22,SSG Landers,2019,31.0,0.0,0.0,30.0,17.0,6.0,0.0,0.0,190.1,64.0,53.0,786.0,198.0,17.0,0.0,13.0,38.0,1.0,2.0,180.0,0.0,8.0,2.51,3.01,1.24,169.8,142.2,6.39,3.28,40000
9,10.0,김광현,1988-07-22,SSG Landers,2019,31.0,0.0,0.0,30.0,17.0,6.0,0.0,0.0,190.1,64.0,53.0,786.0,198.0,17.0,0.0,13.0,38.0,1.0,2.0,180.0,0.0,8.0,2.51,3.01,1.24,169.8,142.2,6.39,3.28,4200
9,10.0,김광현,1988-07-22,SSG Landers,2019,31.0,0.0,0.0,30.0,17.0,6.0,0.0,0.0,190.1,64.0,53.0,786.0,198.0,17.0,0.0,13.0,38.0,1.0,2.0,180.0,0.0,8.0,2.51,3.01,1.24,169.8,142.2,6.39,3.28,70000
10,11.0,윌슨,1989-09-25,LG Twins,2018,26.0,1.0,1.0,26.0,9.0,4.0,0.0,0.0,170.0,63.0,58.0,689.0,158.0,23.0,3.0,11.0,35.0,1.0,6.0,149.0,1.0,10.0,3.07,3.63,1.14,164.3,139.4,6.31,2.72,85000
11,12.0,니퍼트,1981-05-06,Doosan Bears,2016,28.0,1.0,1.0,27.0,22.0,3.0,0.0,0.0,167.2,61.0,55.0,701.0,151.0,19.0,3.0,15.0,57.0,0.0,9.0,142.0,0.0,8.0,2.95,4.44,1.24,173.1,113.2,5.97,2.69,3000
11,12.0,니퍼트,1981-05-06,Doosan Bears,2016,28.0,1.0,1.0,27.0,22.0,3.0,0.0,0.0,167.2,61.0,55.0,701.0,151.0,19.0,3.0,15.0,57.0,0.0,9.0,142.0,0.0,8.0,2.95,4.44,1.24,173.1,113.2,5.97,2.69,80000
12,13.0,켈리,1988-10-14,SSG Landers,2016,31.0,0.0,0.0,31.0,9.0,8.0,0.0,0.0,200.1,91.0,82.0,846.0,205.0,35.0,3.0,15.0,60.0,0.0,7.0,152.0,2.0,8.0,3.68,4.25,1.32,141.7,122.9,5.95,1.32,100000
15,16.0,브리검,1988-02-10,Nexen Heroes,2018,31.0,2.0,1.0,30.0,11.0,7.0,0.0,1.0,199.0,89.0,85.0,829.0,188.0,28.0,3.0,19.0,50.0,0.0,19.0,175.0,0.0,4.0,3.84,4.36,1.2,134.1,117.4,5.78,0.2,13000
15,16.0,브리검,1988-02-10,Nexen Heroes,2018,31.0,2.0,1.0,30.0,11.0,7.0,0.0,1.0,199.0,89.0,85.0,829.0,188.0,28.0,3.0,19.0,50.0,0.0,19.0,175.0,0.0,4.0,3.84,4.36,1.2,134.1,117.4,5.78,0.2,15000
16,17.0,양현종,1988-03-01,Kia Tigers,2016,31.0,3.0,0.0,31.0,10.0,12.0,0.0,0.0,200.1,96.0,82.0,850.0,191.0,31.0,2.0,19.0,77.0,0.0,2.0,146.0,2.0,6.0,3.68,4.75,1.34,140.6,109.9,5.69,0.23,75000
16,17.0,양현종,1988-03-01,Kia Tigers,2016,31.0,3.0,0.0,31.0,10.0,12.0,0.0,0.0,200.1,96.0,82.0,850.0,191.0,31.0,2.0,19.0,77.0,0.0,2.0,146.0,2.0,6.0,3.68,4.75,1.34,140.6,109.9,5.69,0.23,125000
16,17.0,양현종,1988-03-01,Kia Tigers,2016,31.0,3.0,0.0,31.0,10.0,12.0,0.0,0.0,200.1,96.0,82.0,850.0,191.0,31.0,2.0,19.0,77.0,0.0,2.0,146.0,2.0,6.0,3.68,4.75,1.34,140.6,109.9,5.69,0.23,45000
17,18.0,장원준,1985-07-31,Doosan Bears,2016,27.0,0.0,0.0,27.0,15.0,6.0,0.0,0.0,168.0,66.0,62.0,727.0,161.0,23.0,6.0,14.0,76.0,0.0,9.0,137.0,0.0,8.0,3.32,4.76,1.41,153.9,105.9,5.67,1.29,65000
17,18.0,장원준,1985-07-31,Doosan Bears,2016,27.0,0.0,0.0,27.0,15.0,6.0,0.0,0.0,168.0,66.0,62.0,727.0,161.0,23.0,6.0,14.0,76.0,0.0,9.0,137.0,0.0,8.0,3.32,4.76,1.41,153.9,105.9,5.67,1.29,50000
17,18.0,장원준,1985-07-31,Doosan Bears,2016,27.0,0.0,0.0,27.0,15.0,6.0,0.0,0.0,168.0,66.0,62.0,727.0,161.0,23.0,6.0,14.0,76.0,0.0,9.0,137.0,0.0,8.0,3.32,4.76,1.41,153.9,105.9,5.67,1.29,7200
18,19.0,해커,1983-03-26,NC Dinos,2015,31.0,1.0,0.0,31.0,19.0,5.0,0.0,0.0,204.0,81.0,71.0,833.0,174.0,34.0,0.0,14.0,36.0,1.0,25.0,164.0,0.0,6.0,3.13,3.78,1.03,152.9,129.0,5.64,3.14,40000
21,22.0,장원준,1985-07-31,Doosan Bears,2017,29.0,1.0,1.0,29.0,14.0,9.0,0.0,0.0,180.1,70.0,63.0,760.0,172.0,26.0,2.0,12.0,51.0,2.0,14.0,125.0,0.0,3.0,3.14,4.26,1.24,153.1,114.0,5.41,1.41,50000
21,22.0,장원준,1985-07-31,Doosan Bears,2017,29.0,1.0,1.0,29.0,14.0,9.0,0.0,0.0,180.1,70.0,63.0,760.0,172.0,26.0,2.0,12.0,51.0,2.0,14.0,125.0,0.0,3.0,3.14,4.26,1.24,153.1,114.0,5.41,1.41,9000
21,22.0,장원준,1985-07-31,Doosan Bears,2017,29.0,1.0,1.0,29.0,14.0,9.0,0.0,0.0,180.1,70.0,63.0,760.0,172.0,26.0,2.0,12.0,51.0,2.0,14.0,125.0,0.0,3.0,3.14,4.26,1.24,153.1,114.0,5.41,1.41,65000
22,23.0,김광현,1988-07-22,SSG Landers,2018,25.0,0.0,0.0,25.0,11.0,8.0,0.0,0.0,136.0,48.0,45.0,554.0,125.0,16.0,2.0,16.0,30.0,0.0,2.0,130.0,0.0,3.0,2.98,4.16,1.14,176.5,127.4,5.26,1.91,85000
22,23.0,김광현,1988-07-22,SSG Landers,2018,25.0,0.0,0.0,25.0,11.0,8.0,0.0,0.0,136.0,48.0,45.0,554.0,125.0,16.0,2.0,16.0,30.0,0.0,2.0,130.0,0.0,3.0,2.98,4.16,1.14,176.5,127.4,5.26,1.91,4200
22,23.0,김광현,1988-07-22,SSG Landers,2018,25.0,0.0,0.0,25.0,11.0,8.0,0.0,0.0,136.0,48.0,45.0,554.0,125.0,16.0,2.0,16.0,30.0,0.0,2.0,130.0,0.0,3.0,2.98,4.16,1.14,176.5,127.4,5.26,1.91,70000
22,23.0,김광현,1988-07-22,SSG Landers,2018,25.0,0.0,0.0,25.0,11.0,8.0,0.0,0.0,136.0,48.0,45.0,554.0,125.0,16.0,2.0,16.0,30.0,0.0,2.0,130.0,0.0,3.0,2.98,4.16,1.14,176.5,127.4,5.26,1.91,40000
23,24.0,피어밴드,1985-08-22,KT Wiz,2017,26.0,1.0,1.0,26.0,8.0,10.0,0.0,0.0,160.0,67.0,54.0,657.0,153.0,19.0,4.0,20.0,31.0,0.0,7.0,132.0,0.0,4.0,3.04,4.42,1.15,166.9,112.8,5.26,1.0,65000
23,24.0,피어밴드,1985-08-22,KT Wiz,2017,26.0,1.0,1.0,26.0,8.0,10.0,0.0,0.0,160.0,67.0,54.0,657.0,153.0,19.0,4.0,20.0,31.0,0.0,7.0,132.0,0.0,4.0,3.04,4.42,1.15,166.9,112.8,5.26,1.0,33000
23,24.0,피어밴드,1985-08-22,KT Wiz,2017,26.0,1.0,1.0,26.0,8.0,10.0,0.0,0.0,160.0,67.0,54.0,657.0,153.0,19.0,4.0,20.0,31.0,0.0,7.0,132.0,0.0,4.0,3.04,4.42,1.15,166.9,112.8,5.26,1.0,15000
24,25.0,양현종,1988-03-01,Kia Tigers,2018,29.0,3.0,0.0,29.0,13.0,11.0,0.0,0.0,184.1,88.0,85.0,772.0,199.0,33.0,0.0,21.0,43.0,1.0,2.0,152.0,0.0,5.0,4.15,4.38,1.31,123.7,117.9,5.21,-1.06,3400
24,25.0,양현종,1988-03-01,Kia Tigers,2018,29.0,3.0,0.0,29.0,13.0,11.0,0.0,0.0,184.1,88.0,85.0,772.0,199.0,33.0,0.0,21.0,43.0,1.0,2.0,152.0,0.0,5.0,4.15,4.38,1.31,123.7,117.9,5.21,-1.06,230000
24,25.0,양현종,1988-03-01,Kia Tigers,2018,29.0,3.0,0.0,29.0,13.0,11.0,0.0,0.0,184.1,88.0,85.0,772.0,199.0,33.0,0.0,21.0,43.0,1.0,2.0,152.0,0.0,5.0,4.15,4.38,1.31,123.7,117.9,5.21,-1.06,35000
24,25.0,양현종,1988-03-01,Kia Tigers,2018,29.0,3.0,0.0,29.0,13.0,11.0,0.0,0.0,184.1,88.0,85.0,772.0,199.0,33.0,0.0,21.0,43.0,1.0,2.0,152.0,0.0,5.0,4.15,4.38,1.31,123.7,117.9,5.21,-1.06,125000
25,26.0,밴헤켄,1979-07-31,Nexen Heroes,2015,32.0,0.0,0.0,32.0,15.0,8.0,0.0,0.0,196.2,92.0,79.0,825.0,190.0,36.0,3.0,14.0,67.0,1.0,1.0,193.0,0.0,16.0,3.62,3.6,1.31,137.7,137.6,5.12,0.54,0
25,26.0,밴헤켄,1979-07-31,Nexen Heroes,2015,32.0,0.0,0.0,32.0,15.0,8.0,0.0,0.0,196.2,92.0,79.0,825.0,190.0,36.0,3.0,14.0,67.0,1.0,1.0,193.0,0.0,16.0,3.62,3.6,1.31,137.7,137.6,5.12,0.54,7900
26,27.0,신재영,1989-11-18,Nexen Heroes,2016,30.0,0.0,0.0,30.0,15.0,7.0,0.0,0.0,168.2,76.0,73.0,718.0,192.0,35.0,6.0,19.0,21.0,0.0,11.0,99.0,1.0,2.0,3.9,4.65,1.26,134.8,111.3,5.08,1.09,2700
27,28.0,켈리,1988-10-14,SSG Landers,2017,30.0,0.0,0.0,30.0,16.0,7.0,0.0,0.0,190.0,85.0,76.0,815.0,204.0,38.0,3.0,16.0,45.0,2.0,11.0,189.0,1.0,9.0,3.6,3.69,1.31,139.8,136.9,5.06,1.6,100000
28,29.0,레일리,1988-06-29,Lotte Giants,2017,30.0,1.0,0.0,30.0,13.0,7.0,0.0,0.0,187.1,87.0,79.0,798.0,199.0,39.0,2.0,19.0,44.0,0.0,17.0,156.0,1.0,3.0,3.8,4.37,1.3,132.7,115.2,5.03,1.25,7500
28,29.0,레일리,1988-06-29,Lotte Giants,2017,30.0,1.0,0.0,30.0,13.0,7.0,0.0,0.0,187.1,87.0,79.0,798.0,199.0,39.0,2.0,19.0,44.0,0.0,17.0,156.0,1.0,3.0,3.8,4.37,1.3,132.7,115.2,5.03,1.25,50000
29,30.0,허프,1984-08-22,LG Twins,2017,19.0,2.0,0.0,17.0,6.0,4.0,0.0,0.0,124.2,37.0,33.0,490.0,100.0,20.0,2.0,7.0,14.0,0.0,2.0,98.0,0.0,2.0,2.38,3.28,0.91,203.3,148.5,4.96,2.93,6300
30,31.0,소사,1985-07-28,LG Twins,2018,27.0,1.0,1.0,27.0,9.0,9.0,0.0,0.0,181.1,83.0,71.0,760.0,192.0,44.0,1.0,16.0,28.0,1.0,4.0,181.0,0.0,6.0,3.52,3.5,1.21,143.2,143.3,4.95,0.16,5200
30,31.0,소사,1985-07-28,LG Twins,2018,27.0,1.0,1.0,27.0,9.0,9.0,0.0,0.0,181.1,83.0,71.0,760.0,192.0,44.0,1.0,16.0,28.0,1.0,4.0,181.0,0.0,6.0,3.52,3.5,1.21,143.2,143.3,4.95,0.16,20000
30,31.0,소사,1985-07-28,LG Twins,2018,27.0,1.0,1.0,27.0,9.0,9.0,0.0,0.0,181.1,83.0,71.0,760.0,192.0,44.0,1.0,16.0,28.0,1.0,4.0,181.0,0.0,6.0,3.52,3.5,1.21,143.2,143.3,4.95,0.16,12000
30,31.0,소사,1985-07-28,LG Twins,2018,27.0,1.0,1.0,27.0,9.0,9.0,0.0,0.0,181.1,83.0,71.0,760.0,192.0,44.0,1.0,16.0,28.0,1.0,4.0,181.0,0.0,6.0,3.52,3.5,1.21,143.2,143.3,4.95,0.16,7000
31,32.0,우규민,1985-01-21,LG Twins,2015,25.0,1.0,0.0,25.0,11.0,9.0,0.0,0.0,152.2,64.0,58.0,621.0,163.0,26.0,5.0,13.0,17.0,0.0,12.0,119.0,0.0,2.0,3.42,3.73,1.18,137.3,125.5,4.95,0.99,0
31,32.0,우규민,1985-01-21,LG Twins,2015,25.0,1.0,0.0,25.0,11.0,9.0,0.0,0.0,152.2,64.0,58.0,621.0,163.0,26.0,5.0,13.0,17.0,0.0,12.0,119.0,0.0,2.0,3.42,3.73,1.18,137.3,125.5,4.95,0.99,11000
32,33.0,해커,1983-03-26,NC Dinos,2016,23.0,0.0,0.0,23.0,13.0,3.0,0.0,0.0,140.2,57.0,54.0,587.0,132.0,18.0,1.0,14.0,31.0,0.0,10.0,119.0,0.0,5.0,3.45,4.27,1.16,147.3,120.5,4.88,0.54,40000
32,33.0,해커,1983-03-26,NC Dinos,2016,23.0,0.0,0.0,23.0,13.0,3.0,0.0,0.0,140.2,57.0,54.0,587.0,132.0,18.0,1.0,14.0,31.0,0.0,10.0,119.0,0.0,5.0,3.45,4.27,1.16,147.3,120.5,4.88,0.54,2900
32,33.0,해커,1983-03-26,NC Dinos,2016,23.0,0.0,0.0,23.0,13.0,3.0,0.0,0.0,140.2,57.0,54.0,587.0,132.0,18.0,1.0,14.0,31.0,0.0,10.0,119.0,0.0,5.0,3.45,4.27,1.16,147.3,120.5,4.88,0.54,2700
34,35.0,니퍼트,1981-05-06,Kia Tigers,2018,29.0,0.0,0.0,28.0,8.0,8.0,0.0,0.0,175.2,88.0,83.0,765.0,209.0,33.0,4.0,26.0,39.0,2.0,9.0,165.0,0.0,9.0,4.25,4.66,1.41,124.6,111.4,4.74,-0.06,6000
34,35.0,니퍼트,1981-05-06,Kia Tigers,2018,29.0,0.0,0.0,28.0,8.0,8.0,0.0,0.0,175.2,88.0,83.0,765.0,209.0,33.0,4.0,26.0,39.0,2.0,9.0,165.0,0.0,9.0,4.25,4.66,1.41,124.6,111.4,4.74,-0.06,65000
34,35.0,니퍼트,1981-05-06,Kia Tigers,2018,29.0,0.0,0.0,28.0,8.0,8.0,0.0,0.0,175.2,88.0,83.0,765.0,209.0,33.0,4.0,26.0,39.0,2.0,9.0,165.0,0.0,9.0,4.25,4.66,1.41,124.6,111.4,4.74,-0.06,80000
36,37.0,루친스키,1988-12-30,NC Dinos,2019,30.0,2.0,0.0,30.0,9.0,9.0,0.0,0.0,177.1,68.0,60.0,731.0,164.0,20.0,1.0,13.0,45.0,0.0,11.0,119.0,0.0,7.0,3.05,3.96,1.18,138.4,106.6,4.64,2.51,110000
36,37.0,루친스키,1988-12-30,NC Dinos,2019,30.0,2.0,0.0,30.0,9.0,9.0,0.0,0.0,177.1,68.0,60.0,731.0,164.0,20.0,1.0,13.0,45.0,0.0,11.0,119.0,0.0,7.0,3.05,3.96,1.18,138.4,106.6,4.64,2.51,117000
37,38.0,박세웅,1995-11-30,Lotte Giants,2017,28.0,0.0,0.0,28.0,12.0,6.0,0.0,0.0,171.1,74.0,70.0,725.0,170.0,25.0,1.0,21.0,56.0,2.0,9.0,117.0,0.0,7.0,3.68,5.07,1.32,137.0,99.3,4.63,1.23,18000
38,39.0,구창모,1997-02-17,NC Dinos,2020,15.0,0.0,0.0,14.0,9.0,0.0,0.0,1.0,93.1,20.0,18.0,348.0,58.0,12.0,0.0,7.0,18.0,0.0,0.0,102.0,0.0,2.0,1.74,2.92,0.81,281.5,165.6,4.62,2.8,12500
38,39.0,구창모,1997-02-17,NC Dinos,2020,15.0,0.0,0.0,14.0,9.0,0.0,0.0,1.0,93.1,20.0,18.0,348.0,58.0,12.0,0.0,7.0,18.0,0.0,0.0,102.0,0.0,2.0,1.74,2.92,0.81,281.5,165.6,4.62,2.8,22000
39,40.0,양현종,1988-03-01,Kia Tigers,2017,31.0,1.0,0.0,31.0,20.0,6.0,0.0,0.0,193.1,88.0,74.0,808.0,209.0,32.0,2.0,17.0,45.0,0.0,0.0,158.0,0.0,14.0,3.44,3.94,1.31,144.2,126.8,4.56,1.31,2700
39,40.0,양현종,1988-03-01,Kia Tigers,2017,31.0,1.0,0.0,31.0,20.0,6.0,0.0,0.0,193.1,88.0,74.0,808.0,209.0,32.0,2.0,17.0,45.0,0.0,0.0,158.0,0.0,14.0,3.44,3.94,1.31,144.2,126.8,4.56,1.31,150000
39,40.0,양현종,1988-03-01,Kia Tigers,2017,31.0,1.0,0.0,31.0,20.0,6.0,0.0,0.0,193.1,88.0,74.0,808.0,209.0,32.0,2.0,17.0,45.0,0.0,0.0,158.0,0.0,14.0,3.44,3.94,1.31,144.2,126.8,4.56,1.31,35000
40,41.0,해커,1983-03-26,NC Dinos,2017,26.0,1.0,0.0,26.0,12.0,7.0,0.0,0.0,160.1,64.0,61.0,672.0,159.0,19.0,2.0,14.0,29.0,1.0,14.0,97.0,2.0,6.0,3.42,4.45,1.17,144.8,112.4,4.5,1.4,11000
40,41.0,해커,1983-03-26,NC Dinos,2017,26.0,1.0,0.0,26.0,12.0,7.0,0.0,0.0,160.1,64.0,61.0,672.0,159.0,19.0,2.0,14.0,29.0,1.0,14.0,97.0,2.0,6.0,3.42,4.45,1.17,144.8,112.4,4.5,1.4,100000
40,41.0,해커,1983-03-26,NC Dinos,2017,26.0,1.0,0.0,26.0,12.0,7.0,0.0,0.0,160.1,64.0,61.0,672.0,159.0,19.0,2.0,14.0,29.0,1.0,14.0,97.0,2.0,6.0,3.42,4.45,1.17,144.8,112.4,4.5,1.4,4400
41,42.0,채드벨,1989-02-28,Hanwha Eagles,2019,29.0,0.0,0.0,29.0,11.0,10.0,0.0,0.0,177.1,73.0,69.0,749.0,169.0,33.0,2.0,14.0,63.0,0.0,10.0,134.0,1.0,8.0,3.5,4.15,1.31,118.3,100.2,4.49,1.53,120000
42,43.0,켈리,1988-10-14,SSG Landers,2015,30.0,1.0,0.0,29.0,11.0,10.0,0.0,0.0,181.0,87.0,83.0,775.0,188.0,28.0,1.0,16.0,54.0,1.0,5.0,139.0,2.0,9.0,4.13,4.19,1.34,117.0,115.8,4.4,-0.13,2700
42,43.0,켈리,1988-10-14,SSG Landers,2015,30.0,1.0,0.0,29.0,11.0,10.0,0.0,0.0,181.0,87.0,83.0,775.0,188.0,28.0,1.0,16.0,54.0,1.0,5.0,139.0,2.0,9.0,4.13,4.19,1.34,117.0,115.8,4.4,-0.13,100000
43,44.0,유희관,1986-06-01,Doosan Bears,2015,30.0,1.0,1.0,30.0,18.0,5.0,0.0,0.0,189.2,84.0,83.0,786.0,193.0,33.0,5.0,23.0,44.0,0.0,4.0,126.0,1.0,4.0,3.94,4.62,1.25,119.0,100.2,4.4,0.64,17400
43,44.0,유희관,1986-06-01,Doosan Bears,2015,30.0,1.0,1.0,30.0,18.0,5.0,0.0,0.0,189.2,84.0,83.0,786.0,193.0,33.0,5.0,23.0,44.0,0.0,4.0,126.0,1.0,4.0,3.94,4.62,1.25,119.0,100.2,4.4,0.64,18000
44,45.0,스튜어트,1986-09-28,NC Dinos,2015,19.0,0.0,0.0,19.0,8.0,2.0,0.0,0.0,117.2,37.0,35.0,488.0,116.0,16.0,1.0,7.0,26.0,0.0,6.0,109.0,1.0,4.0,2.68,3.35,1.21,179.0,145.5,4.32,1.46,25000
45,46.0,켈리,1989-10-04,LG Twins,2020,28.0,1.0,1.0,28.0,15.0,7.0,0.0,0.0,173.1,67.0,64.0,705.0,160.0,29.0,1.0,16.0,40.0,0.0,11.0,134.0,0.0,4.0,3.32,4.09,1.15,139.3,112.7,4.26,1.64,5900
45,46.0,켈리,1989-10-04,LG Twins,2020,28.0,1.0,1.0,28.0,15.0,7.0,0.0,0.0,173.1,67.0,64.0,705.0,160.0,29.0,1.0,16.0,40.0,0.0,11.0,134.0,0.0,4.0,3.32,4.09,1.15,139.3,112.7,4.26,1.64,15000
47,48.0,소사,1985-07-28,LG Twins,2015,32.0,2.0,1.0,30.0,10.0,12.0,0.0,1.0,194.1,102.0,87.0,809.0,199.0,39.0,7.0,16.0,36.0,0.0,5.0,177.0,1.0,6.0,4.03,3.5,1.21,116.5,134.0,4.23,-1.1,17000
47,48.0,소사,1985-07-28,LG Twins,2015,32.0,2.0,1.0,30.0,10.0,12.0,0.0,1.0,194.1,102.0,87.0,809.0,199.0,39.0,7.0,16.0,36.0,0.0,5.0,177.0,1.0,6.0,4.03,3.5,1.21,116.5,134.0,4.23,-1.1,7000
47,48.0,소사,1985-07-28,LG Twins,2015,32.0,2.0,1.0,30.0,10.0,12.0,0.0,1.0,194.1,102.0,87.0,809.0,199.0,39.0,7.0,16.0,36.0,0.0,5.0,177.0,1.0,6.0,4.03,3.5,1.21,116.5,134.0,4.23,-1.1,6800
51,52.0,소사,1985-07-28,LG Twins,2017,30.0,2.0,1.0,29.0,11.0,11.0,1.0,0.0,185.1,86.0,80.0,769.0,189.0,36.0,9.0,11.0,38.0,0.0,3.0,153.0,0.0,3.0,3.88,3.52,1.23,124.7,138.2,4.17,0.5,15000
51,52.0,소사,1985-07-28,LG Twins,2017,30.0,2.0,1.0,29.0,11.0,11.0,1.0,0.0,185.1,86.0,80.0,769.0,189.0,36.0,9.0,11.0,38.0,0.0,3.0,153.0,0.0,3.0,3.88,3.52,1.23,124.7,138.2,4.17,0.5,6000
51,52.0,소사,1985-07-28,LG Twins,2017,30.0,2.0,1.0,29.0,11.0,11.0,1.0,0.0,185.1,86.0,80.0,769.0,189.0,36.0,9.0,11.0,38.0,0.0,3.0,153.0,0.0,3.0,3.88,3.52,1.23,124.7,138.2,4.17,0.5,10000
51,52.0,소사,1985-07-28,LG Twins,2017,30.0,2.0,1.0,29.0,11.0,11.0,1.0,0.0,185.1,86.0,80.0,769.0,189.0,36.0,9.0,11.0,38.0,0.0,3.0,153.0,0.0,3.0,3.88,3.52,1.23,124.7,138.2,4.17,0.5,3000
52,53.0,피어밴드,1985-08-22,KT Wiz,2016,31.0,0.0,0.0,30.0,7.0,13.0,0.0,0.0,182.0,97.0,90.0,803.0,231.0,39.0,1.0,23.0,48.0,0.0,10.0,144.0,3.0,6.0,4.45,4.81,1.53,117.8,108.1,4.16,-1.34,65000
52,53.0,피어밴드,1985-08-22,KT Wiz,2016,31.0,0.0,0.0,30.0,7.0,13.0,0.0,0.0,182.0,97.0,90.0,803.0,231.0,39.0,1.0,23.0,48.0,0.0,10.0,144.0,3.0,6.0,4.45,4.81,1.53,117.8,108.1,4.16,-1.34,30000
52,53.0,피어밴드,1985-08-22,KT Wiz,2016,31.0,0.0,0.0,30.0,7.0,13.0,0.0,0.0,182.0,97.0,90.0,803.0,231.0,39.0,1.0,23.0,48.0,0.0,10.0,144.0,3.0,6.0,4.45,4.81,1.53,117.8,108.1,4.16,-1.34,6500
53,54.0,유희관,1986-06-01,Doosan Bears,2016,30.0,0.0,0.0,29.0,15.0,6.0,0.0,0.0,185.2,95.0,91.0,809.0,212.0,39.0,3.0,22.0,58.0,0.0,6.0,102.0,0.0,5.0,4.41,5.27,1.45,115.9,94.9,4.13,-0.36,17400
53,54.0,유희관,1986-06-01,Doosan Bears,2016,30.0,0.0,0.0,29.0,15.0,6.0,0.0,0.0,185.2,95.0,91.0,809.0,212.0,39.0,3.0,22.0,58.0,0.0,6.0,102.0,0.0,5.0,4.41,5.27,1.45,115.9,94.9,4.13,-0.36,18000
54,55.0,윤성환,1981-10-08,Samsung Lions,2016,28.0,1.0,0.0,28.0,11.0,10.0,0.0,0.0,180.0,95.0,87.0,767.0,202.0,35.0,3.0,25.0,41.0,0.0,13.0,85.0,1.0,6.0,4.35,5.55,1.35,121.2,93.9,4.13,-1.03,10000
54,55.0,윤성환,1981-10-08,Samsung Lions,2016,28.0,1.0,0.0,28.0,11.0,10.0,0.0,0.0,180.0,95.0,87.0,767.0,202.0,35.0,3.0,25.0,41.0,0.0,13.0,85.0,1.0,6.0,4.35,5.55,1.35,121.2,93.9,4.13,-1.03,14000
54,55.0,윤성환,1981-10-08,Samsung Lions,2016,28.0,1.0,0.0,28.0,11.0,10.0,0.0,0.0,180.0,95.0,87.0,767.0,202.0,35.0,3.0,25.0,41.0,0.0,13.0,85.0,1.0,6.0,4.35,5.55,1.35,121.2,93.9,4.13,-1.03,2700
57,58.0,레일리,1988-06-29,Lotte Giants,2019,30.0,0.0,0.0,30.0,5.0,14.0,0.0,0.0,181.0,88.0,78.0,791.0,191.0,32.0,4.0,10.0,65.0,1.0,8.0,140.0,1.0,10.0,3.88,3.77,1.41,108.1,111.1,4.08,0.2,0
57,58.0,레일리,1988-06-29,Lotte Giants,2019,30.0,0.0,0.0,30.0,5.0,14.0,0.0,0.0,181.0,88.0,78.0,791.0,191.0,32.0,4.0,10.0,65.0,1.0,8.0,140.0,1.0,10.0,3.88,3.77,1.41,108.1,111.1,4.08,0.2,7600
57,58.0,레일리,1988-06-29,Lotte Giants,2019,30.0,0.0,0.0,30.0,5.0,14.0,0.0,0.0,181.0,88.0,78.0,791.0,191.0,32.0,4.0,10.0,65.0,1.0,8.0,140.0,1.0,10.0,3.88,3.77,1.41,108.1,111.1,4.08,0.2,50000
58,59.0,켈리,1989-10-04,LG Twins,2019,29.0,0.0,0.0,29.0,14.0,12.0,0.0,0.0,180.1,70.0,51.0,747.0,164.0,33.0,3.0,7.0,41.0,0.0,16.0,126.0,0.0,12.0,2.55,3.46,1.14,161.3,118.7,3.98,2.39,0
58,59.0,켈리,1989-10-04,LG Twins,2019,29.0,0.0,0.0,29.0,14.0,12.0,0.0,0.0,180.1,70.0,51.0,747.0,164.0,33.0,3.0,7.0,41.0,0.0,16.0,126.0,0.0,12.0,2.55,3.46,1.14,161.3,118.7,3.98,2.39,15000
59,60.0,김광현,1988-07-22,SSG Landers,2015,30.0,1.0,1.0,29.0,14.0,6.0,0.0,1.0,176.2,86.0,73.0,754.0,173.0,33.0,0.0,19.0,66.0,2.0,3.0,160.0,0.0,10.0,3.72,4.34,1.35,129.9,111.8,3.96,1.89,75000
59,60.0,김광현,1988-07-22,SSG Landers,2015,30.0,1.0,1.0,29.0,14.0,6.0,0.0,1.0,176.2,86.0,73.0,754.0,173.0,33.0,0.0,19.0,66.0,2.0,3.0,160.0,0.0,10.0,3.72,4.34,1.35,129.9,111.8,3.96,1.89,40000
59,60.0,김광현,1988-07-22,SSG Landers,2015,30.0,1.0,1.0,29.0,14.0,6.0,0.0,1.0,176.2,86.0,73.0,754.0,173.0,33.0,0.0,19.0,66.0,2.0,3.0,160.0,0.0,10.0,3.72,4.34,1.35,129.9,111.8,3.96,1.89,40000
60,61.0,이용찬,1989-01-02,Doosan Bears,2018,25.0,1.0,0.0,24.0,15.0,3.0,0.0,0.0,144.0,62.0,58.0,608.0,151.0,24.0,1.0,14.0,36.0,2.0,8.0,102.0,0.0,6.0,3.63,4.56,1.3,139.4,110.8,3.91,0.45,29000
61,62.0,윤성환,1981-10-08,Samsung Lions,2015,30.0,3.0,1.0,30.0,17.0,8.0,0.0,0.0,194.0,86.0,81.0,809.0,199.0,34.0,4.0,27.0,30.0,0.0,10.0,164.0,0.0,1.0,3.76,4.35,1.18,131.4,112.8,3.91,0.67,14000
61,62.0,윤성환,1981-10-08,Samsung Lions,2015,30.0,3.0,1.0,30.0,17.0,8.0,0.0,0.0,194.0,86.0,81.0,809.0,199.0,34.0,4.0,27.0,30.0,0.0,10.0,164.0,0.0,1.0,3.76,4.35,1.18,131.4,112.8,3.91,0.67,10000
62,63.0,켈리,1988-10-14,SSG Landers,2018,28.0,0.0,0.0,28.0,12.0,7.0,0.0,0.0,158.1,78.0,72.0,674.0,152.0,28.0,3.0,18.0,47.0,1.0,13.0,161.0,2.0,5.0,4.09,4.4,1.26,128.5,120.4,3.89,-0.45,0
62,63.0,켈리,1988-10-14,SSG Landers,2018,28.0,0.0,0.0,28.0,12.0,7.0,0.0,0.0,158.1,78.0,72.0,674.0,152.0,28.0,3.0,18.0,47.0,1.0,13.0,161.0,2.0,5.0,4.09,4.4,1.26,128.5,120.4,3.89,-0.45,2700
62,63.0,켈리,1988-10-14,SSG Landers,2018,28.0,0.0,0.0,28.0,12.0,7.0,0.0,0.0,158.1,78.0,72.0,674.0,152.0,28.0,3.0,18.0,47.0,1.0,13.0,161.0,2.0,5.0,4.09,4.4,1.26,128.5,120.4,3.89,-0.45,100000
63,64.0,고우석,1998-08-06,LG Twins,2019,64.0,0.0,0.0,0.0,8.0,2.0,34.0,1.0,70.0,13.0,12.0,284.0,47.0,7.0,1.0,4.0,29.0,4.0,4.0,76.0,0.0,2.0,1.54,3.22,1.09,266.1,126.7,3.89,3.58,45000
64,65.0,윤석민,1986-07-24,Kia Tigers,2015,51.0,0.0,0.0,0.0,2.0,6.0,30.0,0.0,70.0,23.0,23.0,297.0,69.0,11.0,4.0,4.0,24.0,7.0,2.0,68.0,0.0,1.0,2.96,3.23,1.33,166.8,155.3,3.87,1.59,2700
65,66.0,레일리,1988-06-29,Lotte Giants,2015,31.0,1.0,0.0,30.0,11.0,9.0,0.0,0.0,179.1,93.0,78.0,768.0,182.0,27.0,2.0,20.0,57.0,2.0,15.0,134.0,2.0,13.0,3.91,4.74,1.33,128.8,103.9,3.87,0.72,3600
65,66.0,레일리,1988-06-29,Lotte Giants,2015,31.0,1.0,0.0,30.0,11.0,9.0,0.0,0.0,179.1,93.0,78.0,768.0,182.0,27.0,2.0,20.0,57.0,2.0,15.0,134.0,2.0,13.0,3.91,4.74,1.33,128.8,103.9,3.87,0.72,40000
66,67.0,문승원,1989-11-28,SSG Landers,2020,25.0,1.0,0.0,25.0,6.0,8.0,0.0,0.0,145.2,64.0,59.0,610.0,136.0,29.0,0.0,13.0,45.0,0.0,6.0,117.0,0.0,2.0,3.65,4.16,1.24,132.3,117.1,3.82,0.65,10000
67,68.0,정우람,1985-06-01,Hanwha Eagles,2019,57.0,0.0,0.0,0.0,4.0,3.0,26.0,0.0,58.1,11.0,10.0,237.0,57.0,8.0,0.0,4.0,16.0,4.0,1.0,48.0,1.0,2.0,1.54,3.32,1.25,268.5,125.1,3.82,2.59,40000
67,68.0,정우람,1985-06-01,Hanwha Eagles,2019,57.0,0.0,0.0,0.0,4.0,3.0,26.0,0.0,58.1,11.0,10.0,237.0,57.0,8.0,0.0,4.0,16.0,4.0,1.0,48.0,1.0,2.0,1.54,3.32,1.25,268.5,125.1,3.82,2.59,10000
67,68.0,정우람,1985-06-01,Hanwha Eagles,2019,57.0,0.0,0.0,0.0,4.0,3.0,26.0,0.0,58.1,11.0,10.0,237.0,57.0,8.0,0.0,4.0,16.0,4.0,1.0,48.0,1.0,2.0,1.54,3.32,1.25,268.5,125.1,3.82,2.59,23000
67,68.0,정우람,1985-06-01,Hanwha Eagles,2019,57.0,0.0,0.0,0.0,4.0,3.0,26.0,0.0,58.1,11.0,10.0,237.0,57.0,8.0,0.0,4.0,16.0,4.0,1.0,48.0,1.0,2.0,1.54,3.32,1.25,268.5,125.1,3.82,2.59,7100
69,70.0,피어밴드,1985-08-22,Kia Tigers,2018,27.0,1.0,0.0,26.0,8.0,8.0,0.0,0.0,163.1,90.0,78.0,707.0,186.0,27.0,1.0,24.0,38.0,0.0,6.0,141.0,0.0,5.0,4.3,4.83,1.37,123.3,107.7,3.78,-1.28,2700
70,71.0,윤성환,1981-10-08,Samsung Lions,2017,28.0,1.0,0.0,28.0,12.0,9.0,0.0,0.0,174.1,86.0,83.0,731.0,181.0,39.0,4.0,22.0,37.0,0.0,15.0,130.0,0.0,3.0,4.28,4.78,1.25,118.4,105.4,3.73,0.77,7000
70,71.0,윤성환,1981-10-08,Samsung Lions,2017,28.0,1.0,0.0,28.0,12.0,9.0,0.0,0.0,174.1,86.0,83.0,731.0,181.0,39.0,4.0,22.0,37.0,0.0,15.0,130.0,0.0,3.0,4.28,4.78,1.25,118.4,105.4,3.73,0.77,21000
70,71.0,윤성환,1981-10-08,Samsung Lions,2017,28.0,1.0,0.0,28.0,12.0,9.0,0.0,0.0,174.1,86.0,83.0,731.0,181.0,39.0,4.0,22.0,37.0,0.0,15.0,130.0,0.0,3.0,4.28,4.78,1.25,118.4,105.4,3.73,0.77,3000
71,72.0,류제국,1983-05-30,LG Twins,2016,29.0,1.0,1.0,29.0,13.0,11.0,0.0,0.0,161.1,83.0,77.0,701.0,152.0,25.0,0.0,14.0,70.0,0.0,21.0,138.0,0.0,13.0,4.3,4.9,1.38,118.4,102.5,3.7,-0.55,45000
71,72.0,류제국,1983-05-30,LG Twins,2016,29.0,1.0,1.0,29.0,13.0,11.0,0.0,0.0,161.1,83.0,77.0,701.0,152.0,25.0,0.0,14.0,70.0,0.0,21.0,138.0,0.0,13.0,4.3,4.9,1.38,118.4,102.5,3.7,-0.55,5100
72,73.0,김광현,1988-07-22,SSG Landers,2016,27.0,1.0,0.0,21.0,11.0,8.0,0.0,1.0,137.0,68.0,59.0,583.0,139.0,21.0,2.0,17.0,41.0,2.0,6.0,116.0,0.0,3.0,3.88,4.7,1.31,134.7,111.7,3.69,-0.94,40000
72,73.0,김광현,1988-07-22,SSG Landers,2016,27.0,1.0,0.0,21.0,11.0,8.0,0.0,1.0,137.0,68.0,59.0,583.0,139.0,21.0,2.0,17.0,41.0,2.0,6.0,116.0,0.0,3.0,3.88,4.7,1.31,134.7,111.7,3.69,-0.94,75000
72,73.0,김광현,1988-07-22,SSG Landers,2016,27.0,1.0,0.0,21.0,11.0,8.0,0.0,1.0,137.0,68.0,59.0,583.0,139.0,21.0,2.0,17.0,41.0,2.0,6.0,116.0,0.0,3.0,3.88,4.7,1.31,134.7,111.7,3.69,-0.94,40000
73,74.0,브리검,1988-02-10,Kiwoom Heroes,2019,28.0,0.0,0.0,28.0,13.0,5.0,0.0,0.0,158.1,62.0,52.0,669.0,148.0,32.0,2.0,5.0,46.0,0.0,12.0,130.0,1.0,7.0,2.96,3.27,1.23,140.0,126.9,3.69,1.21,13000
73,74.0,브리검,1988-02-10,Kiwoom Heroes,2019,28.0,0.0,0.0,28.0,13.0,5.0,0.0,0.0,158.1,62.0,52.0,669.0,148.0,32.0,2.0,5.0,46.0,0.0,12.0,130.0,1.0,7.0,2.96,3.27,1.23,140.0,126.9,3.69,1.21,15000
73,74.0,브리검,1988-02-10,Kiwoom Heroes,2019,28.0,0.0,0.0,28.0,13.0,5.0,0.0,0.0,158.1,62.0,52.0,669.0,148.0,32.0,2.0,5.0,46.0,0.0,12.0,130.0,1.0,7.0,2.96,3.27,1.23,140.0,126.9,3.69,1.21,0
74,75.0,옥스프링,1977-05-13,KT Wiz,2015,31.0,3.0,0.0,31.0,12.0,10.0,0.0,0.0,185.0,104.0,92.0,806.0,200.0,33.0,0.0,23.0,66.0,0.0,10.0,142.0,0.0,5.0,4.48,4.93,1.44,112.3,99.2,3.68,-2.22,8500
75,76.0,최원태,1997-01-07,Nexen Heroes,2018,23.0,1.0,0.0,23.0,13.0,7.0,0.0,0.0,134.1,62.0,59.0,577.0,144.0,28.0,0.0,8.0,35.0,0.0,11.0,101.0,0.0,3.0,3.95,4.13,1.33,130.4,124.5,3.66,0.77,7300
75,76.0,최원태,1997-01-07,Nexen Heroes,2018,23.0,1.0,0.0,23.0,13.0,7.0,0.0,0.0,134.1,62.0,59.0,577.0,144.0,28.0,0.0,8.0,35.0,0.0,11.0,101.0,0.0,3.0,3.95,4.13,1.33,130.4,124.5,3.66,0.77,15000
76,77.0,유희관,1986-06-01,Doosan Bears,2019,28.0,2.0,0.0,27.0,11.0,8.0,0.0,0.0,166.1,67.0,60.0,692.0,171.0,37.0,2.0,8.0,42.0,3.0,3.0,64.0,0.0,2.0,3.25,4.02,1.28,126.5,102.3,3.55,1.7,0
76,77.0,유희관,1986-06-01,Doosan Bears,2019,28.0,2.0,0.0,27.0,11.0,8.0,0.0,0.0,166.1,67.0,60.0,692.0,171.0,37.0,2.0,8.0,42.0,3.0,3.0,64.0,0.0,2.0,3.25,4.02,1.28,126.5,102.3,3.55,1.7,25000
76,77.0,유희관,1986-06-01,Doosan Bears,2019,28.0,2.0,0.0,27.0,11.0,8.0,0.0,0.0,166.1,67.0,60.0,692.0,171.0,37.0,2.0,8.0,42.0,3.0,3.0,64.0,0.0,2.0,3.25,4.02,1.28,126.5,102.3,3.55,1.7,10000
77,78.0,레일리,1988-06-29,Lotte Giants,2016,31.0,1.0,1.0,31.0,8.0,10.0,0.0,0.0,184.2,105.0,89.0,808.0,207.0,36.0,4.0,21.0,51.0,1.0,17.0,147.0,2.0,5.0,4.34,4.77,1.4,120.5,109.6,3.52,-1.55,3600
77,78.0,레일리,1988-06-29,Lotte Giants,2016,31.0,1.0,1.0,31.0,8.0,10.0,0.0,0.0,184.2,105.0,89.0,808.0,207.0,36.0,4.0,21.0,51.0,1.0,17.0,147.0,2.0,5.0,4.34,4.77,1.4,120.5,109.6,3.52,-1.55,40000
78,79.0,플렉센,1994-07-01,Doosan Bears,2020,21.0,0.0,0.0,21.0,8.0,4.0,0.0,0.0,116.2,43.0,39.0,472.0,97.0,14.0,0.0,6.0,30.0,2.0,2.0,132.0,0.0,5.0,3.01,2.73,1.09,154.0,169.7,3.51,1.01,27500
79,80.0,박종훈,1991-08-13,SSG Landers,2017,29.0,0.0,0.0,28.0,12.0,7.0,0.0,1.0,151.1,74.0,69.0,664.0,145.0,26.0,0.0,16.0,61.0,1.0,25.0,107.0,0.0,4.0,4.1,5.38,1.36,122.7,93.8,3.48,0.23,3000
79,80.0,박종훈,1991-08-13,SSG Landers,2017,29.0,0.0,0.0,28.0,12.0,7.0,0.0,1.0,151.1,74.0,69.0,664.0,145.0,26.0,0.0,16.0,61.0,1.0,25.0,107.0,0.0,4.0,4.1,5.38,1.36,122.7,93.8,3.48,0.23,18000
80,81.0,팻딘,1989-05-25,Kia Tigers,2017,30.0,1.0,0.0,29.0,9.0,7.0,0.0,0.0,176.0,86.0,81.0,770.0,211.0,39.0,3.0,22.0,39.0,1.0,16.0,143.0,0.0,3.0,4.14,4.66,1.42,120.0,107.3,3.46,0.5,2700
82,83.0,니퍼트,1981-05-06,Doosan Bears,2017,30.0,0.0,0.0,30.0,14.0,8.0,0.0,0.0,179.2,88.0,81.0,782.0,175.0,35.0,5.0,20.0,77.0,0.0,10.0,161.0,0.0,13.0,4.06,4.84,1.4,118.6,99.2,3.44,0.34,25000
82,83.0,니퍼트,1981-05-06,Doosan Bears,2017,30.0,0.0,0.0,30.0,14.0,8.0,0.0,0.0,179.2,88.0,81.0,782.0,175.0,35.0,5.0,20.0,77.0,0.0,10.0,161.0,0.0,13.0,4.06,4.84,1.4,118.6,99.2,3.44,0.34,80000
82,83.0,니퍼트,1981-05-06,Doosan Bears,2017,30.0,0.0,0.0,30.0,14.0,8.0,0.0,0.0,179.2,88.0,81.0,782.0,175.0,35.0,5.0,20.0,77.0,0.0,10.0,161.0,0.0,13.0,4.06,4.84,1.4,118.6,99.2,3.44,0.34,4000
84,85.0,윌슨,1989-09-25,LG Twins,2019,30.0,1.0,0.0,30.0,14.0,7.0,0.0,0.0,185.0,77.0,60.0,763.0,171.0,27.0,2.0,7.0,43.0,1.0,11.0,137.0,0.0,6.0,2.92,3.27,1.16,140.6,125.4,3.4,1.88,85000
85,86.0,최원태,1997-01-07,Nexen Heroes,2017,25.0,0.0,0.0,25.0,11.0,7.0,0.0,0.0,149.1,76.0,74.0,637.0,161.0,24.0,3.0,19.0,34.0,0.0,12.0,126.0,1.0,5.0,4.46,4.63,1.31,111.5,105.6,3.39,0.7,4700
85,86.0,최원태,1997-01-07,Nexen Heroes,2017,25.0,0.0,0.0,25.0,11.0,7.0,0.0,0.0,149.1,76.0,74.0,637.0,161.0,24.0,3.0,19.0,34.0,0.0,12.0,126.0,1.0,5.0,4.46,4.63,1.31,111.5,105.6,3.39,0.7,8300
86,87.0,박종훈,1991-08-13,SSG Landers,2018,30.0,0.0,0.0,30.0,14.0,8.0,0.0,0.0,159.1,81.0,74.0,702.0,158.0,31.0,3.0,16.0,54.0,0.0,20.0,133.0,0.0,3.0,4.18,4.86,1.33,125.8,108.3,3.38,-0.38,4500
86,87.0,박종훈,1991-08-13,SSG Landers,2018,30.0,0.0,0.0,30.0,14.0,8.0,0.0,0.0,159.1,81.0,74.0,702.0,158.0,31.0,3.0,16.0,54.0,0.0,20.0,133.0,0.0,3.0,4.18,4.86,1.33,125.8,108.3,3.38,-0.38,2900
86,87.0,박종훈,1991-08-13,SSG Landers,2018,30.0,0.0,0.0,30.0,14.0,8.0,0.0,0.0,159.1,81.0,74.0,702.0,158.0,31.0,3.0,16.0,54.0,0.0,20.0,133.0,0.0,3.0,4.18,4.86,1.33,125.8,108.3,3.38,-0.38,23000
87,88.0,조상우,1994-09-04,Nexen Heroes,2015,70.0,0.0,0.0,0.0,8.0,5.0,5.0,19.0,93.1,36.0,32.0,382.0,65.0,15.0,2.0,4.0,41.0,1.0,6.0,89.0,0.0,7.0,3.09,3.74,1.14,161.3,131.8,3.36,0.55,13000
90,91.0,밴헤켄,1979-07-31,Nexen Heroes,2017,24.0,0.0,0.0,24.0,8.0,7.0,0.0,0.0,138.1,68.0,58.0,591.0,140.0,24.0,1.0,13.0,42.0,0.0,2.0,139.0,0.0,4.0,3.77,3.9,1.32,131.8,125.7,3.29,-0.42,0
90,91.0,밴헤켄,1979-07-31,Nexen Heroes,2017,24.0,0.0,0.0,24.0,8.0,7.0,0.0,0.0,138.1,68.0,58.0,591.0,140.0,24.0,1.0,13.0,42.0,0.0,2.0,139.0,0.0,4.0,3.77,3.9,1.32,131.8,125.7,3.29,-0.42,10000
90,91.0,밴헤켄,1979-07-31,Nexen Heroes,2017,24.0,0.0,0.0,24.0,8.0,7.0,0.0,0.0,138.1,68.0,58.0,591.0,140.0,24.0,1.0,13.0,42.0,0.0,2.0,139.0,0.0,4.0,3.77,3.9,1.32,131.8,125.7,3.29,-0.42,7300
91,92.0,정우람,1985-06-01,Hanwha Eagles,2016,61.0,0.0,0.0,0.0,8.0,5.0,16.0,1.0,81.0,33.0,30.0,331.0,64.0,14.0,1.0,7.0,26.0,6.0,4.0,85.0,1.0,5.0,3.33,3.71,1.11,157.5,141.0,3.26,1.95,3700
91,92.0,정우람,1985-06-01,Hanwha Eagles,2016,61.0,0.0,0.0,0.0,8.0,5.0,16.0,1.0,81.0,33.0,30.0,331.0,64.0,14.0,1.0,7.0,26.0,6.0,4.0,85.0,1.0,5.0,3.33,3.71,1.11,157.5,141.0,3.26,1.95,40000
91,92.0,정우람,1985-06-01,Hanwha Eagles,2016,61.0,0.0,0.0,0.0,8.0,5.0,16.0,1.0,81.0,33.0,30.0,331.0,64.0,14.0,1.0,7.0,26.0,6.0,4.0,85.0,1.0,5.0,3.33,3.71,1.11,157.5,141.0,3.26,1.95,60000
92,93.0,임창민,1985-08-25,NC Dinos,2016,65.0,0.0,0.0,0.0,1.0,3.0,26.0,6.0,70.0,22.0,20.0,302.0,61.0,9.0,0.0,5.0,30.0,0.0,5.0,91.0,1.0,8.0,2.57,3.62,1.3,198.0,141.3,3.25,1.69,8900
93,94.0,정우람,1985-06-01,SSG Landers,2015,69.0,0.0,0.0,0.0,7.0,5.0,16.0,11.0,70.0,25.0,25.0,287.0,52.0,12.0,0.0,3.0,28.0,5.0,1.0,90.0,0.0,3.0,3.21,2.63,1.14,150.3,181.6,3.24,1.38,3700
93,94.0,정우람,1985-06-01,SSG Landers,2015,69.0,0.0,0.0,0.0,7.0,5.0,16.0,11.0,70.0,25.0,25.0,287.0,52.0,12.0,0.0,3.0,28.0,5.0,1.0,90.0,0.0,3.0,3.21,2.63,1.14,150.3,181.6,3.24,1.38,40000
93,94.0,정우람,1985-06-01,SSG Landers,2015,69.0,0.0,0.0,0.0,7.0,5.0,16.0,11.0,70.0,25.0,25.0,287.0,52.0,12.0,0.0,3.0,28.0,5.0,1.0,90.0,0.0,3.0,3.21,2.63,1.14,150.3,181.6,3.24,1.38,30000
93,94.0,정우람,1985-06-01,SSG Landers,2015,69.0,0.0,0.0,0.0,7.0,5.0,16.0,11.0,70.0,25.0,25.0,287.0,52.0,12.0,0.0,3.0,28.0,5.0,1.0,90.0,0.0,3.0,3.21,2.63,1.14,150.3,181.6,3.24,1.38,60000
94,95.0,함덕주,1995-01-13,Doosan Bears,2017,35.0,0.0,0.0,24.0,9.0,8.0,0.0,2.0,137.1,61.0,56.0,598.0,128.0,27.0,1.0,8.0,64.0,2.0,4.0,139.0,1.0,3.0,3.67,3.91,1.4,131.2,124.2,3.22,0.52,6200
94,95.0,함덕주,1995-01-13,Doosan Bears,2017,35.0,0.0,0.0,24.0,9.0,8.0,0.0,2.0,137.1,61.0,56.0,598.0,128.0,27.0,1.0,8.0,64.0,2.0,4.0,139.0,1.0,3.0,3.67,3.91,1.4,131.2,124.2,3.22,0.52,15000
98,99.0,피어밴드,1985-08-22,Nexen Heroes,2015,30.0,0.0,0.0,30.0,13.0,11.0,0.0,0.0,177.1,101.0,92.0,774.0,202.0,34.0,7.0,23.0,61.0,1.0,12.0,137.0,3.0,7.0,4.67,4.97,1.48,106.6,100.0,3.1,-1.35,30000
98,99.0,피어밴드,1985-08-22,Nexen Heroes,2015,30.0,0.0,0.0,30.0,13.0,11.0,0.0,0.0,177.1,101.0,92.0,774.0,202.0,34.0,7.0,23.0,61.0,1.0,12.0,137.0,3.0,7.0,4.67,4.97,1.48,106.6,100.0,3.1,-1.35,6500
99,100.0,최원태,1997-01-07,Kiwoom Heroes,2019,27.0,0.0,0.0,27.0,11.0,5.0,0.0,0.0,157.1,68.0,59.0,666.0,165.0,28.0,2.0,5.0,36.0,0.0,5.0,105.0,0.0,5.0,3.38,3.26,1.28,122.6,127.1,3.1,0.6,0
99,100.0,최원태,1997-01-07,Kiwoom Heroes,2019,27.0,0.0,0.0,27.0,11.0,5.0,0.0,0.0,157.1,68.0,59.0,666.0,165.0,28.0,2.0,5.0,36.0,0.0,5.0,105.0,0.0,5.0,3.38,3.26,1.28,122.6,127.1,3.1,0.6,15000
99,100.0,최원태,1997-01-07,Kiwoom Heroes,2019,27.0,0.0,0.0,27.0,11.0,5.0,0.0,0.0,157.1,68.0,59.0,666.0,165.0,28.0,2.0,5.0,36.0,0.0,5.0,105.0,0.0,5.0,3.38,3.26,1.28,122.6,127.1,3.1,0.6,7300
101,102.0,최원준,1994-12-21,Doosan Bears,2020,42.0,0.0,0.0,18.0,10.0,2.0,0.0,0.0,123.0,52.0,52.0,532.0,134.0,23.0,3.0,15.0,35.0,0.0,7.0,94.0,1.0,2.0,3.8,4.64,1.37,121.8,99.0,3.08,0.8,28000
102,103.0,이영하,1997-11-01,Doosan Bears,2019,29.0,1.0,0.0,27.0,17.0,4.0,0.0,0.0,163.1,70.0,66.0,692.0,148.0,28.0,5.0,5.0,61.0,1.0,10.0,90.0,2.0,5.0,3.64,3.99,1.28,112.9,103.4,3.03,3.13,6300
103,104.0,김세현,1987-08-07,Nexen Heroes,2016,62.0,0.0,0.0,0.0,2.0,0.0,36.0,0.0,62.1,19.0,18.0,254.0,66.0,7.0,2.0,2.0,7.0,0.0,0.0,50.0,0.0,4.0,2.6,2.94,1.17,202.1,177.0,2.99,0.84,50000
104,105.0,최충연,1997-03-05,Samsung Lions,2018,70.0,0.0,0.0,0.0,2.0,6.0,8.0,16.0,85.0,34.0,34.0,344.0,73.0,16.0,2.0,6.0,26.0,1.0,2.0,101.0,0.0,8.0,3.6,3.33,1.17,147.3,156.2,2.98,1.49,3600
105,106.0,조상우,1994-09-04,Kiwoom Heroes,2020,53.0,0.0,0.0,0.0,5.0,3.0,33.0,0.0,54.1,15.0,13.0,232.0,50.0,5.0,0.0,3.0,18.0,2.0,2.0,64.0,0.0,1.0,2.15,2.91,1.25,219.1,159.0,2.98,1.61,2700
105,106.0,조상우,1994-09-04,Kiwoom Heroes,2020,53.0,0.0,0.0,0.0,5.0,3.0,33.0,0.0,54.1,15.0,13.0,232.0,50.0,5.0,0.0,3.0,18.0,2.0,2.0,64.0,0.0,1.0,2.15,2.91,1.25,219.1,159.0,2.98,1.61,2700
106,107.0,샘슨,1991-01-06,Hanwha Eagles,2018,30.0,0.0,0.0,29.0,13.0,8.0,0.0,0.0,161.2,91.0,84.0,703.0,144.0,26.0,1.0,17.0,79.0,0.0,5.0,195.0,2.0,18.0,4.68,4.35,1.38,113.3,123.2,2.97,-0.7,18500
107,108.0,헥터,1987-01-26,Kia Tigers,2018,29.0,1.0,0.0,29.0,11.0,10.0,0.0,0.0,174.0,102.0,89.0,753.0,209.0,31.0,0.0,25.0,36.0,2.0,4.0,137.0,1.0,4.0,4.6,4.78,1.41,111.5,107.9,2.96,-1.24,4000
107,108.0,헥터,1987-01-26,Kia Tigers,2018,29.0,1.0,0.0,29.0,11.0,10.0,0.0,0.0,174.0,102.0,89.0,753.0,209.0,31.0,0.0,25.0,36.0,2.0,4.0,137.0,1.0,4.0,4.6,4.78,1.41,111.5,107.9,2.96,-1.24,80000
108,109.0,레일리,1988-06-29,Lotte Giants,2018,30.0,0.0,0.0,30.0,11.0,13.0,0.0,0.0,178.1,106.0,94.0,775.0,180.0,34.0,4.0,24.0,54.0,1.0,18.0,178.0,2.0,4.0,4.74,4.78,1.31,109.9,109.3,2.95,-1.94,7600
108,109.0,레일리,1988-06-29,Lotte Giants,2018,30.0,0.0,0.0,30.0,11.0,13.0,0.0,0.0,178.1,106.0,94.0,775.0,180.0,34.0,4.0,24.0,54.0,1.0,18.0,178.0,2.0,4.0,4.74,4.78,1.31,109.9,109.3,2.95,-1.94,0
108,109.0,레일리,1988-06-29,Lotte Giants,2018,30.0,0.0,0.0,30.0,11.0,13.0,0.0,0.0,178.1,106.0,94.0,775.0,180.0,34.0,4.0,24.0,54.0,1.0,18.0,178.0,2.0,4.0,4.74,4.78,1.31,109.9,109.3,2.95,-1.94,50000
109,110.0,함덕주,1995-01-13,Doosan Bears,2018,62.0,0.0,0.0,0.0,6.0,3.0,27.0,3.0,67.0,23.0,22.0,293.0,58.0,9.0,1.0,4.0,37.0,3.0,4.0,75.0,0.0,4.0,2.96,4.07,1.42,171.0,124.8,2.95,1.58,15000
109,110.0,함덕주,1995-01-13,Doosan Bears,2018,62.0,0.0,0.0,0.0,6.0,3.0,27.0,3.0,67.0,23.0,22.0,293.0,58.0,9.0,1.0,4.0,37.0,3.0,4.0,75.0,0.0,4.0,2.96,4.07,1.42,171.0,124.8,2.95,1.58,13000
110,111.0,송은범,1984-03-17,Hanwha Eagles,2018,68.0,0.0,0.0,0.0,7.0,4.0,1.0,10.0,79.1,29.0,22.0,341.0,77.0,9.0,1.0,2.0,33.0,2.0,5.0,61.0,0.0,8.0,2.5,3.98,1.39,212.3,132.4,2.93,0.7,4000
111,112.0,장원준,1985-07-31,Doosan Bears,2015,30.0,1.0,0.0,30.0,12.0,12.0,0.0,0.0,169.2,86.0,77.0,748.0,182.0,35.0,2.0,13.0,68.0,1.0,14.0,128.0,0.0,4.0,4.08,4.54,1.47,114.8,104.1,2.89,-0.53,50000
111,112.0,장원준,1985-07-31,Doosan Bears,2015,30.0,1.0,0.0,30.0,12.0,12.0,0.0,0.0,169.2,86.0,77.0,748.0,182.0,35.0,2.0,13.0,68.0,1.0,14.0,128.0,0.0,4.0,4.08,4.54,1.47,114.8,104.1,2.89,-0.53,7200
111,112.0,장원준,1985-07-31,Doosan Bears,2015,30.0,1.0,0.0,30.0,12.0,12.0,0.0,0.0,169.2,86.0,77.0,748.0,182.0,35.0,2.0,13.0,68.0,1.0,14.0,128.0,0.0,4.0,4.08,4.54,1.47,114.8,104.1,2.89,-0.53,65000
112,113.0,문승원,1989-11-28,SSG Landers,2019,26.0,0.0,0.0,23.0,11.0,7.0,0.0,2.0,144.0,63.0,62.0,586.0,130.0,13.0,5.0,23.0,33.0,1.0,3.0,99.0,0.0,0.0,3.88,4.83,1.13,109.8,89.6,2.89,0.72,6300
113,114.0,정우람,1985-06-01,Hanwha Eagles,2017,56.0,0.0,0.0,0.0,6.0,4.0,26.0,0.0,59.0,20.0,18.0,247.0,47.0,10.0,0.0,5.0,19.0,2.0,4.0,78.0,0.0,5.0,2.75,3.26,1.12,183.1,155.5,2.88,0.56,0
113,114.0,정우람,1985-06-01,Hanwha Eagles,2017,56.0,0.0,0.0,0.0,6.0,4.0,26.0,0.0,59.0,20.0,18.0,247.0,47.0,10.0,0.0,5.0,19.0,2.0,4.0,78.0,0.0,5.0,2.75,3.26,1.12,183.1,155.5,2.88,0.56,8100
113,114.0,정우람,1985-06-01,Hanwha Eagles,2017,56.0,0.0,0.0,0.0,6.0,4.0,26.0,0.0,59.0,20.0,18.0,247.0,47.0,10.0,0.0,5.0,19.0,2.0,4.0,78.0,0.0,5.0,2.75,3.26,1.12,183.1,155.5,2.88,0.56,25000
113,114.0,정우람,1985-06-01,Hanwha Eagles,2017,56.0,0.0,0.0,0.0,6.0,4.0,26.0,0.0,59.0,20.0,18.0,247.0,47.0,10.0,0.0,5.0,19.0,2.0,4.0,78.0,0.0,5.0,2.75,3.26,1.12,183.1,155.5,2.88,0.56,40000
113,114.0,정우람,1985-06-01,Hanwha Eagles,2017,56.0,0.0,0.0,0.0,6.0,4.0,26.0,0.0,59.0,20.0,18.0,247.0,47.0,10.0,0.0,5.0,19.0,2.0,4.0,78.0,0.0,5.0,2.75,3.26,1.12,183.1,155.5,2.88,0.56,60000
115,116.0,가뇽,1990-06-26,Kia Tigers,2020,28.0,0.0,0.0,28.0,11.0,8.0,0.0,0.0,159.2,86.0,77.0,702.0,162.0,33.0,8.0,7.0,64.0,0.0,9.0,141.0,0.0,13.0,4.34,3.73,1.42,110.6,129.2,2.84,-0.55,2800
116,117.0,로저스,1985-08-14,Hanwha Eagles,2015,10.0,4.0,3.0,10.0,6.0,2.0,0.0,0.0,75.2,26.0,25.0,296.0,62.0,8.0,2.0,2.0,20.0,0.0,4.0,60.0,1.0,1.0,2.97,3.33,1.08,167.5,148.1,2.84,1.82,2900
116,117.0,로저스,1985-08-14,Hanwha Eagles,2015,10.0,4.0,3.0,10.0,6.0,2.0,0.0,0.0,75.2,26.0,25.0,296.0,62.0,8.0,2.0,2.0,20.0,0.0,4.0,60.0,1.0,1.0,2.97,3.33,1.08,167.5,148.1,2.84,1.82,5500
117,118.0,한현희,1993-06-25,Nexen Heroes,2018,30.0,0.0,0.0,28.0,11.0,7.0,0.0,0.0,169.0,98.0,90.0,756.0,208.0,42.0,3.0,22.0,49.0,0.0,20.0,105.0,0.0,6.0,4.79,5.51,1.52,107.5,92.8,2.83,-1.36,6000
117,118.0,한현희,1993-06-25,Nexen Heroes,2018,30.0,0.0,0.0,28.0,11.0,7.0,0.0,0.0,169.0,98.0,90.0,756.0,208.0,42.0,3.0,22.0,49.0,0.0,20.0,105.0,0.0,6.0,4.79,5.51,1.52,107.5,92.8,2.83,-1.36,6300
118,119.0,아델만,1987-11-13,Samsung Lions,2018,31.0,0.0,0.0,31.0,8.0,12.0,0.0,0.0,171.0,101.0,96.0,758.0,202.0,39.0,1.0,20.0,54.0,0.0,11.0,137.0,1.0,7.0,5.05,4.89,1.5,105.0,107.1,2.81,-1.15,50000
119,120.0,박정진,1976-05-27,Hanwha Eagles,2015,76.0,0.0,0.0,0.0,6.0,1.0,1.0,15.0,96.0,37.0,33.0,411.0,84.0,12.0,1.0,8.0,39.0,3.0,5.0,92.0,0.0,7.0,3.09,4.06,1.28,161.0,121.4,2.81,0.19,17000
121,122.0,권혁,1983-11-06,Hanwha Eagles,2016,66.0,0.0,0.0,0.0,6.0,2.0,3.0,13.0,95.1,45.0,41.0,418.0,93.0,17.0,2.0,5.0,42.0,5.0,7.0,77.0,1.0,2.0,3.87,4.24,1.42,135.7,122.9,2.79,0.36,12500
123,124.0,브리검,1988-02-10,Nexen Heroes,2017,24.0,0.0,0.0,24.0,10.0,6.0,0.0,0.0,144.0,77.0,70.0,619.0,166.0,21.0,4.0,17.0,26.0,0.0,13.0,98.0,0.0,8.0,4.38,4.72,1.33,113.7,103.6,2.74,0.48,12000
123,124.0,브리검,1988-02-10,Nexen Heroes,2017,24.0,0.0,0.0,24.0,10.0,6.0,0.0,0.0,144.0,77.0,70.0,619.0,166.0,21.0,4.0,17.0,26.0,0.0,13.0,98.0,0.0,8.0,4.38,4.72,1.33,113.7,103.6,2.74,0.48,3100
125,126.0,조무근,1991-09-26,KT Wiz,2015,43.0,0.0,0.0,1.0,8.0,5.0,4.0,2.0,71.2,26.0,15.0,298.0,54.0,11.0,2.0,3.0,32.0,1.0,4.0,83.0,0.0,6.0,1.88,3.31,1.2,266.8,151.0,2.73,1.35,14000
126,127.0,린드블럼,1987-06-15,Lotte Giants,2016,30.0,1.0,0.0,30.0,10.0,13.0,0.0,0.0,177.1,109.0,104.0,791.0,197.0,36.0,6.0,28.0,77.0,0.0,9.0,148.0,0.0,7.0,5.28,5.63,1.55,99.0,92.9,2.69,-1.77,2700
126,127.0,린드블럼,1987-06-15,Lotte Giants,2016,30.0,1.0,0.0,30.0,10.0,13.0,0.0,0.0,177.1,109.0,104.0,791.0,197.0,36.0,6.0,28.0,77.0,0.0,9.0,148.0,0.0,7.0,5.28,5.63,1.55,99.0,92.9,2.69,-1.77,170000
126,127.0,린드블럼,1987-06-15,Lotte Giants,2016,30.0,1.0,0.0,30.0,10.0,13.0,0.0,0.0,177.1,109.0,104.0,791.0,197.0,36.0,6.0,28.0,77.0,0.0,9.0,148.0,0.0,7.0,5.28,5.63,1.55,99.0,92.9,2.69,-1.77,120000
126,127.0,린드블럼,1987-06-15,Lotte Giants,2016,30.0,1.0,0.0,30.0,10.0,13.0,0.0,0.0,177.1,109.0,104.0,791.0,197.0,36.0,6.0,28.0,77.0,0.0,9.0,148.0,0.0,7.0,5.28,5.63,1.55,99.0,92.9,2.69,-1.77,85000
126,127.0,린드블럼,1987-06-15,Lotte Giants,2016,30.0,1.0,0.0,30.0,10.0,13.0,0.0,0.0,177.1,109.0,104.0,791.0,197.0,36.0,6.0,28.0,77.0,0.0,9.0,148.0,0.0,7.0,5.28,5.63,1.55,99.0,92.9,2.69,-1.77,4000
127,128.0,라이블리,1992-03-05,Samsung Lions,2020,21.0,0.0,0.0,21.0,6.0,7.0,0.0,0.0,112.0,54.0,53.0,478.0,98.0,16.0,1.0,11.0,39.0,0.0,12.0,95.0,0.0,2.0,4.26,4.5,1.22,115.2,108.2,2.68,-0.19,10000
129,130.0,밴헤켄,1979-07-31,Nexen Heroes,2016,12.0,0.0,0.0,12.0,7.0,3.0,0.0,0.0,72.0,29.0,27.0,287.0,55.0,14.0,0.0,10.0,19.0,0.0,5.0,81.0,0.0,1.0,3.38,4.35,1.03,155.6,119.4,2.67,0.44,7900
129,130.0,밴헤켄,1979-07-31,Nexen Heroes,2016,12.0,0.0,0.0,12.0,7.0,3.0,0.0,0.0,72.0,29.0,27.0,287.0,55.0,14.0,0.0,10.0,19.0,0.0,5.0,81.0,0.0,1.0,3.38,4.35,1.03,155.6,119.4,2.67,0.44,5600
130,131.0,구창모,1997-02-17,NC Dinos,2019,23.0,0.0,0.0,19.0,10.0,7.0,0.0,1.0,107.0,40.0,38.0,449.0,85.0,15.0,2.0,10.0,42.0,0.0,5.0,114.0,0.0,7.0,3.2,3.81,1.19,131.8,111.5,2.67,1.09,4000
130,131.0,구창모,1997-02-17,NC Dinos,2019,23.0,0.0,0.0,19.0,10.0,7.0,0.0,1.0,107.0,40.0,38.0,449.0,85.0,15.0,2.0,10.0,42.0,0.0,5.0,114.0,0.0,7.0,3.2,3.81,1.19,131.8,111.5,2.67,1.09,3300
131,132.0,주권,1995-05-31,KT Wiz,2016,28.0,1.0,1.0,26.0,6.0,8.0,0.0,0.0,134.0,80.0,76.0,594.0,162.0,36.0,3.0,14.0,44.0,0.0,5.0,63.0,1.0,2.0,5.1,5.31,1.54,102.4,98.1,2.67,-1.22,15000
132,133.0,이재학,1990-10-04,NC Dinos,2018,29.0,1.0,0.0,29.0,5.0,13.0,0.0,0.0,152.1,87.0,81.0,658.0,157.0,27.0,2.0,13.0,49.0,2.0,10.0,116.0,0.0,6.0,4.79,4.54,1.35,108.4,115.4,2.67,-1.06,16500
132,133.0,이재학,1990-10-04,NC Dinos,2018,29.0,1.0,0.0,29.0,5.0,13.0,0.0,0.0,152.1,87.0,81.0,658.0,157.0,27.0,2.0,13.0,49.0,2.0,10.0,116.0,0.0,6.0,4.79,4.54,1.35,108.4,115.4,2.67,-1.06,0
133,134.0,박준표,1992-06-26,Kia Tigers,2020,50.0,0.0,0.0,0.0,7.0,1.0,6.0,11.0,51.2,16.0,9.0,205.0,41.0,3.0,0.0,3.0,8.0,2.0,0.0,44.0,0.0,2.0,1.57,2.96,0.95,306.2,162.2,2.66,1.35,6400
133,134.0,박준표,1992-06-26,Kia Tigers,2020,50.0,0.0,0.0,0.0,7.0,1.0,6.0,11.0,51.2,16.0,9.0,205.0,41.0,3.0,0.0,3.0,8.0,2.0,0.0,44.0,0.0,2.0,1.57,2.96,0.95,306.2,162.2,2.66,1.35,4000
134,135.0,배제성,1996-09-29,Kia Tigers,2020,26.0,0.0,0.0,26.0,10.0,7.0,0.0,0.0,141.1,67.0,62.0,619.0,130.0,30.0,1.0,12.0,76.0,0.0,4.0,83.0,1.0,11.0,3.95,5.18,1.46,121.7,91.8,2.65,1.09,35000
137,138.0,서진용,1992-10-02,SSG Landers,2019,72.0,0.0,0.0,0.0,3.0,1.0,4.0,33.0,68.0,19.0,18.0,279.0,53.0,9.0,2.0,2.0,28.0,4.0,2.0,76.0,0.0,1.0,2.38,2.7,1.19,178.6,157.4,2.63,2.87,2800
138,139.0,주권,1995-05-31,Kia Tigers,2020,77.0,0.0,0.0,0.0,6.0,2.0,0.0,31.0,70.0,25.0,21.0,294.0,54.0,11.0,0.0,6.0,32.0,1.0,1.0,37.0,0.0,0.0,2.7,4.98,1.23,177.9,95.5,2.63,1.16,2700
139,140.0,다이아몬드,1986-07-30,SSG Landers,2017,24.0,1.0,1.0,24.0,10.0,7.0,0.0,0.0,134.1,69.0,66.0,581.0,163.0,20.0,3.0,11.0,35.0,1.0,9.0,59.0,0.0,2.0,4.42,4.88,1.47,113.8,103.2,2.63,0.48,9500
140,141.0,소사,1985-07-28,LG Twins,2016,33.0,0.0,0.0,33.0,10.0,9.0,0.0,0.0,199.0,121.0,114.0,870.0,258.0,47.0,8.0,12.0,38.0,2.0,9.0,107.0,0.0,6.0,5.16,4.18,1.49,98.6,121.0,2.63,-2.01,6800
140,141.0,소사,1985-07-28,LG Twins,2016,33.0,0.0,0.0,33.0,10.0,9.0,0.0,0.0,199.0,121.0,114.0,870.0,258.0,47.0,8.0,12.0,38.0,2.0,9.0,107.0,0.0,6.0,5.16,4.18,1.49,98.6,121.0,2.63,-2.01,7000
140,141.0,소사,1985-07-28,LG Twins,2016,33.0,0.0,0.0,33.0,10.0,9.0,0.0,0.0,199.0,121.0,114.0,870.0,258.0,47.0,8.0,12.0,38.0,2.0,9.0,107.0,0.0,6.0,5.16,4.18,1.49,98.6,121.0,2.63,-2.01,2700
141,142.0,오승환,1982-07-15,Samsung Lions,2020,45.0,0.0,0.0,0.0,3.0,2.0,18.0,2.0,47.2,14.0,14.0,201.0,44.0,10.0,1.0,2.0,15.0,0.0,2.0,39.0,0.0,1.0,2.64,3.53,1.24,185.6,136.4,2.62,1.82,3000
142,143.0,이태양,1990-07-03,Hanwha Eagles,2018,63.0,0.0,0.0,0.0,4.0,2.0,0.0,12.0,79.1,30.0,25.0,325.0,66.0,11.0,1.0,10.0,23.0,2.0,4.0,85.0,0.0,4.0,2.84,4.27,1.12,186.8,125.3,2.62,0.95,10000
143,144.0,알칸타라,1992-12-04,Kia Tigers,2019,27.0,1.0,0.0,27.0,11.0,11.0,0.0,0.0,172.2,80.0,77.0,724.0,189.0,39.0,3.0,15.0,27.0,0.0,8.0,100.0,2.0,2.0,4.01,3.98,1.25,103.1,103.3,2.6,0.88,0
145,146.0,김진성,1985-03-07,NC Dinos,2017,69.0,0.0,0.0,0.0,10.0,6.0,0.0,15.0,89.2,38.0,36.0,361.0,72.0,9.0,0.0,13.0,27.0,3.0,2.0,98.0,0.0,11.0,3.61,4.3,1.1,137.2,116.1,2.56,1.39,6500
146,147.0,양현종,1988-03-01,Kia Tigers,2020,31.0,0.0,0.0,31.0,11.0,10.0,0.0,0.0,172.1,99.0,90.0,746.0,180.0,40.0,4.0,13.0,64.0,0.0,5.0,149.0,0.0,7.0,4.7,4.01,1.42,102.1,120.1,2.52,-0.98,60000
146,147.0,양현종,1988-03-01,Kia Tigers,2020,31.0,0.0,0.0,31.0,11.0,10.0,0.0,0.0,172.1,99.0,90.0,746.0,180.0,40.0,4.0,13.0,64.0,0.0,5.0,149.0,0.0,7.0,4.7,4.01,1.42,102.1,120.1,2.52,-0.98,8000
146,147.0,양현종,1988-03-01,Kia Tigers,2020,31.0,0.0,0.0,31.0,11.0,10.0,0.0,0.0,172.1,99.0,90.0,746.0,180.0,40.0,4.0,13.0,64.0,0.0,5.0,149.0,0.0,7.0,4.7,4.01,1.42,102.1,120.1,2.52,-0.98,47900
146,147.0,양현종,1988-03-01,Kia Tigers,2020,31.0,0.0,0.0,31.0,11.0,10.0,0.0,0.0,172.1,99.0,90.0,746.0,180.0,40.0,4.0,13.0,64.0,0.0,5.0,149.0,0.0,7.0,4.7,4.01,1.42,102.1,120.1,2.52,-0.98,230000
147,148.0,임준혁,1984-10-09,Kia Tigers,2015,27.0,0.0,0.0,21.0,9.0,6.0,0.0,2.0,118.2,58.0,54.0,514.0,125.0,23.0,1.0,11.0,43.0,1.0,8.0,73.0,0.0,3.0,4.1,4.85,1.42,120.4,101.7,2.49,0.36,8000
148,149.0,고영표,1991-09-16,KT Wiz,2017,25.0,2.0,1.0,24.0,8.0,12.0,0.0,1.0,141.2,84.0,80.0,612.0,170.0,32.0,1.0,13.0,16.0,0.0,18.0,125.0,1.0,6.0,5.08,3.88,1.31,99.7,128.4,2.46,-0.81,4600
148,149.0,고영표,1991-09-16,KT Wiz,2017,25.0,2.0,1.0,24.0,8.0,12.0,0.0,1.0,141.2,84.0,80.0,612.0,170.0,32.0,1.0,13.0,16.0,0.0,18.0,125.0,1.0,6.0,5.08,3.88,1.31,99.7,128.4,2.46,-0.81,25000
149,150.0,박상원,1994-09-09,Hanwha Eagles,2018,69.0,0.0,0.0,0.0,4.0,2.0,0.0,9.0,60.0,17.0,14.0,256.0,59.0,13.0,0.0,3.0,21.0,1.0,4.0,62.0,0.0,3.0,2.1,3.62,1.33,252.3,146.8,2.44,0.44,18800
152,153.0,장시환,1987-11-01,KT Wiz,2015,47.0,0.0,0.0,0.0,7.0,5.0,12.0,0.0,74.2,33.0,33.0,308.0,73.0,13.0,2.0,1.0,28.0,2.0,1.0,75.0,0.0,6.0,3.98,2.87,1.35,126.3,174.9,2.42,-0.31,11500
153,154.0,문승원,1989-11-28,SSG Landers,2018,31.0,0.0,0.0,27.0,8.0,9.0,1.0,1.0,150.2,86.0,77.0,656.0,180.0,33.0,2.0,24.0,37.0,0.0,4.0,122.0,0.0,4.0,4.6,5.1,1.44,114.3,104.0,2.41,-1.49,6300
153,154.0,문승원,1989-11-28,SSG Landers,2018,31.0,0.0,0.0,27.0,8.0,9.0,1.0,1.0,150.2,86.0,77.0,656.0,180.0,33.0,2.0,24.0,37.0,0.0,4.0,122.0,0.0,4.0,4.6,5.1,1.44,114.3,104.0,2.41,-1.49,0
153,154.0,문승원,1989-11-28,SSG Landers,2018,31.0,0.0,0.0,27.0,8.0,9.0,1.0,1.0,150.2,86.0,77.0,656.0,180.0,33.0,2.0,24.0,37.0,0.0,4.0,122.0,0.0,4.0,4.6,5.1,1.44,114.3,104.0,2.41,-1.49,170000
155,156.0,윤희상,1985-05-17,SSG Landers,2016,23.0,0.0,0.0,22.0,9.0,6.0,0.0,0.0,122.2,69.0,66.0,540.0,143.0,18.0,2.0,18.0,44.0,0.0,6.0,74.0,1.0,5.0,4.84,5.72,1.52,107.8,91.8,2.4,-0.6,3700
156,157.0,브리검,1988-02-10,Kiwoom Heroes,2020,21.0,0.0,0.0,21.0,9.0,5.0,0.0,0.0,107.0,45.0,43.0,456.0,98.0,7.0,2.0,6.0,42.0,1.0,5.0,105.0,0.0,8.0,3.62,3.61,1.31,130.5,129.1,2.4,1.08,7000
156,157.0,브리검,1988-02-10,Kiwoom Heroes,2020,21.0,0.0,0.0,21.0,9.0,5.0,0.0,0.0,107.0,45.0,43.0,456.0,98.0,7.0,2.0,6.0,42.0,1.0,5.0,105.0,0.0,8.0,3.62,3.61,1.31,130.5,129.1,2.4,1.08,0
156,157.0,브리검,1988-02-10,Kiwoom Heroes,2020,21.0,0.0,0.0,21.0,9.0,5.0,0.0,0.0,107.0,45.0,43.0,456.0,98.0,7.0,2.0,6.0,42.0,1.0,5.0,105.0,0.0,8.0,3.62,3.61,1.31,130.5,129.1,2.4,1.08,15000
156,157.0,브리검,1988-02-10,Kiwoom Heroes,2020,21.0,0.0,0.0,21.0,9.0,5.0,0.0,0.0,107.0,45.0,43.0,456.0,98.0,7.0,2.0,6.0,42.0,1.0,5.0,105.0,0.0,8.0,3.62,3.61,1.31,130.5,129.1,2.4,1.08,0
157,158.0,이태양,1990-07-03,Hanwha Eagles,2016,29.0,0.0,0.0,25.0,5.0,8.0,1.0,0.0,112.1,66.0,62.0,512.0,128.0,20.0,0.0,15.0,62.0,1.0,3.0,60.0,0.0,2.0,4.97,6.17,1.69,105.7,85.0,2.38,-1.24,5000
159,160.0,프리드릭,1987-07-08,NC Dinos,2019,12.0,2.0,1.0,12.0,7.0,4.0,0.0,0.0,72.0,22.0,22.0,294.0,63.0,6.0,0.0,4.0,22.0,1.0,3.0,56.0,0.0,2.0,2.75,3.57,1.18,153.2,118.3,2.38,0.79,8000
160,161.0,소형준,2001-09-16,Kia Tigers,2020,26.0,0.0,0.0,24.0,13.0,6.0,0.0,0.0,133.0,63.0,57.0,572.0,141.0,23.0,0.0,6.0,45.0,0.0,6.0,92.0,0.0,2.0,3.86,3.91,1.4,124.6,122.0,2.37,0.3,13500
162,163.0,김윤동,1993-04-01,Kia Tigers,2018,64.0,0.0,0.0,0.0,7.0,6.0,4.0,18.0,82.2,39.0,34.0,369.0,71.0,13.0,1.0,9.0,54.0,7.0,2.0,79.0,0.0,7.0,3.7,5.12,1.51,138.7,100.9,2.37,-0.97,8500
162,163.0,김윤동,1993-04-01,Kia Tigers,2018,64.0,0.0,0.0,0.0,7.0,6.0,4.0,18.0,82.2,39.0,34.0,369.0,71.0,13.0,1.0,9.0,54.0,7.0,2.0,79.0,0.0,7.0,3.7,5.12,1.51,138.7,100.9,2.37,-0.97,9000
163,164.0,류제국,1983-05-30,LG Twins,2015,24.0,0.0,0.0,23.0,4.0,9.0,0.0,0.0,130.0,72.0,69.0,572.0,134.0,20.0,3.0,16.0,55.0,1.0,14.0,88.0,0.0,16.0,4.78,5.43,1.45,98.2,85.8,2.37,-0.78,5100
163,164.0,류제국,1983-05-30,LG Twins,2015,24.0,0.0,0.0,23.0,4.0,9.0,0.0,0.0,130.0,72.0,69.0,572.0,134.0,20.0,3.0,16.0,55.0,1.0,14.0,88.0,0.0,16.0,4.78,5.43,1.45,98.2,85.8,2.37,-0.78,45000
164,165.0,이재학,1990-10-04,NC Dinos,2015,29.0,0.0,0.0,23.0,10.0,8.0,0.0,1.0,125.0,58.0,57.0,545.0,115.0,15.0,1.0,17.0,58.0,1.0,9.0,116.0,0.0,5.0,4.1,5.11,1.38,116.7,95.4,2.36,-0.13,15000
164,165.0,이재학,1990-10-04,NC Dinos,2015,29.0,0.0,0.0,23.0,10.0,8.0,0.0,1.0,125.0,58.0,57.0,545.0,115.0,15.0,1.0,17.0,58.0,1.0,9.0,116.0,0.0,5.0,4.1,5.11,1.38,116.7,95.4,2.36,-0.13,10000
164,165.0,이재학,1990-10-04,NC Dinos,2015,29.0,0.0,0.0,23.0,10.0,8.0,0.0,1.0,125.0,58.0,57.0,545.0,115.0,15.0,1.0,17.0,58.0,1.0,9.0,116.0,0.0,5.0,4.1,5.11,1.38,116.7,95.4,2.36,-0.13,6000
166,167.0,신재영,1989-11-18,Nexen Heroes,2017,34.0,1.0,1.0,15.0,6.0,7.0,1.0,2.0,125.0,68.0,63.0,537.0,137.0,31.0,2.0,14.0,25.0,1.0,16.0,75.0,0.0,1.0,4.54,4.95,1.3,109.6,99.0,2.34,-0.36,5700
167,168.0,백정현,1987-07-13,Samsung Lions,2018,25.0,0.0,0.0,23.0,7.0,7.0,1.0,0.0,125.2,68.0,64.0,540.0,142.0,27.0,2.0,18.0,36.0,0.0,3.0,99.0,0.0,2.0,4.58,5.05,1.42,115.7,104.1,2.34,-0.87,6000
167,168.0,백정현,1987-07-13,Samsung Lions,2018,25.0,0.0,0.0,23.0,7.0,7.0,1.0,0.0,125.2,68.0,64.0,540.0,142.0,27.0,2.0,18.0,36.0,0.0,3.0,99.0,0.0,2.0,4.58,5.05,1.42,115.7,104.1,2.34,-0.87,5700
168,169.0,린드블럼,1987-06-15,Lotte Giants,2017,12.0,0.0,0.0,12.0,5.0,3.0,0.0,0.0,72.2,31.0,30.0,296.0,66.0,10.0,1.0,10.0,18.0,0.0,2.0,76.0,2.0,3.0,3.72,4.26,1.16,135.6,118.6,2.33,0.69,10000
168,169.0,린드블럼,1987-06-15,Lotte Giants,2017,12.0,0.0,0.0,12.0,5.0,3.0,0.0,0.0,72.2,31.0,30.0,296.0,66.0,10.0,1.0,10.0,18.0,0.0,2.0,76.0,2.0,3.0,3.72,4.26,1.16,135.6,118.6,2.33,0.69,2900
168,169.0,린드블럼,1987-06-15,Lotte Giants,2017,12.0,0.0,0.0,12.0,5.0,3.0,0.0,0.0,72.2,31.0,30.0,296.0,66.0,10.0,1.0,10.0,18.0,0.0,2.0,76.0,2.0,3.0,3.72,4.26,1.16,135.6,118.6,2.33,0.69,170000
168,169.0,린드블럼,1987-06-15,Lotte Giants,2017,12.0,0.0,0.0,12.0,5.0,3.0,0.0,0.0,72.2,31.0,30.0,296.0,66.0,10.0,1.0,10.0,18.0,0.0,2.0,76.0,2.0,3.0,3.72,4.26,1.16,135.6,118.6,2.33,0.69,210000
169,170.0,듀브론트,1987-10-23,Lotte Giants,2018,25.0,0.0,0.0,25.0,6.0,9.0,0.0,0.0,137.1,82.0,75.0,629.0,162.0,29.0,2.0,13.0,62.0,1.0,8.0,109.0,3.0,10.0,4.92,4.98,1.63,106.1,104.8,2.33,-1.66,0
170,171.0,유희관,1986-06-01,Doosan Bears,2017,30.0,2.0,1.0,29.0,11.0,6.0,0.0,1.0,188.2,104.0,95.0,822.0,228.0,37.0,3.0,20.0,41.0,1.0,10.0,106.0,1.0,5.0,4.53,4.78,1.43,106.2,100.6,2.33,-1.03,35000
170,171.0,유희관,1986-06-01,Doosan Bears,2017,30.0,2.0,1.0,29.0,11.0,6.0,0.0,1.0,188.2,104.0,95.0,822.0,228.0,37.0,3.0,20.0,41.0,1.0,10.0,106.0,1.0,5.0,4.53,4.78,1.43,106.2,100.6,2.33,-1.03,22500
172,173.0,김민우,1995-07-25,Hanwha Eagles,2020,26.0,0.0,0.0,25.0,5.0,10.0,0.0,0.0,132.2,72.0,64.0,593.0,121.0,16.0,1.0,15.0,72.0,3.0,7.0,124.0,2.0,10.0,4.34,4.88,1.46,108.9,98.2,2.31,-0.68,9000
173,174.0,송명기,2000-08-09,NC Dinos,2020,36.0,0.0,0.0,12.0,9.0,3.0,0.0,0.0,87.2,37.0,36.0,372.0,78.0,13.0,0.0,12.0,39.0,1.0,2.0,72.0,0.0,7.0,3.7,5.06,1.34,132.2,95.9,2.31,0.1,2700
174,175.0,원종현,1987-07-31,NC Dinos,2016,54.0,0.0,0.0,0.0,3.0,3.0,3.0,17.0,70.2,26.0,25.0,283.0,51.0,8.0,0.0,4.0,18.0,0.0,3.0,75.0,0.0,4.0,3.18,3.3,0.98,159.9,155.5,2.31,1.59,0
175,176.0,박민호,1992-02-25,SSG Landers,2020,57.0,0.0,0.0,0.0,2.0,1.0,4.0,11.0,52.0,16.0,14.0,215.0,43.0,9.0,0.0,4.0,19.0,0.0,2.0,36.0,0.0,0.0,2.42,4.38,1.19,199.1,110.8,2.29,-0.61,25000
176,177.0,왕웨이중,1992-04-25,NC Dinos,2018,25.0,0.0,0.0,25.0,7.0,10.0,0.0,0.0,141.2,83.0,67.0,615.0,169.0,25.0,1.0,16.0,40.0,2.0,2.0,108.0,0.0,2.0,4.26,4.62,1.48,121.9,113.5,2.28,-0.52,3000
177,178.0,김강률,1988-08-28,Doosan Bears,2017,70.0,0.0,0.0,0.0,7.0,2.0,7.0,12.0,89.0,39.0,34.0,383.0,89.0,8.0,1.0,6.0,32.0,0.0,3.0,73.0,0.0,11.0,3.44,4.15,1.36,140.0,116.9,2.28,0.61,5700
178,179.0,임창민,1985-08-25,NC Dinos,2017,60.0,0.0,0.0,0.0,4.0,3.0,29.0,0.0,66.0,27.0,27.0,272.0,60.0,12.0,0.0,10.0,23.0,2.0,1.0,62.0,0.0,4.0,3.68,4.83,1.26,134.7,103.7,2.27,2.41,2900
178,179.0,임창민,1985-08-25,NC Dinos,2017,60.0,0.0,0.0,0.0,4.0,3.0,29.0,0.0,66.0,27.0,27.0,272.0,60.0,12.0,0.0,10.0,23.0,2.0,1.0,62.0,0.0,4.0,3.68,4.83,1.26,134.7,103.7,2.27,2.41,8900
179,180.0,김태훈,1990-05-19,SSG Landers,2018,61.0,0.0,0.0,4.0,9.0,3.0,0.0,10.0,94.0,44.0,40.0,394.0,88.0,17.0,0.0,8.0,36.0,4.0,2.0,93.0,0.0,11.0,3.83,4.05,1.32,137.3,130.6,2.26,-0.02,6500
181,182.0,이재학,1990-10-04,NC Dinos,2016,26.0,0.0,0.0,24.0,12.0,4.0,0.0,0.0,127.2,72.0,65.0,569.0,140.0,16.0,2.0,19.0,54.0,0.0,6.0,134.0,0.0,3.0,4.58,5.04,1.52,111.1,102.0,2.23,-1.16,15000
181,182.0,이재학,1990-10-04,NC Dinos,2016,26.0,0.0,0.0,24.0,12.0,4.0,0.0,0.0,127.2,72.0,65.0,569.0,140.0,16.0,2.0,19.0,54.0,0.0,6.0,134.0,0.0,3.0,4.58,5.04,1.52,111.1,102.0,2.23,-1.16,6000
183,184.0,베렛,1990-06-19,NC Dinos,2018,29.0,0.0,0.0,29.0,6.0,10.0,0.0,0.0,155.0,94.0,91.0,698.0,178.0,31.0,2.0,24.0,59.0,0.0,9.0,144.0,1.0,10.0,5.28,5.3,1.53,98.2,99.1,2.22,-2.29,3500
184,185.0,이현승,1983-10-11,Doosan Bears,2015,41.0,0.0,0.0,0.0,3.0,1.0,18.0,2.0,46.2,16.0,15.0,191.0,45.0,9.0,0.0,3.0,10.0,2.0,2.0,41.0,0.0,2.0,2.89,3.34,1.18,162.1,141.4,2.21,2.47,16000
185,186.0,배제성,1996-09-29,Kia Tigers,2019,28.0,1.0,1.0,21.0,10.0,10.0,0.0,0.0,131.2,58.0,55.0,564.0,132.0,18.0,3.0,6.0,56.0,0.0,3.0,91.0,0.0,10.0,3.76,3.96,1.43,110.1,104.5,2.21,0.18,35000
186,187.0,로치,1989-12-14,KT Wiz,2017,28.0,1.0,0.0,28.0,4.0,15.0,0.0,0.0,165.0,106.0,86.0,743.0,200.0,33.0,3.0,18.0,60.0,0.0,13.0,99.0,1.0,10.0,4.69,5.28,1.58,108.0,94.3,2.21,-2.37,10500
188,189.0,구승민,1990-06-12,Lotte Giants,2018,64.0,0.0,0.0,0.0,7.0,4.0,0.0,14.0,73.2,33.0,30.0,307.0,62.0,15.0,0.0,12.0,31.0,6.0,3.0,75.0,1.0,2.0,3.67,5.06,1.26,142.3,103.6,2.2,-0.26,2800
190,191.0,백정현,1987-07-13,Samsung Lions,2017,35.0,0.0,0.0,14.0,8.0,4.0,0.0,3.0,100.2,52.0,49.0,446.0,110.0,23.0,2.0,11.0,36.0,1.0,6.0,94.0,0.0,4.0,4.38,4.51,1.45,115.8,111.5,2.14,0.28,3700
190,191.0,백정현,1987-07-13,Samsung Lions,2017,35.0,0.0,0.0,14.0,8.0,4.0,0.0,3.0,100.2,52.0,49.0,446.0,110.0,23.0,2.0,11.0,36.0,1.0,6.0,94.0,0.0,4.0,4.38,4.51,1.45,115.8,111.5,2.14,0.28,5700
190,191.0,백정현,1987-07-13,Samsung Lions,2017,35.0,0.0,0.0,14.0,8.0,4.0,0.0,3.0,100.2,52.0,49.0,446.0,110.0,23.0,2.0,11.0,36.0,1.0,6.0,94.0,0.0,4.0,4.38,4.51,1.45,115.8,111.5,2.14,0.28,20000
191,192.0,박준표,1992-06-26,Kia Tigers,2019,49.0,0.0,0.0,0.0,5.0,2.0,0.0,15.0,56.0,15.0,13.0,210.0,42.0,5.0,1.0,4.0,6.0,1.0,4.0,30.0,0.0,1.0,2.09,3.74,0.86,200.7,111.8,2.14,1.94,6400
191,192.0,박준표,1992-06-26,Kia Tigers,2019,49.0,0.0,0.0,0.0,5.0,2.0,0.0,15.0,56.0,15.0,13.0,210.0,42.0,5.0,1.0,4.0,6.0,1.0,4.0,30.0,0.0,1.0,2.09,3.74,0.86,200.7,111.8,2.14,1.94,6000
192,193.0,박종훈,1991-08-13,SSG Landers,2019,28.0,0.0,0.0,28.0,8.0,11.0,0.0,0.0,144.0,72.0,62.0,643.0,157.0,29.0,0.0,12.0,59.0,0.0,13.0,100.0,0.0,1.0,3.88,4.6,1.5,109.8,92.8,2.1,0.73,2900
192,193.0,박종훈,1991-08-13,SSG Landers,2019,28.0,0.0,0.0,28.0,8.0,11.0,0.0,0.0,144.0,72.0,62.0,643.0,157.0,29.0,0.0,12.0,59.0,0.0,13.0,100.0,0.0,1.0,3.88,4.6,1.5,109.8,92.8,2.1,0.73,4500
192,193.0,박종훈,1991-08-13,SSG Landers,2019,28.0,0.0,0.0,28.0,8.0,11.0,0.0,0.0,144.0,72.0,62.0,643.0,157.0,29.0,0.0,12.0,59.0,0.0,13.0,100.0,0.0,1.0,3.88,4.6,1.5,109.8,92.8,2.1,0.73,23000
194,195.0,임창용,1976-06-04,Samsung Lions,2015,55.0,0.0,0.0,0.0,5.0,2.0,33.0,0.0,54.0,17.0,17.0,219.0,45.0,8.0,1.0,2.0,13.0,2.0,3.0,71.0,0.0,1.0,2.83,2.25,1.07,174.3,218.1,2.08,0.29,36000
195,196.0,주권,1995-05-31,Kia Tigers,2019,71.0,0.0,0.0,0.0,6.0,2.0,2.0,25.0,75.1,25.0,25.0,296.0,64.0,15.0,0.0,7.0,14.0,0.0,2.0,47.0,0.0,1.0,2.99,4.0,1.04,138.6,102.8,2.08,3.22,50000
196,197.0,윤규진,1984-07-28,Hanwha Eagles,2015,40.0,0.0,0.0,0.0,3.0,2.0,10.0,3.0,50.2,15.0,15.0,205.0,39.0,6.0,0.0,3.0,21.0,3.0,0.0,48.0,0.0,2.0,2.66,3.56,1.18,187.0,138.2,2.07,1.17,32000
196,197.0,윤규진,1984-07-28,Hanwha Eagles,2015,40.0,0.0,0.0,0.0,3.0,2.0,10.0,3.0,50.2,15.0,15.0,205.0,39.0,6.0,0.0,3.0,21.0,3.0,0.0,48.0,0.0,2.0,2.66,3.56,1.18,187.0,138.2,2.07,1.17,4600
197,198.0,백정현,1987-07-13,Samsung Lions,2019,28.0,1.0,1.0,27.0,8.0,10.0,0.0,0.0,157.0,85.0,74.0,677.0,158.0,29.0,4.0,17.0,56.0,0.0,6.0,82.0,0.0,4.0,4.24,4.95,1.36,102.3,86.3,2.07,-0.65,6000
198,199.0,허프,1984-08-22,LG Twins,2016,13.0,0.0,0.0,11.0,7.0,2.0,0.0,1.0,74.2,34.0,26.0,299.0,72.0,11.0,2.0,2.0,9.0,0.0,1.0,46.0,0.0,0.0,3.13,3.31,1.09,162.3,154.9,2.07,0.49,50000
198,199.0,허프,1984-08-22,LG Twins,2016,13.0,0.0,0.0,11.0,7.0,2.0,0.0,1.0,74.2,34.0,26.0,299.0,72.0,11.0,2.0,2.0,9.0,0.0,1.0,46.0,0.0,0.0,3.13,3.31,1.09,162.3,154.9,2.07,0.49,6300
200,201.0,임정우,1991-04-02,LG Twins,2016,67.0,0.0,0.0,0.0,3.0,8.0,28.0,0.0,70.2,31.0,30.0,317.0,73.0,10.0,2.0,5.0,36.0,4.0,6.0,87.0,0.0,6.0,3.82,3.86,1.54,133.1,130.2,2.06,0.15,2700
201,202.0,박세웅,1995-11-30,Lotte Giants,2020,28.0,0.0,0.0,28.0,8.0,10.0,0.0,0.0,147.1,85.0,77.0,658.0,177.0,27.0,2.0,20.0,47.0,0.0,8.0,108.0,0.0,13.0,4.7,4.97,1.52,103.6,96.5,2.02,-1.77,42000
202,203.0,이영하,1997-11-01,Doosan Bears,2020,42.0,0.0,0.0,19.0,5.0,11.0,6.0,0.0,132.0,78.0,68.0,605.0,148.0,26.0,1.0,9.0,66.0,3.0,5.0,85.0,1.0,4.0,4.64,4.7,1.62,99.9,99.1,2.02,-1.97,7900
203,204.0,라이트,1990-01-03,NC Dinos,2020,29.0,0.0,0.0,29.0,11.0,9.0,0.0,0.0,157.2,87.0,82.0,696.0,164.0,27.0,2.0,12.0,63.0,0.0,10.0,125.0,2.0,5.0,4.68,4.35,1.44,104.4,111.0,2.01,-1.57,11000
204,205.0,정우람,1985-06-01,Hanwha Eagles,2018,55.0,0.0,0.0,0.0,5.0,3.0,35.0,0.0,53.0,22.0,20.0,220.0,49.0,9.0,0.0,6.0,12.0,1.0,2.0,56.0,0.0,1.0,3.4,3.93,1.15,156.0,136.2,2.01,1.45,60000
204,205.0,정우람,1985-06-01,Hanwha Eagles,2018,55.0,0.0,0.0,0.0,5.0,3.0,35.0,0.0,53.0,22.0,20.0,220.0,49.0,9.0,0.0,6.0,12.0,1.0,2.0,56.0,0.0,1.0,3.4,3.93,1.15,156.0,136.2,2.01,1.45,40000
204,205.0,정우람,1985-06-01,Hanwha Eagles,2018,55.0,0.0,0.0,0.0,5.0,3.0,35.0,0.0,53.0,22.0,20.0,220.0,49.0,9.0,0.0,6.0,12.0,1.0,2.0,56.0,0.0,1.0,3.4,3.93,1.15,156.0,136.2,2.01,1.45,7100
204,205.0,정우람,1985-06-01,Hanwha Eagles,2018,55.0,0.0,0.0,0.0,5.0,3.0,35.0,0.0,53.0,22.0,20.0,220.0,49.0,9.0,0.0,6.0,12.0,1.0,2.0,56.0,0.0,1.0,3.4,3.93,1.15,156.0,136.2,2.01,1.45,23000
205,206.0,한현희,1993-06-25,Nexen Heroes,2015,45.0,0.0,0.0,17.0,11.0,4.0,0.0,10.0,123.1,70.0,66.0,542.0,126.0,18.0,2.0,14.0,41.0,0.0,13.0,122.0,1.0,3.0,4.82,4.43,1.35,103.3,112.2,2.0,0.26,0
205,206.0,한현희,1993-06-25,Nexen Heroes,2015,45.0,0.0,0.0,17.0,11.0,4.0,0.0,10.0,123.1,70.0,66.0,542.0,126.0,18.0,2.0,14.0,41.0,0.0,13.0,122.0,1.0,3.0,4.82,4.43,1.35,103.3,112.2,2.0,0.26,2400
206,207.0,우규민,1985-01-21,Samsung Lions,2019,54.0,0.0,0.0,0.0,2.0,7.0,15.0,7.0,59.0,20.0,18.0,247.0,58.0,3.0,0.0,7.0,10.0,1.0,6.0,40.0,0.0,0.0,2.75,4.35,1.15,158.0,98.4,1.99,0.96,5000
207,208.0,강재민,1997-04-03,Hanwha Eagles,2020,50.0,0.0,0.0,0.0,1.0,2.0,1.0,14.0,49.0,16.0,14.0,203.0,41.0,5.0,0.0,3.0,18.0,1.0,0.0,57.0,1.0,2.0,2.57,3.07,1.2,183.9,156.0,1.99,1.84,8000
209,210.0,로저스,1985-08-14,Nexen Heroes,2018,13.0,1.0,0.0,13.0,5.0,4.0,0.0,0.0,83.0,40.0,35.0,345.0,89.0,7.0,4.0,7.0,16.0,0.0,5.0,65.0,0.0,8.0,3.8,4.12,1.27,135.8,124.2,1.97,0.07,20000
209,210.0,로저스,1985-08-14,Nexen Heroes,2018,13.0,1.0,0.0,13.0,5.0,4.0,0.0,0.0,83.0,40.0,35.0,345.0,89.0,7.0,4.0,7.0,16.0,0.0,5.0,65.0,0.0,8.0,3.8,4.12,1.27,135.8,124.2,1.97,0.07,3400
210,211.0,구승민,1990-06-12,Lotte Giants,2020,57.0,0.0,0.0,0.0,5.0,2.0,0.0,20.0,60.1,25.0,24.0,238.0,40.0,9.0,0.0,8.0,26.0,2.0,0.0,58.0,0.0,1.0,3.58,4.55,1.09,136.1,105.5,1.94,0.94,5800
211,212.0,박희수,1983-07-13,SSG Landers,2016,51.0,0.0,0.0,0.0,4.0,5.0,26.0,0.0,54.2,23.0,20.0,237.0,43.0,6.0,0.0,3.0,26.0,3.0,5.0,37.0,0.0,2.0,3.29,4.69,1.26,158.5,111.3,1.94,1.75,2700
212,213.0,소사,1985-07-28,SSG Landers,2019,16.0,0.0,0.0,16.0,9.0,3.0,0.0,0.0,94.1,42.0,40.0,387.0,85.0,6.0,0.0,15.0,23.0,0.0,2.0,96.0,1.0,3.0,3.82,4.23,1.15,111.5,103.0,1.93,1.38,12000
212,213.0,소사,1985-07-28,SSG Landers,2019,16.0,0.0,0.0,16.0,9.0,3.0,0.0,0.0,94.1,42.0,40.0,387.0,85.0,6.0,0.0,15.0,23.0,0.0,2.0,96.0,1.0,3.0,3.82,4.23,1.15,111.5,103.0,1.93,1.38,7000
212,213.0,소사,1985-07-28,SSG Landers,2019,16.0,0.0,0.0,16.0,9.0,3.0,0.0,0.0,94.1,42.0,40.0,387.0,85.0,6.0,0.0,15.0,23.0,0.0,2.0,96.0,1.0,3.0,3.82,4.23,1.15,111.5,103.0,1.93,1.38,5200
212,213.0,소사,1985-07-28,SSG Landers,2019,16.0,0.0,0.0,16.0,9.0,3.0,0.0,0.0,94.1,42.0,40.0,387.0,85.0,6.0,0.0,15.0,23.0,0.0,2.0,96.0,1.0,3.0,3.82,4.23,1.15,111.5,103.0,1.93,1.38,20000
212,213.0,소사,1985-07-28,SSG Landers,2019,16.0,0.0,0.0,16.0,9.0,3.0,0.0,0.0,94.1,42.0,40.0,387.0,85.0,6.0,0.0,15.0,23.0,0.0,2.0,96.0,1.0,3.0,3.82,4.23,1.15,111.5,103.0,1.93,1.38,0
213,214.0,김지용,1988-02-20,LG Twins,2016,51.0,0.0,0.0,0.0,3.0,4.0,0.0,17.0,63.0,25.0,25.0,258.0,52.0,10.0,1.0,9.0,18.0,3.0,5.0,56.0,0.0,4.0,3.57,4.82,1.11,142.4,102.1,1.92,1.81,7700
214,215.0,홍성민,1989-07-15,Lotte Giants,2015,67.0,0.0,0.0,0.0,4.0,4.0,1.0,8.0,82.0,38.0,36.0,352.0,85.0,19.0,2.0,8.0,24.0,4.0,10.0,65.0,0.0,4.0,3.95,4.4,1.33,127.6,111.9,1.91,-1.04,5500
215,216.0,박정배,1982-04-01,SSG Landers,2017,61.0,0.0,0.0,0.0,5.0,3.0,7.0,16.0,68.0,32.0,27.0,290.0,58.0,12.0,2.0,9.0,33.0,6.0,3.0,49.0,0.0,4.0,3.57,5.34,1.34,140.8,95.0,1.91,1.87,3300
216,217.0,박종훈,1991-08-13,SSG Landers,2020,29.0,0.0,0.0,28.0,13.0,11.0,0.0,0.0,157.1,90.0,84.0,691.0,146.0,21.0,3.0,14.0,78.0,1.0,22.0,134.0,0.0,5.0,4.81,4.9,1.42,100.4,99.5,1.9,-1.54,2900
216,217.0,박종훈,1991-08-13,SSG Landers,2020,29.0,0.0,0.0,28.0,13.0,11.0,0.0,0.0,157.1,90.0,84.0,691.0,146.0,21.0,3.0,14.0,78.0,1.0,22.0,134.0,0.0,5.0,4.81,4.9,1.42,100.4,99.5,1.9,-1.54,3000
216,217.0,박종훈,1991-08-13,SSG Landers,2020,29.0,0.0,0.0,28.0,13.0,11.0,0.0,0.0,157.1,90.0,84.0,691.0,146.0,21.0,3.0,14.0,78.0,1.0,22.0,134.0,0.0,5.0,4.81,4.9,1.42,100.4,99.5,1.9,-1.54,16000
216,217.0,박종훈,1991-08-13,SSG Landers,2020,29.0,0.0,0.0,28.0,13.0,11.0,0.0,0.0,157.1,90.0,84.0,691.0,146.0,21.0,3.0,14.0,78.0,1.0,22.0,134.0,0.0,5.0,4.81,4.9,1.42,100.4,99.5,1.9,-1.54,11000
218,219.0,김윤동,1993-04-01,Kia Tigers,2017,65.0,0.0,0.0,1.0,7.0,4.0,11.0,6.0,80.1,41.0,41.0,356.0,70.0,8.0,1.0,10.0,47.0,3.0,5.0,66.0,1.0,7.0,4.59,5.54,1.46,108.2,89.9,1.89,-0.31,12500
218,219.0,김윤동,1993-04-01,Kia Tigers,2017,65.0,0.0,0.0,1.0,7.0,4.0,11.0,6.0,80.1,41.0,41.0,356.0,70.0,8.0,1.0,10.0,47.0,3.0,5.0,66.0,1.0,7.0,4.59,5.54,1.46,108.2,89.9,1.89,-0.31,11000
219,220.0,산체스,1989-11-28,SSG Landers,2018,29.0,0.0,0.0,26.0,8.0,8.0,0.0,1.0,145.1,90.0,79.0,632.0,161.0,21.0,3.0,26.0,39.0,1.0,7.0,124.0,0.0,12.0,4.89,5.38,1.38,107.5,98.8,1.88,-1.34,60000
222,223.0,심창민,1993-02-01,Samsung Lions,2018,59.0,0.0,0.0,0.0,5.0,2.0,17.0,5.0,66.1,32.0,30.0,284.0,57.0,9.0,2.0,12.0,22.0,2.0,9.0,68.0,0.0,1.0,4.07,5.45,1.19,130.3,96.7,1.86,1.28,2700
223,224.0,김상수,1988-01-02,Nexen Heroes,2017,60.0,0.0,0.0,0.0,0.0,7.0,15.0,9.0,61.1,29.0,26.0,262.0,59.0,9.0,0.0,8.0,22.0,5.0,3.0,62.0,1.0,5.0,3.82,4.39,1.32,130.4,110.9,1.85,-2.6,3800
224,225.0,장현식,1995-02-24,NC Dinos,2016,37.0,0.0,0.0,5.0,1.0,3.0,0.0,1.0,76.1,40.0,38.0,331.0,68.0,13.0,2.0,5.0,43.0,0.0,2.0,59.0,0.0,13.0,4.48,4.87,1.45,113.6,106.1,1.84,-0.3,2700
226,227.0,전상현,1996-04-18,Kia Tigers,2019,57.0,0.0,0.0,0.0,1.0,4.0,0.0,15.0,60.2,21.0,21.0,245.0,45.0,8.0,1.0,3.0,21.0,2.0,2.0,62.0,0.0,2.0,3.12,3.04,1.09,134.6,138.6,1.83,0.47,12000
228,229.0,고영표,1991-09-16,Kia Tigers,2018,25.0,3.0,1.0,23.0,6.0,9.0,0.0,0.0,142.0,91.0,81.0,620.0,175.0,27.0,4.0,17.0,25.0,1.0,14.0,134.0,1.0,2.0,5.13,4.31,1.41,103.2,120.6,1.8,-2.0,4700
228,229.0,고영표,1991-09-16,Kia Tigers,2018,25.0,3.0,1.0,23.0,6.0,9.0,0.0,0.0,142.0,91.0,81.0,620.0,175.0,27.0,4.0,17.0,25.0,1.0,14.0,134.0,1.0,2.0,5.13,4.31,1.41,103.2,120.6,1.8,-2.0,30000
229,230.0,조현우,1994-03-30,Kia Tigers,2020,54.0,0.0,0.0,0.0,5.0,1.0,1.0,9.0,46.2,16.0,16.0,196.0,38.0,8.0,1.0,1.0,22.0,1.0,1.0,33.0,0.0,3.0,3.09,3.83,1.29,155.7,124.7,1.79,1.06,9000
232,233.0,이현호,1992-07-14,Doosan Bears,2015,49.0,0.0,0.0,7.0,6.0,1.0,0.0,2.0,86.0,43.0,40.0,377.0,83.0,6.0,2.0,8.0,35.0,0.0,4.0,87.0,0.0,17.0,4.19,4.16,1.37,112.0,112.5,1.77,-0.18,3300
235,236.0,보니야,1990-06-18,Samsung Lions,2018,29.0,0.0,0.0,29.0,7.0,10.0,0.0,0.0,168.0,111.0,99.0,752.0,193.0,40.0,2.0,23.0,63.0,1.0,12.0,151.0,1.0,9.0,5.3,5.14,1.52,100.0,102.2,1.77,-1.92,5000
236,237.0,송승준,1980-06-29,Lotte Giants,2015,25.0,0.0,0.0,23.0,8.0,7.0,0.0,0.0,125.0,71.0,66.0,551.0,131.0,19.0,1.0,17.0,46.0,1.0,4.0,112.0,0.0,8.0,4.75,4.77,1.42,106.1,103.5,1.76,0.12,7500
237,238.0,조상우,1994-09-04,Kiwoom Heroes,2019,48.0,0.0,0.0,0.0,2.0,4.0,20.0,8.0,47.1,15.0,14.0,192.0,45.0,3.0,0.0,3.0,8.0,0.0,2.0,46.0,0.0,1.0,2.66,2.92,1.12,155.5,141.0,1.75,2.1,0
239,240.0,한현희,1993-06-25,Nexen Heroes,2017,38.0,0.0,0.0,13.0,5.0,6.0,5.0,5.0,106.2,61.0,53.0,457.0,105.0,22.0,2.0,14.0,17.0,0.0,17.0,79.0,0.0,3.0,4.47,4.92,1.14,111.2,99.3,1.74,-1.8,4500
239,240.0,한현희,1993-06-25,Nexen Heroes,2017,38.0,0.0,0.0,13.0,5.0,6.0,5.0,5.0,106.2,61.0,53.0,457.0,105.0,22.0,2.0,14.0,17.0,0.0,17.0,79.0,0.0,3.0,4.47,4.92,1.14,111.2,99.3,1.74,-1.8,6300
240,241.0,김세현,1987-08-07,Nexen Heroes,2015,57.0,1.0,1.0,4.0,4.0,5.0,0.0,6.0,90.1,47.0,44.0,389.0,90.0,12.0,3.0,14.0,28.0,0.0,7.0,85.0,0.0,6.0,4.38,4.91,1.31,113.5,101.5,1.74,-1.41,14500
241,242.0,장필준,1988-04-08,Samsung Lions,2019,61.0,0.0,0.0,0.0,3.0,3.0,11.0,15.0,69.2,29.0,28.0,302.0,64.0,12.0,1.0,7.0,33.0,3.0,3.0,53.0,0.0,4.0,3.62,4.61,1.39,120.0,92.5,1.74,0.79,2900
242,243.0,김상수,1988-01-02,Kiwoom Heroes,2019,67.0,0.0,0.0,0.0,3.0,5.0,0.0,40.0,56.2,19.0,18.0,238.0,50.0,6.0,0.0,3.0,28.0,1.0,2.0,60.0,0.0,0.0,2.86,3.51,1.38,144.8,117.7,1.73,1.04,3600
242,243.0,김상수,1988-01-02,Kiwoom Heroes,2019,67.0,0.0,0.0,0.0,3.0,5.0,0.0,40.0,56.2,19.0,18.0,238.0,50.0,6.0,0.0,3.0,28.0,1.0,2.0,60.0,0.0,0.0,2.86,3.51,1.38,144.8,117.7,1.73,1.04,4000
243,244.0,박치국,1998-03-10,Doosan Bears,2018,67.0,0.0,0.0,0.0,1.0,5.0,3.0,17.0,67.0,30.0,27.0,293.0,80.0,13.0,0.0,5.0,15.0,4.0,9.0,60.0,1.0,1.0,3.63,3.91,1.42,139.4,129.6,1.72,0.27,8500
244,245.0,노경은,1984-03-11,Lotte Giants,2020,25.0,1.0,0.0,24.0,5.0,10.0,0.0,0.0,133.0,76.0,72.0,574.0,139.0,31.0,1.0,19.0,40.0,2.0,3.0,77.0,0.0,3.0,4.87,5.18,1.35,100.0,92.7,1.7,-0.54,2700
245,246.0,이재학,1990-10-04,NC Dinos,2019,24.0,0.0,0.0,23.0,10.0,4.0,0.0,0.0,129.2,62.0,55.0,560.0,133.0,24.0,2.0,6.0,43.0,0.0,9.0,91.0,0.0,6.0,3.82,3.8,1.36,110.4,110.9,1.7,0.29,16500
246,247.0,김재윤,1990-09-16,Kia Tigers,2019,43.0,0.0,0.0,0.0,2.0,2.0,7.0,9.0,47.2,13.0,12.0,177.0,27.0,3.0,0.0,4.0,12.0,2.0,1.0,42.0,0.0,1.0,2.27,3.42,0.82,182.7,120.2,1.68,1.38,10000
248,249.0,윤규진,1984-07-28,Hanwha Eagles,2017,36.0,0.0,0.0,18.0,8.0,7.0,0.0,2.0,119.0,71.0,69.0,526.0,138.0,20.0,2.0,19.0,44.0,0.0,4.0,93.0,0.0,5.0,5.22,5.46,1.53,96.4,92.9,1.68,-0.29,5400
249,250.0,채병용,1982-04-25,SSG Landers,2016,68.0,0.0,0.0,0.0,6.0,3.0,2.0,9.0,83.2,43.0,40.0,345.0,77.0,14.0,1.0,9.0,29.0,1.0,3.0,67.0,0.0,2.0,4.3,4.7,1.27,121.3,111.5,1.67,1.93,10000
250,251.0,문승원,1989-11-28,SSG Landers,2017,29.0,1.0,0.0,29.0,6.0,12.0,0.0,0.0,155.1,98.0,92.0,695.0,181.0,32.0,2.0,25.0,54.0,1.0,11.0,86.0,1.0,5.0,5.33,5.96,1.51,94.4,85.1,1.67,-1.89,3000
253,254.0,임창민,1985-08-25,NC Dinos,2015,61.0,0.0,0.0,0.0,1.0,5.0,31.0,0.0,64.0,28.0,27.0,266.0,57.0,5.0,2.0,7.0,21.0,2.0,1.0,72.0,0.0,3.0,3.8,3.73,1.22,126.2,130.7,1.64,2.04,8900
254,255.0,구창모,1997-02-17,NC Dinos,2018,36.0,0.0,0.0,23.0,5.0,11.0,0.0,1.0,133.0,83.0,79.0,598.0,158.0,31.0,2.0,21.0,52.0,0.0,7.0,116.0,1.0,16.0,5.35,5.47,1.58,97.1,96.1,1.63,-1.07,3300
254,255.0,구창모,1997-02-17,NC Dinos,2018,36.0,0.0,0.0,23.0,5.0,11.0,0.0,1.0,133.0,83.0,79.0,598.0,158.0,31.0,2.0,21.0,52.0,0.0,7.0,116.0,1.0,16.0,5.35,5.47,1.58,97.1,96.1,1.63,-1.07,4000
258,259.0,전상현,1996-04-18,Kia Tigers,2020,47.0,0.0,0.0,0.0,2.0,2.0,15.0,13.0,47.2,21.0,13.0,198.0,35.0,6.0,1.0,4.0,22.0,0.0,0.0,64.0,0.0,2.0,2.45,3.35,1.2,195.5,145.0,1.61,1.87,11500
268,269.0,김진성,1985-03-07,NC Dinos,2016,69.0,0.0,0.0,0.0,6.0,8.0,1.0,14.0,84.1,44.0,42.0,347.0,79.0,11.0,3.0,15.0,16.0,0.0,2.0,100.0,1.0,8.0,4.48,4.37,1.13,113.6,116.9,1.52,-0.58,2800
275,276.0,장필준,1988-04-08,Samsung Lions,2018,61.0,0.0,0.0,0.0,5.0,5.0,6.0,13.0,66.1,35.0,32.0,290.0,65.0,15.0,1.0,6.0,25.0,2.0,6.0,74.0,0.0,0.0,4.34,4.09,1.36,122.2,127.5,1.49,-0.78,2900
281,282.0,박치국,1998-03-10,Doosan Bears,2020,63.0,0.0,0.0,0.0,4.0,4.0,0.0,6.0,71.2,34.0,23.0,317.0,65.0,12.0,2.0,5.0,34.0,4.0,5.0,66.0,0.0,1.0,2.89,4.09,1.38,160.4,113.5,1.46,-0.27,15500
282,283.0,김진성,1985-03-07,NC Dinos,2020,48.0,0.0,0.0,0.0,3.0,0.0,0.0,6.0,47.1,16.0,14.0,190.0,41.0,8.0,2.0,4.0,10.0,1.0,0.0,56.0,0.0,2.0,2.66,2.86,1.08,183.5,169.7,1.46,1.13,21500
283,284.0,이현승,1983-10-11,Doosan Bears,2017,57.0,0.0,0.0,0.0,3.0,2.0,5.0,9.0,52.0,23.0,23.0,235.0,62.0,9.0,2.0,4.0,16.0,3.0,4.0,38.0,0.0,0.0,3.98,4.25,1.5,120.9,113.6,1.45,-0.9,22000
285,286.0,차우찬,1987-05-31,LG Twins,2019,29.0,0.0,0.0,28.0,13.0,8.0,0.0,0.0,168.1,87.0,77.0,730.0,181.0,30.0,1.0,16.0,59.0,0.0,5.0,124.0,0.0,13.0,4.12,4.31,1.43,99.7,94.1,1.44,0.19,0
285,286.0,차우찬,1987-05-31,LG Twins,2019,29.0,0.0,0.0,28.0,13.0,8.0,0.0,0.0,168.1,87.0,77.0,730.0,181.0,30.0,1.0,16.0,59.0,0.0,5.0,124.0,0.0,13.0,4.12,4.31,1.43,99.7,94.1,1.44,0.19,15000
288,289.0,손승락,1982-03-04,Lotte Giants,2016,48.0,0.0,0.0,0.0,7.0,3.0,20.0,0.0,50.2,25.0,24.0,232.0,61.0,6.0,1.0,5.0,24.0,4.0,3.0,48.0,1.0,5.0,4.26,4.54,1.68,122.6,114.9,1.42,0.8,52500
290,291.0,장시환,1987-11-01,Hanwha Eagles,2020,26.0,0.0,0.0,26.0,4.0,14.0,0.0,0.0,132.2,81.0,74.0,603.0,139.0,27.0,1.0,15.0,74.0,0.0,8.0,115.0,0.0,10.0,5.02,5.15,1.61,94.2,93.1,1.4,-1.62,21000
292,293.0,우규민,1985-01-21,Samsung Lions,2018,48.0,0.0,0.0,0.0,4.0,1.0,0.0,10.0,58.2,28.0,28.0,246.0,70.0,12.0,0.0,6.0,12.0,1.0,5.0,48.0,0.0,0.0,4.3,4.34,1.4,123.5,120.6,1.39,-0.22,8000
296,297.0,김재윤,1990-09-16,Kia Tigers,2018,62.0,0.0,0.0,0.0,7.0,5.0,15.0,0.0,61.0,34.0,31.0,271.0,76.0,10.0,1.0,11.0,15.0,4.0,1.0,66.0,0.0,3.0,4.57,4.6,1.49,115.9,113.2,1.38,-0.37,10000
298,299.0,함덕주,1995-01-13,Doosan Bears,2015,68.0,0.0,0.0,0.0,7.0,2.0,2.0,16.0,61.2,30.0,25.0,278.0,52.0,10.0,1.0,4.0,46.0,1.0,2.0,76.0,1.0,2.0,3.65,4.28,1.59,128.5,111.0,1.35,3.07,12000
298,299.0,함덕주,1995-01-13,Doosan Bears,2015,68.0,0.0,0.0,0.0,7.0,2.0,2.0,16.0,61.2,30.0,25.0,278.0,52.0,10.0,1.0,4.0,46.0,1.0,2.0,76.0,1.0,2.0,3.65,4.28,1.59,128.5,111.0,1.35,3.07,6200
300,301.0,이용찬,1989-01-02,Doosan Bears,2019,26.0,0.0,0.0,26.0,7.0,10.0,0.0,0.0,148.1,75.0,67.0,651.0,168.0,28.0,2.0,15.0,45.0,3.0,6.0,102.0,0.0,3.0,4.07,4.31,1.44,101.0,93.9,1.35,0.09,29000
304,305.0,함덕주,1995-01-13,Doosan Bears,2020,36.0,0.0,0.0,6.0,5.0,1.0,10.0,2.0,55.1,25.0,24.0,240.0,55.0,7.0,0.0,2.0,21.0,2.0,0.0,55.0,0.0,7.0,3.9,3.07,1.37,118.7,152.5,1.34,-0.39,15500
304,305.0,함덕주,1995-01-13,Doosan Bears,2020,36.0,0.0,0.0,6.0,5.0,1.0,10.0,2.0,55.1,25.0,24.0,240.0,55.0,7.0,0.0,2.0,21.0,2.0,0.0,55.0,0.0,7.0,3.9,3.07,1.37,118.7,152.5,1.34,-0.39,15000
306,307.0,이영하,1997-11-01,Doosan Bears,2018,40.0,0.0,0.0,17.0,10.0,3.0,0.0,2.0,122.2,75.0,72.0,555.0,140.0,28.0,5.0,15.0,54.0,1.0,9.0,90.0,0.0,8.0,5.28,5.47,1.58,95.7,92.1,1.32,-1.25,6300
306,307.0,이영하,1997-11-01,Doosan Bears,2018,40.0,0.0,0.0,17.0,10.0,3.0,0.0,2.0,122.2,75.0,72.0,555.0,140.0,28.0,5.0,15.0,54.0,1.0,9.0,90.0,0.0,8.0,5.28,5.47,1.58,95.7,92.1,1.32,-1.25,0
307,308.0,장필준,1988-04-08,Samsung Lions,2017,56.0,0.0,0.0,0.0,4.0,8.0,21.0,3.0,67.1,37.0,35.0,307.0,82.0,9.0,2.0,6.0,26.0,3.0,4.0,82.0,0.0,3.0,4.68,3.66,1.6,108.4,137.0,1.3,-1.67,0
309,310.0,서폴드,1990-01-16,Hanwha Eagles,2020,28.0,1.0,1.0,28.0,10.0,13.0,0.0,0.0,165.0,107.0,90.0,734.0,203.0,30.0,3.0,19.0,42.0,0.0,13.0,97.0,0.0,10.0,4.91,4.88,1.49,96.3,98.2,1.3,-1.5,20000
310,311.0,최원준,1994-12-21,Doosan Bears,2019,34.0,0.0,0.0,3.0,1.0,2.0,1.0,4.0,54.1,17.0,16.0,228.0,52.0,12.0,1.0,1.0,16.0,1.0,4.0,38.0,0.0,1.0,2.65,3.29,1.25,154.9,125.5,1.29,-0.23,15500
315,316.0,박민호,1992-02-25,SSG Landers,2019,47.0,0.0,0.0,0.0,3.0,1.0,0.0,4.0,50.1,17.0,15.0,209.0,49.0,10.0,0.0,2.0,14.0,0.0,4.0,22.0,0.0,0.0,2.68,4.12,1.25,158.7,102.7,1.26,-0.28,19000
317,318.0,정우람,1985-06-01,Hanwha Eagles,2020,50.0,0.0,0.0,0.0,3.0,5.0,16.0,0.0,54.1,29.0,29.0,230.0,58.0,11.0,1.0,4.0,12.0,1.0,5.0,53.0,0.0,2.0,4.8,3.45,1.29,98.4,138.6,1.23,1.02,40000
317,318.0,정우람,1985-06-01,Hanwha Eagles,2020,50.0,0.0,0.0,0.0,3.0,5.0,16.0,0.0,54.1,29.0,29.0,230.0,58.0,11.0,1.0,4.0,12.0,1.0,5.0,53.0,0.0,2.0,4.8,3.45,1.29,98.4,138.6,1.23,1.02,23000
317,318.0,정우람,1985-06-01,Hanwha Eagles,2020,50.0,0.0,0.0,0.0,3.0,5.0,16.0,0.0,54.1,29.0,29.0,230.0,58.0,11.0,1.0,4.0,12.0,1.0,5.0,53.0,0.0,2.0,4.8,3.45,1.29,98.4,138.6,1.23,1.02,11000
318,319.0,이용찬,1989-01-02,Doosan Bears,2017,68.0,0.0,0.0,0.0,5.0,5.0,22.0,2.0,71.2,38.0,35.0,324.0,83.0,16.0,1.0,5.0,27.0,1.0,4.0,57.0,0.0,3.0,4.4,4.31,1.54,109.5,112.6,1.23,1.72,16000
332,333.0,장시환,1987-11-01,Lotte Giants,2019,27.0,0.0,0.0,27.0,6.0,13.0,0.0,0.0,125.1,78.0,69.0,570.0,147.0,29.0,1.0,12.0,58.0,1.0,2.0,109.0,0.0,17.0,4.95,4.32,1.64,84.6,97.2,1.18,-0.61,11500
333,334.0,심창민,1993-02-01,Samsung Lions,2015,61.0,0.0,0.0,0.0,6.0,3.0,0.0,9.0,67.1,32.0,32.0,280.0,54.0,13.0,0.0,7.0,24.0,1.0,5.0,91.0,0.0,2.0,4.28,3.51,1.16,115.4,139.8,1.17,0.05,0
336,337.0,박종훈,1991-08-13,SSG Landers,2015,33.0,0.0,0.0,23.0,6.0,8.0,0.0,0.0,118.0,74.0,68.0,530.0,123.0,27.0,0.0,7.0,53.0,1.0,17.0,105.0,0.0,5.0,5.19,4.36,1.49,93.1,110.4,1.17,-1.17,2900
336,337.0,박종훈,1991-08-13,SSG Landers,2015,33.0,0.0,0.0,23.0,6.0,8.0,0.0,0.0,118.0,74.0,68.0,530.0,123.0,27.0,0.0,7.0,53.0,1.0,17.0,105.0,0.0,5.0,5.19,4.36,1.49,93.1,110.4,1.17,-1.17,4500
336,337.0,박종훈,1991-08-13,SSG Landers,2015,33.0,0.0,0.0,23.0,6.0,8.0,0.0,0.0,118.0,74.0,68.0,530.0,123.0,27.0,0.0,7.0,53.0,1.0,17.0,105.0,0.0,5.0,5.19,4.36,1.49,93.1,110.4,1.17,-1.17,15000
336,337.0,박종훈,1991-08-13,SSG Landers,2015,33.0,0.0,0.0,23.0,6.0,8.0,0.0,0.0,118.0,74.0,68.0,530.0,123.0,27.0,0.0,7.0,53.0,1.0,17.0,105.0,0.0,5.0,5.19,4.36,1.49,93.1,110.4,1.17,-1.17,3800
348,349.0,라이블리,1992-03-05,Samsung Lions,2019,9.0,1.0,1.0,9.0,4.0,4.0,0.0,0.0,57.0,26.0,25.0,236.0,51.0,9.0,4.0,4.0,13.0,0.0,5.0,58.0,0.0,0.0,3.95,3.23,1.12,109.9,132.1,1.1,0.25,12000
350,351.0,윌슨,1989-09-25,LG Twins,2020,25.0,0.0,0.0,25.0,10.0,8.0,0.0,0.0,144.2,81.0,71.0,628.0,161.0,23.0,2.0,13.0,39.0,0.0,8.0,109.0,1.0,3.0,4.42,4.19,1.38,104.8,110.2,1.1,-0.67,120000
353,354.0,서진용,1992-10-02,SSG Landers,2020,63.0,0.0,0.0,0.0,2.0,7.0,8.0,12.0,61.0,33.0,28.0,264.0,52.0,4.0,1.0,11.0,34.0,1.0,1.0,56.0,0.0,7.0,4.13,5.74,1.41,116.8,85.4,1.09,-1.57,3000
355,356.0,한현희,1993-06-25,Kiwoom Heroes,2020,25.0,0.0,0.0,25.0,7.0,9.0,0.0,0.0,135.2,77.0,75.0,587.0,141.0,20.0,1.0,10.0,37.0,2.0,14.0,109.0,2.0,3.0,4.98,3.99,1.31,94.8,116.8,1.09,0.38,4700
358,359.0,신재웅,1982-03-28,SSG Landers,2017,32.0,0.0,0.0,0.0,0.0,1.0,2.0,4.0,31.0,11.0,11.0,126.0,23.0,6.0,1.0,3.0,15.0,0.0,0.0,29.0,0.0,1.0,3.19,4.57,1.23,157.6,110.4,1.07,0.36,19000
364,365.0,김태훈,1990-05-19,SSG Landers,2019,71.0,0.0,0.0,0.0,4.0,5.0,7.0,27.0,69.2,33.0,31.0,296.0,62.0,8.0,0.0,4.0,26.0,0.0,4.0,76.0,0.0,7.0,4.0,3.26,1.26,106.3,130.9,1.05,0.42,6500
366,367.0,김강률,1988-08-28,Doosan Bears,2018,65.0,0.0,0.0,0.0,5.0,0.0,6.0,11.0,76.0,42.0,39.0,317.0,72.0,10.0,0.0,7.0,24.0,1.0,3.0,81.0,0.0,6.0,4.62,3.93,1.26,109.4,128.3,1.04,1.51,9000
375,376.0,김재윤,1990-09-16,KT Wiz,2015,42.0,0.0,0.0,0.0,1.0,2.0,0.0,6.0,44.2,23.0,21.0,188.0,46.0,9.0,0.0,3.0,12.0,2.0,1.0,70.0,0.0,1.0,4.23,2.09,1.3,118.8,240.5,1.02,-0.84,12000
376,377.0,김재윤,1990-09-16,KT Wiz,2016,52.0,0.0,0.0,0.0,8.0,1.0,14.0,1.0,54.1,31.0,30.0,235.0,61.0,13.0,0.0,6.0,15.0,0.0,1.0,73.0,0.0,3.0,4.97,3.42,1.4,105.2,154.1,1.02,1.22,22000
376,377.0,김재윤,1990-09-16,KT Wiz,2016,52.0,0.0,0.0,0.0,8.0,1.0,14.0,1.0,54.1,31.0,30.0,235.0,61.0,13.0,0.0,6.0,15.0,0.0,1.0,73.0,0.0,3.0,4.97,3.42,1.4,105.2,154.1,1.02,1.22,0
387,388.0,박세웅,1995-11-30,Lotte Giants,2019,12.0,0.0,0.0,12.0,3.0,6.0,0.0,0.0,60.0,33.0,28.0,263.0,66.0,12.0,3.0,3.0,23.0,0.0,0.0,44.0,0.0,4.0,4.2,3.74,1.48,99.8,112.2,0.98,-0.45,23500
389,390.0,김상수,1988-01-02,Nexen Heroes,2018,58.0,0.0,0.0,0.0,2.0,3.0,18.0,14.0,55.2,32.0,32.0,239.0,53.0,10.0,0.0,9.0,23.0,2.0,1.0,68.0,0.0,6.0,5.17,4.68,1.37,99.6,108.5,0.97,-0.39,4000
389,390.0,김상수,1988-01-02,Nexen Heroes,2018,58.0,0.0,0.0,0.0,2.0,3.0,18.0,14.0,55.2,32.0,32.0,239.0,53.0,10.0,0.0,9.0,23.0,2.0,1.0,68.0,0.0,6.0,5.17,4.68,1.37,99.6,108.5,0.97,-0.39,2700
391,392.0,박세웅,1995-11-30,Lotte Giants,2016,27.0,0.0,0.0,27.0,7.0,12.0,0.0,0.0,139.0,97.0,89.0,627.0,160.0,31.0,3.0,17.0,62.0,0.0,6.0,133.0,0.0,9.0,5.76,4.94,1.6,90.7,105.7,0.95,-1.83,14500
391,392.0,박세웅,1995-11-30,Lotte Giants,2016,27.0,0.0,0.0,27.0,7.0,12.0,0.0,0.0,139.0,97.0,89.0,627.0,160.0,31.0,3.0,17.0,62.0,0.0,6.0,133.0,0.0,9.0,5.76,4.94,1.6,90.7,105.7,0.95,-1.83,0
394,395.0,장현식,1995-02-24,NC Dinos,2017,31.0,0.0,0.0,22.0,9.0,9.0,0.0,0.0,134.1,86.0,79.0,600.0,139.0,28.0,0.0,18.0,66.0,0.0,5.0,120.0,0.0,15.0,5.29,5.28,1.53,93.7,94.9,0.94,-1.06,4000
395,396.0,해커,1983-03-26,Nexen Heroes,2018,14.0,0.0,0.0,13.0,5.0,3.0,0.0,0.0,79.2,49.0,46.0,349.0,86.0,16.0,0.0,16.0,30.0,0.0,5.0,56.0,1.0,2.0,5.2,6.36,1.46,99.2,80.0,0.94,-0.9,9000
395,396.0,해커,1983-03-26,Nexen Heroes,2018,14.0,0.0,0.0,13.0,5.0,3.0,0.0,0.0,79.2,49.0,46.0,349.0,86.0,16.0,0.0,16.0,30.0,0.0,5.0,56.0,1.0,2.0,5.2,6.36,1.46,99.2,80.0,0.94,-0.9,14000
395,396.0,해커,1983-03-26,Nexen Heroes,2018,14.0,0.0,0.0,13.0,5.0,3.0,0.0,0.0,79.2,49.0,46.0,349.0,86.0,16.0,0.0,16.0,30.0,0.0,5.0,56.0,1.0,2.0,5.2,6.36,1.46,99.2,80.0,0.94,-0.9,100000
399,400.0,손승락,1982-03-04,Nexen Heroes,2015,58.0,0.0,0.0,0.0,4.0,6.0,23.0,0.0,61.1,35.0,26.0,272.0,73.0,7.0,1.0,6.0,13.0,2.0,3.0,63.0,0.0,1.0,3.82,3.52,1.4,130.4,141.6,0.92,-1.2,52500
401,402.0,박희수,1983-07-13,SSG Landers,2019,34.0,0.0,0.0,0.0,0.0,1.0,1.0,2.0,28.2,8.0,4.0,124.0,29.0,2.0,0.0,1.0,13.0,0.0,3.0,14.0,0.0,0.0,1.26,4.55,1.47,338.9,92.7,0.91,0.28,4200
410,411.0,권혁,1983-11-06,Hanwha Eagles,2015,78.0,0.0,0.0,0.0,9.0,13.0,17.0,6.0,112.0,68.0,62.0,506.0,124.0,21.0,1.0,15.0,53.0,7.0,5.0,88.0,1.0,5.0,4.98,5.15,1.58,100.0,95.7,0.87,-1.76,12500
414,415.0,김진성,1985-03-07,NC Dinos,2015,59.0,0.0,0.0,0.0,3.0,4.0,5.0,12.0,66.0,35.0,33.0,271.0,59.0,9.0,1.0,14.0,18.0,0.0,1.0,70.0,0.0,2.0,4.5,5.12,1.17,106.5,95.2,0.87,0.16,2800
415,416.0,니퍼트,1981-05-06,Doosan Bears,2015,20.0,0.0,0.0,16.0,6.0,5.0,0.0,0.0,90.0,54.0,51.0,404.0,104.0,21.0,0.0,4.0,33.0,0.0,4.0,76.0,0.0,4.0,5.1,3.74,1.52,91.9,128.0,0.86,-0.36,80000
415,416.0,니퍼트,1981-05-06,Doosan Bears,2015,20.0,0.0,0.0,16.0,6.0,5.0,0.0,0.0,90.0,54.0,51.0,404.0,104.0,21.0,0.0,4.0,33.0,0.0,4.0,76.0,0.0,4.0,5.1,3.74,1.52,91.9,128.0,0.86,-0.36,3000
422,423.0,송은범,1984-03-17,LG Twins,2020,56.0,0.0,0.0,1.0,4.0,2.0,2.0,6.0,56.0,29.0,28.0,247.0,66.0,8.0,1.0,4.0,19.0,1.0,3.0,28.0,0.0,2.0,4.5,4.61,1.52,102.8,101.0,0.85,-0.15,24000
429,430.0,박희수,1983-07-13,SSG Landers,2018,35.0,0.0,0.0,0.0,1.0,2.0,0.0,4.0,33.0,14.0,12.0,146.0,35.0,8.0,0.0,1.0,15.0,0.0,3.0,30.0,0.0,0.0,3.27,4.05,1.52,160.6,128.8,0.83,-0.95,4200
433,434.0,윤성환,1981-10-08,Samsung Lions,2019,27.0,1.0,1.0,27.0,8.0,13.0,0.0,0.0,145.1,87.0,77.0,643.0,168.0,34.0,3.0,14.0,50.0,0.0,7.0,65.0,0.0,3.0,4.77,4.94,1.5,91.0,86.3,0.82,-1.05,4500
433,434.0,윤성환,1981-10-08,Samsung Lions,2019,27.0,1.0,1.0,27.0,8.0,13.0,0.0,0.0,145.1,87.0,77.0,643.0,168.0,34.0,3.0,14.0,50.0,0.0,7.0,65.0,0.0,3.0,4.77,4.94,1.5,91.0,86.3,0.82,-1.05,16000
436,437.0,박상원,1994-09-09,Hanwha Eagles,2019,61.0,0.0,0.0,0.0,1.0,4.0,0.0,12.0,59.0,29.0,26.0,256.0,52.0,6.0,0.0,5.0,28.0,1.0,5.0,39.0,0.0,1.0,3.97,4.81,1.36,104.5,86.6,0.81,0.45,18800
442,443.0,김민우,1995-07-25,Hanwha Eagles,2015,36.0,0.0,0.0,8.0,1.0,3.0,0.0,0.0,70.0,41.0,40.0,314.0,67.0,13.0,0.0,5.0,38.0,3.0,10.0,50.0,0.0,5.0,5.14,5.04,1.5,96.9,97.7,0.79,-0.69,2800
443,444.0,박정진,1976-05-27,Hanwha Eagles,2017,55.0,0.0,0.0,0.0,3.0,2.0,1.0,7.0,48.0,28.0,21.0,205.0,38.0,6.0,0.0,6.0,24.0,0.0,3.0,51.0,0.0,3.0,3.94,4.92,1.29,127.7,103.0,0.79,0.52,18000
445,446.0,신재웅,1982-03-28,SSG Landers,2015,61.0,0.0,0.0,0.0,0.0,1.0,0.0,9.0,50.1,28.0,23.0,236.0,72.0,15.0,2.0,5.0,17.0,0.0,4.0,49.0,0.0,1.0,4.11,4.21,1.77,115.4,112.8,0.79,-0.61,30000
446,447.0,최채흥,1995-01-22,Samsung Lions,2018,8.0,0.0,0.0,4.0,4.0,1.0,0.0,0.0,28.0,11.0,10.0,120.0,30.0,5.0,1.0,5.0,8.0,0.0,1.0,25.0,0.0,0.0,3.21,5.33,1.36,165.0,98.9,0.78,0.06,11500
453,454.0,우규민,1985-01-21,LG Twins,2016,28.0,1.0,1.0,24.0,6.0,11.0,0.0,1.0,132.0,89.0,72.0,599.0,166.0,30.0,0.0,16.0,36.0,1.0,18.0,81.0,0.0,1.0,4.91,5.35,1.53,103.6,93.1,0.76,-2.01,11000
457,458.0,백정현,1987-07-13,Samsung Lions,2016,70.0,0.0,0.0,4.0,6.0,3.0,0.0,9.0,68.2,44.0,44.0,306.0,73.0,12.0,2.0,9.0,30.0,0.0,2.0,77.0,0.0,4.0,5.77,4.65,1.5,91.4,112.3,0.75,-0.8,3300
457,458.0,백정현,1987-07-13,Samsung Lions,2016,70.0,0.0,0.0,4.0,6.0,3.0,0.0,9.0,68.2,44.0,44.0,306.0,73.0,12.0,2.0,9.0,30.0,0.0,2.0,77.0,0.0,4.0,5.77,4.65,1.5,91.4,112.3,0.75,-0.8,20000
457,458.0,백정현,1987-07-13,Samsung Lions,2016,70.0,0.0,0.0,4.0,6.0,3.0,0.0,9.0,68.2,44.0,44.0,306.0,73.0,12.0,2.0,9.0,30.0,0.0,2.0,77.0,0.0,4.0,5.77,4.65,1.5,91.4,112.3,0.75,-0.8,4700
462,463.0,로저스,1985-08-14,Hanwha Eagles,2016,6.0,1.0,0.0,6.0,2.0,3.0,0.0,0.0,37.2,22.0,18.0,160.0,42.0,8.0,0.0,3.0,12.0,0.0,2.0,24.0,3.0,0.0,4.3,4.67,1.43,122.1,112.1,0.73,-0.46,25000
463,464.0,팻딘,1989-05-25,Kia Tigers,2018,36.0,0.0,0.0,21.0,6.0,7.0,0.0,2.0,129.1,96.0,90.0,588.0,174.0,29.0,1.0,23.0,27.0,2.0,4.0,101.0,0.0,3.0,6.26,5.26,1.55,82.0,98.1,0.72,-2.78,3000
469,470.0,윤희상,1985-05-17,SSG Landers,2018,46.0,0.0,0.0,1.0,1.0,2.0,1.0,7.0,51.0,29.0,29.0,211.0,55.0,5.0,1.0,8.0,7.0,1.0,2.0,44.0,0.0,1.0,5.12,4.62,1.22,102.7,115.4,0.71,-0.22,7000
470,471.0,김지용,1988-02-20,LG Twins,2015,24.0,0.0,0.0,0.0,1.0,1.0,0.0,0.0,32.2,15.0,15.0,137.0,30.0,10.0,0.0,4.0,12.0,2.0,1.0,28.0,0.0,2.0,4.13,4.5,1.29,113.6,102.8,0.71,-0.07,7700
478,479.0,박종훈,1991-08-13,SSG Landers,2016,28.0,0.0,0.0,28.0,8.0,13.0,0.0,0.0,140.0,102.0,88.0,650.0,141.0,24.0,3.0,17.0,91.0,0.0,23.0,104.0,0.0,4.0,5.66,6.33,1.66,92.3,82.6,0.69,-2.5,15000
478,479.0,박종훈,1991-08-13,SSG Landers,2016,28.0,0.0,0.0,28.0,8.0,13.0,0.0,0.0,140.0,102.0,88.0,650.0,141.0,24.0,3.0,17.0,91.0,0.0,23.0,104.0,0.0,4.0,5.66,6.33,1.66,92.3,82.6,0.69,-2.5,4500
478,479.0,박종훈,1991-08-13,SSG Landers,2016,28.0,0.0,0.0,28.0,8.0,13.0,0.0,0.0,140.0,102.0,88.0,650.0,141.0,24.0,3.0,17.0,91.0,0.0,23.0,104.0,0.0,4.0,5.66,6.33,1.66,92.3,82.6,0.69,-2.5,3800
479,480.0,박진우,1990-02-12,NC Dinos,2018,11.0,0.0,0.0,1.0,1.0,0.0,0.0,1.0,19.2,8.0,8.0,80.0,18.0,2.0,0.0,2.0,5.0,1.0,2.0,15.0,0.0,0.0,3.66,4.55,1.17,141.8,115.5,0.69,0.05,0
